date,dam,level_ft,inflow_cusecs,outflow_cusecs,as_of_time,source_title,source_url,published,quote
2025-09-17,Pong,1395.24,,,,"पौंग डैम का जलस्तर खतरे के निशान से ऊपर, बाढ़ का बना खतरा, स्कूलों में छुट्टी",https://www.etvbharat.com/hi/!state/pong-dam-water-level-above-danger-level-himachal-pradesh-news-hps25091801584,2025-09-18 12:06 IST,बुधवार को बांध का जलस्तर 1395.24 फीट तक चला गया था
2025-09-18,Pong,1394.85,,,morning,"पौंग डैम का जलस्तर खतरे के निशान से ऊपर, बाढ़ का बना खतरा, स्कूलों में छुट्टी",https://www.etvbharat.com/hi/!state/pong-dam-water-level-above-danger-level-himachal-pradesh-news-hps25091801584,2025-09-18 12:06 IST,गुरुवार सुबह जलस्तर 1394.85 फीट दर्ज किया गया
2025-09-18,Pong,1394.88,,,morning,"पौंग डैम का जलस्तर खतरे के निशान से ऊपर, बाढ़ का बना खतरा, स्कूलों में छुट्टी",https://www.etvbharat.com/hi/!state/pong-dam-water-level-above-danger-level-himachal-pradesh-news-hps25091801584,2025-09-18 12:06 IST,सुबह तक 1394.88 फीट रहा
2025-09-18,Pong,,37248,59845,06:00,"पौंग डैम का जलस्तर खतरे के निशान से ऊपर, बाढ़ का बना खतरा, स्कूलों में छुट्टी",https://www.etvbharat.com/hi/!state/pong-dam-water-level-above-danger-level-himachal-pradesh-news-hps25091801584,2025-09-18 12:06 IST,"इनफ्लो 37,248 क्यूसेक और आउटफ्लो 59,845 क्यूसेक रहा"
2025-09-18,Pong,,59845,59845,09:00,"पौंग डैम का जलस्तर खतरे के निशान से ऊपर, बाढ़ का बना खतरा, स्कूलों में छुट्टी",https://www.etvbharat.com/hi/!state/pong-dam-water-level-above-danger-level-himachal-pradesh-news-hps25091801584,2025-09-18 12:06 IST,"इनफ्लो और आउटफ्लो दोनों 59,845 क्यूसेक दर्ज किए गए"
2025-08-08,Pong,1376.04,,,morning,"तीसरे दिन भी खोले गए पौंग बांध के गेट, छोड़ा जा रहा 40,055 क्यूसेक पानी",https://www.etvbharat.com/hi/!state/kangra-water-released-from-pong-dam-on-third-day-also-himachal-pradesh-news-hps25080802375,2025-08-08 14:02 IST,आज सुबह डैम में 1376.04 फीट जल स्तर दर्ज किया गया
2025-08-08,Pong,,,40055,,"तीसरे दिन भी खोले गए पौंग बांध के गेट, छोड़ा जा रहा 40,055 क्यूसेक पानी",https://www.etvbharat.com/hi/!state/kangra-water-released-from-pong-dam-on-third-day-also-himachal-pradesh-news-hps25080802375,2025-08-08 14:02 IST,"40,055 क्यूसेक पानी पौंग बांध से छोड़ा जा रहा है"
2025-08-28,Pong,1393,,94800,14:50,"अब पौंग डैम से एक लाख क्यूसेक से अधिक पानी छोड़े जाने का ऐलान, कई गांव जलमग्न, मंडरा रहा ये खतरा",https://www.etvbharat.com/hi/!state/pong-dam-water-released-more-than-one-lakh-cusecs-kangra-flood-in-many-villages-bhakra-beas-management-board-himachal-pradesh-news-hps25082802915,2025-08-28 15:35 IST,गुरुवार दोपहर 2:50 बजे पौंग बांध का जलस्तर 1393 फीट के ऊपर था और 94800 क्यूसेक पानी बीबीएमबी द्वारा छोड़ा जा चुका था
2025-08-28,Pong,1392.99,,99700,16:30,"अब पौंग डैम से एक लाख क्यूसेक से अधिक पानी छोड़े जाने का ऐलान, कई गांव जलमग्न, मंडरा रहा ये खतरा",https://www.etvbharat.com/hi/!state/pong-dam-water-released-more-than-one-lakh-cusecs-kangra-flood-in-many-villages-bhakra-beas-management-board-himachal-pradesh-news-hps25082802915,2025-08-28 15:35 IST,"शाम 4:30 बजे पौंग बांध से 99,700 क्यूसेक पानी छोड़ा गया और पौंग बांध का जलस्तर 1392.99 फीट था"
2023-08-14,Pong,,513000,,08:00,"Pong Dam Kangra: खतरे के निशान से ऊपर पौंग बांध का जलस्तर, आज शाम 4 बजे तक ब्यास नदी में छोड़ा गया 68 हजार क्यूसेक पानी",https://www.etvbharat.com/hindi/himachal-pradesh/state/kangra/pong-dam-kangra-pong-dam-water-level-reached-6-feet-above-the-danger-mark-till-this-evening-68-thousand-cusecs-of-water-was-released-in-beas-river/hp20230814185140243243511,2023-08-14 18:51 IST,पानी की आमद 5.13 लाख क्यूसेक से अधिक दर्ज की गई है
2023-08-14,Pong,,680000,,afternoon,"Pong Dam Kangra: खतरे के निशान से ऊपर पौंग बांध का जलस्तर, आज शाम 4 बजे तक ब्यास नदी में छोड़ा गया 68 हजार क्यूसेक पानी",https://www.etvbharat.com/hindi/himachal-pradesh/state/kangra/pong-dam-kangra-pong-dam-water-level-reached-6-feet-above-the-danger-mark-till-this-evening-68-thousand-cusecs-of-water-was-released-in-beas-river/hp20230814185140243243511,2023-08-14 18:51 IST,पानी की आमद बढ़कर 6.80 लाख क्यूसेक हो गई है
2023-08-14,Pong,,,68000,16:00,"Pong Dam Kangra: खतरे के निशान से ऊपर पौंग बांध का जलस्तर, आज शाम 4 बजे तक ब्यास नदी में छोड़ा गया 68 हजार क्यूसेक पानी",https://www.etvbharat.com/hindi/himachal-pradesh/state/kangra/pong-dam-kangra-pong-dam-water-level-reached-6-feet-above-the-danger-mark-till-this-evening-68-thousand-cusecs-of-water-was-released-in-beas-river/hp20230814185140243243511,2023-08-14 18:51 IST,शाम 4 बजे तक 68 हजार क्यूसेक पानी ब्यास नदी में छोड़ा गया है
2026-07-18,Pong,1321,,,,Kangra News: पौंग बांध का जलस्तर 11 दिन में 12 फीट बढ़ा,https://www.amarujala.com/himachal-pradesh/kangra/the-water-level-of-pong-dam-rose-by-12-feet-in-11-days-kangra-news-c-95-1-kng1047-247502-2026-07-30,2026-07-30 01:30 IST,18 जुलाई को पौंग बांध का जलस्तर 1321 फीट था
2026-07-29,Pong,1333.87,61210,10913,06:00,Kangra News: पौंग बांध का जलस्तर 11 दिन में 12 फीट बढ़ा,https://www.amarujala.com/himachal-pradesh/kangra/the-water-level-of-pong-dam-rose-by-12-feet-in-11-days-kangra-news-c-95-1-kng1047-247502-2026-07-30,2026-07-30 01:30 IST,"29 जुलाई सुबह 6 बजे बढ़कर 1333.87 फीट पहुंच गया; ब्यास और अन्य सहायक नदियों से बांध में 61,210 क्यूसेक पानी की आवक हो रही है; 10,913 क्यूसेक पानी छोड़ा जा रहा है"
2023-08-13,Bhakra,1671.27,,,,"खतरे की घंटी! भाखड़ा डैम के फ्लड गेट खोले गए, खतरे के निशान से महज इतना फीट नीचे वाटर लेवल",https://www.etvbharat.com/hindi/himachal-pradesh/state/bilaspur/bhakra-dam-flood-gates-open-update-bhakra-beas-management-board/hp20230813164413182182459,2023-08-13 16:44 IST,भाखड़ा डैम का आज का जलस्तर 1671.27 फीट पर जा पहुंचा
2023-08-13,Bhakra,,76429,,,"खतरे की घंटी! भाखड़ा डैम के फ्लड गेट खोले गए, खतरे के निशान से महज इतना फीट नीचे वाटर लेवल",https://www.etvbharat.com/hindi/himachal-pradesh/state/bilaspur/bhakra-dam-flood-gates-open-update-bhakra-beas-management-board/hp20230813164413182182459,2023-08-13 16:44 IST,"भाखड़ा डैम में पानी की आमद 76429, क्यूसेक दर्ज की गई"
2023-08-13,Bhakra,,,41816,,"खतरे की घंटी! भाखड़ा डैम के फ्लड गेट खोले गए, खतरे के निशान से महज इतना फीट नीचे वाटर लेवल",https://www.etvbharat.com/hindi/himachal-pradesh/state/bilaspur/bhakra-dam-flood-gates-open-update-bhakra-beas-management-board/hp20230813164413182182459,2023-08-13 16:44 IST,"भाखड़ा डैम से टरबाइनों के माध्यम से 41816, क्यूसेक पानी ही छोड़ा गया"
2026-08-27,Bhakra,1634.22,30452,25518,,Bilaspur News: भाखड़ा बांध में पिछले साल से 37 फीट कम पानी,https://www.amarujala.com/himachal-pradesh/bilaspur/water-level-in-bhakra-dam-is-37-feet-lower-than-last-year-bilaspur-news-c-92-1-ssml1001-166440-2026-08-28,2026-08-28 00:48 IST,"27 अगस्त को बांध का जलस्तर 1634.22 फीट दर्ज किया गया; वीरवार को भाखड़ा बांध में पानी की आवक 30,452 क्यूसेक रही; वीरवार को भाखड़ा बांध से 25,518 क्यूसेक पानी छोड़ा गया"
2025-08-27,Bhakra,1671.49,58997,43635,,Bilaspur News: भाखड़ा बांध में पिछले साल से 37 फीट कम पानी,https://www.amarujala.com/himachal-pradesh/bilaspur/water-level-in-bhakra-dam-is-37-feet-lower-than-last-year-bilaspur-news-c-92-1-ssml1001-166440-2026-08-28,2026-08-28 00:48 IST,"पिछले साल इसी तारीख को जलस्तर 1671.49 फीट, आवक 58,997 क्यूसेक और छोड़ा गया पानी 43,635 क्यूसेक था (यर-ऑन-यर तुलना)"
2026-07-15,Bhakra,1580,40426,26146,,22 फीट बढ़ा भाखड़ा का जलस्तर: पिछले साल से फिर भी नीचे...,https://www.amarujala.com/punjab/chandigarh-punjab/bhakra-water-level-rises-by-22-feet-in-14-days-water-crisis-could-deepen-across-three-states-chandigarh-2026-07-15,2026-07-15 10:58 IST,"जो अब बढ़कर 1580 फीट पहुंच गया है; भाखड़ा में 40,426 क्यूसेक पानी की आवक हो रही है; 26,146 क्यूसिक पानी छोड़ा जा रहा है"
2026-07-01,Bhakra,1558,,,,22 फीट बढ़ा भाखड़ा का जलस्तर: पिछले साल से फिर भी नीचे...,https://www.amarujala.com/punjab/chandigarh-punjab/bhakra-water-level-rises-by-22-feet-in-14-days-water-crisis-could-deepen-across-three-states-chandigarh-2026-07-15,2026-07-15 10:58 IST,"दो सप्ताह पहले भाखड़ा का जलस्तर 1558 फीट दर्ज किया गया था (date approximate, 'two weeks before 15 July')"
2025-07-15,Bhakra,1593,,,,22 फीट बढ़ा भाखड़ा का जलस्तर: पिछले साल से फिर भी नीचे...,https://www.amarujala.com/punjab/chandigarh-punjab/bhakra-water-level-rises-by-22-feet-in-14-days-water-crisis-could-deepen-across-three-states-chandigarh-2026-07-15,2026-07-15 10:58 IST,पिछले साल इसी दिन बांध का जलस्तर 1593 फीट बना हुआ था
2026-06-29,Bhakra,1554.85,22734,29650,morning,Una News: बीते वर्ष के मुकाबले भाखड़ा बांध के जलस्तर में आई 16 फीट की गिरावट,https://www.amarujala.com/himachal-pradesh/una/16-foot-drop-in-bhakra-dams-water-level-compared-to-last-year-una-news-c-93-1-una1026-196838-2026-06-30,2026-06-30 00:50 IST,22734 क्यूसेक पानी की आमद के साथ भाखड़ा डैम के पीछे बनी गोबिंद सागर झील का जलस्तर 1554.85 फीट तक जा पंहुचा
2025-06-29,Bhakra,1570.86,46103,,,Una News: बीते वर्ष के मुकाबले भाखड़ा बांध के जलस्तर में आई 16 फीट की गिरावट,https://www.amarujala.com/himachal-pradesh/una/16-foot-drop-in-bhakra-dams-water-level-compared-to-last-year-una-news-c-93-1-una1026-196838-2026-06-30,2026-06-30 00:50 IST,46103 क्यूसेक पानी की आमद के साथ भाखड़ा डैम का जलस्तर 1570.86 फीट दर्ज किया गया था
2025-07-28,Bhakra,1617.50,45857,25384,,"Una News: भाखड़ा बांध का जलस्तर बढ़ा, खतरे के निशान के करीब",https://www.amarujala.com/himachal-pradesh/una/bhakra-dam-water-level-rises-close-to-danger-mark-una-news-c-93-1-ssml1048-160790-2025-07-29,2025-07-29 19:39 IST,"सोमवार को झील में पानी की आमद 45,857 क्यूसेक दर्ज की गई, जिससे जलस्तर 1617.50 फीट पहुंच गया; टरबाइन से 25,384 क्यूसेक छोड़ा"
2024-07-28,Bhakra,1605.70,,,,"Una News: भाखड़ा बांध का जलस्तर बढ़ा, खतरे के निशान के करीब",https://www.amarujala.com/himachal-pradesh/una/bhakra-dam-water-level-rises-close-to-danger-mark-una-news-c-93-1-ssml1048-160790-2025-07-29,2025-07-29 19:39 IST,"प्रति वर्ष इसी तारीख को जलस्तर 1,605.70 फीट था (year-on-year comparison, date approximate)"
2025-09-03,Bhakra,1679,,,,Bilaspur News: भाखड़ा बांध का जलस्तर खतरे के निशान के सिर्फ 1 फीट नीचे,https://www.amarujala.com/himachal-pradesh/bilaspur/the-water-level-of-bhakra-dam-is-just-1-foot-below-the-danger-mark-bilaspur-news-c-92-1-ssml1001-143703-2025-09-04,2025-09-04 23:53 IST,भाखड़ा बांध का जलस्तर...बुधवार को यह 1679 फीट तक पहुंच गया
2025-09-04,Bhakra,,,85000,,Bilaspur News: भाखड़ा बांध का जलस्तर खतरे के निशान के सिर्फ 1 फीट नीचे,https://www.amarujala.com/himachal-pradesh/bilaspur/the-water-level-of-bhakra-dam-is-just-1-foot-below-the-danger-mark-bilaspur-news-c-92-1-ssml1001-143703-2025-09-04,2025-09-04 23:53 IST,वीरवार को 85 हजार क्यूसेक पानी छोड़ा
2023-08-14,Bhakra,1675,109834,46827,10:00,"हिमाचल में भारी बारिश का असर: भाखड़ा बांध का जलस्तर 1675 फीट पहुंचा, खतरे के निशान से मात्र पांच फीट नीचे",https://www.amarujala.com/chandigarh/water-level-of-bhakra-dam-reached-1675-feet-2023-08-14,2023-08-14 19:53 IST,भाखड़ा डैम में सोमवार सुबह 10 बजे एक लाख 9834 क्यूसेक पानी की आमद के साथ ही डैम का जलस्तर 1675 फीट तक पहुंच गया
2023-08-13,Bhakra,,,19900,,"हिमाचल में भारी बारिश का असर: भाखड़ा बांध का जलस्तर 1675 फीट पहुंचा, खतरे के निशान से मात्र पांच फीट नीचे",https://www.amarujala.com/chandigarh/water-level-of-bhakra-dam-reached-1675-feet-2023-08-14,2023-08-14 19:53 IST,रविवार को नंगल डैम से सतलुज नदी में 19900 क्यूसेक पानी छोड़ा जा रहा था
2023-08-14,Bhakra,,,28000,,"हिमाचल में भारी बारिश का असर: भाखड़ा बांध का जलस्तर 1675 फीट पहुंचा, खतरे के निशान से मात्र पांच फीट नीचे",https://www.amarujala.com/chandigarh/water-level-of-bhakra-dam-reached-1675-feet-2023-08-14,2023-08-14 19:53 IST,इसे बढ़ाकर 28 हजार क्यूसेक कर दिया गया है (नंगल डैम)
2025-09-15,Pong,,80000,40000,,"पौंग डैम का जलस्तर घटा, निचले इलाकों के लिए राहत, जल्द पटरी पर लौटेगी जिंदगी",https://www.etvbharat.com/hi/!state/pong-dam-water-level-decreased-kangra-rain-disaster-himachal-pradesh-news-hps25091502524,2025-09-15 14:38 IST,पौंग डैम में अब पानी का इनफ्लो हर रोज 80 हजार क्यूसेक आ रहा है; पौंग डैम से हर रोज 40 हजार क्यूसेक पानी ही स्लीपवे के जरिए से छोड़ा जाए
2024-08-12,Pong,1346.42,59830,7110,11:00,"Kangra News: 1,346 फीट तक पहुंचा पौंग का जलस्तर, खतरे के निशान के महज 44 फीट नीचे",https://www.amarujala.com/himachal-pradesh/kangra/pongs-water-level-reached-1346-feet-just-44-feet-below-the-danger-mark-kangra-news-c-95-1-kng1002-143127-2024-08-13,2024-08-13 01:50 IST,"कांगड़ा जिले के पौंग बांध में सोमवार दोपहर तक जलस्तर बढ़कर 1346.42 फीट हो गया है; पौंग डैम में 12 अगस्त को सुबह 11 बजे पानी की आवक 59,830 क्यूसिक है, जबकि 7,110 क्यूसिक पानी छोड़ा जा रहा है"
2024-08-01,Pong,1321.07,,,,"Kangra News: 1,346 फीट तक पहुंचा पौंग का जलस्तर, खतरे के निशान के महज 44 फीट नीचे",https://www.amarujala.com/himachal-pradesh/kangra/pongs-water-level-reached-1346-feet-just-44-feet-below-the-danger-mark-kangra-news-c-95-1-kng1002-143127-2024-08-13,2024-08-13 01:50 IST,पौंग में इस साल पहली अगस्त को 1321.07 फीट जलस्तर था
2023-08-12,Pong,1374.20,,,,"Kangra News: 1,346 फीट तक पहुंचा पौंग का जलस्तर, खतरे के निशान के महज 44 फीट नीचे",https://www.amarujala.com/himachal-pradesh/kangra/pongs-water-level-reached-1346-feet-just-44-feet-below-the-danger-mark-kangra-news-c-95-1-kng1002-143127-2024-08-13,2024-08-13 01:50 IST,12 अगस्त 2023 को जलस्तर 1374.20 फीट था (year-on-year comparison)
2025-08-01,Pong,1360,,,,"Kangra News: पौंग बांध का जलस्तर खतरे के निशान के करीब, कभी भी छोड़ा जा सकता है पानी",https://www.amarujala.com/himachal-pradesh/kangra/pong-dam-water-level-is-close-to-danger-mark-water-can-be-released-anytime-kangra-news-c-95-1-ssml1020-188797-2025-08-01,2025-08-02 08:32 IST,लगातार हो रही बारिश के कारण पौंग बांध का जलस्तर शुक्रवार को 1360 फीट तक पहुंच गया
2025-08-03,Pong,1361.07,87586,18995,morning,"पोंग बांध में जलस्तर खतरे के निशान के करीब, BBMB 18,995 क्यूसेक पानी छोड़ेगा",https://jantaserishta.com/local/himachal-pradesh/water-level-in-pong-dam-close-to-danger-mark-bbmb-to-release-18995-cusecs-of-water-4189489,2025-08-03 19:42 IST,"शनिवार सुबह जलाशय का जलस्तर 1,361.07 फीट तक पहुँच गया; आज सुबह 87,586 क्यूसेक का औसत जलप्रवाह दर्ज किया गया; बीबीएमबी ने टर्बाइनों के ज़रिए 18,995 क्यूसेक पानी छोड़ने का आदेश दिया"
2025-07-21,Bhakra,1600.16,43671,25567,,Una News: भाखड़ा बांध का जलस्तर 1600 फीट के ऊपर पहुंचा,https://www.amarujala.com/himachal-pradesh/una/the-water-level-of-bhakra-dam-reached-above-1600-feet-una-news-c-93-1-ssml1048-159901-2025-07-21,2025-07-22 07:12 IST,"सोमवार को भाखड़ा बांध के पीछे बनी गोबिंद सागर झील में पानी की आमद 43671 क्यूसेक दर्ज की गई, जिससे बांध का जलस्तर 1600.16 फीट जा पंहुच गया है; टरबाइन से बिजली उत्पादन हेतु 25,567 क्यूसेक छोड़ा गया"
2024-07-21,Bhakra,1597.97,,,,Una News: भाखड़ा बांध का जलस्तर 1600 फीट के ऊपर पहुंचा,https://www.amarujala.com/himachal-pradesh/una/the-water-level-of-bhakra-dam-reached-above-1600-feet-una-news-c-93-1-ssml1048-159901-2025-07-21,2025-07-22 07:12 IST,"July 21, 2024: Water level was 1597.97 feet (year-on-year comparison stated in article)"
2025-08-25,Ranjit Sagar,527m,,,,"Punjab Flood Alert सतलुज-रावी का जलस्तर बढ़ा, कई बांधों से पानी छोड़ा गया",https://www.dainiktribuneonline.com/news/punjab/punjab-flood-alert-water-level-of-sutlej-ravi-increased-water-was-released-from-many-dams/,2025-08-26 15:50 IST,"जम्मू-कश्मीर में बारिश के बाद रणजीत सागर डैम का जलस्तर 527 मीटर पर पहुंच गया है (date approximate, ambiguous - around 25 Aug 2025, Monday referenced in article)"
2026-06-09,Bhakra,1578.07,,,,"बारिश से पहले बढ़ा भाखड़ा का जलस्तर, पंजाब में बाढ़ को लेकर बढ़ी चिंता",https://lalluram.com/bbmb-advisory-bhakra-reservoir-water-level-punjab-flood-concern/,2026-06-10 17:32 IST,"बोर्ड द्वारा जारी आंकड़ों के अनुसार 9 जून को भाखड़ा जलाशय का जलस्तर 1,578.07 फीट दर्ज किया गया"
2025-06-09,Bhakra,1556.60,,,,"बारिश से पहले बढ़ा भाखड़ा का जलस्तर, पंजाब में बाढ़ को लेकर बढ़ी चिंता",https://lalluram.com/bbmb-advisory-bhakra-reservoir-water-level-punjab-flood-concern/,2026-06-10 17:32 IST,"पिछले वर्ष इसी दिन यह 1,556.60 फीट था"
2026-06-14,Bhakra,1575.74,22581,36568,06:00,ਭਾਖੜਾ ਡੈਮ ਅਪਡੇਟ: ਮੰਗ ਵਧਣ ਕਾਰਨ 3 ਦਿਨਾਂ 'ਚ 0.81 ਫੁੱਟ ਘਟਿਆ ਪਾਣੀ ਦਾ ਪੱਧਰ,https://www.punjabijagran.com/punjab/ropar-bhakra-dam-water-level-drops-by-0-81-feet-in-3-days-as-outflow-exceeds-inflow-9643089.html,2026-06-15 09:38 IST,ਭਾਖੜਾ ਬਿਆਸ ਪ੍ਰਬੰਧ ਬੋਰਡ (ਬੀਬੀਐੱਮਬੀ) ਵੱਲੋਂ 14 ਜੂਨ 2026 ਸਵੇਰੇ 6 ਵਜੇ ਤੱਕ ਜਾਰੀ ਕੀਤੇ ਅੰਕੜਿਆਂ ਅਨੁਸਾਰ ਭਾਖੜਾ ਡੈਮ 'ਚ ਜਲ ਪੱਧਰ 1575.74 ਫੁੱਟ ਦਰਜ ਕੀਤਾ ਗਿਆ; ਡੈਮ ਵਿੱਚ 22581 ਕਿਊਸਿਕ ਪਾਣੀ ਦੀ ਆਮਦ ਹੋ ਰਹੀ ਹੈ; 36568 ਕਿਊਸਿਕ ਪਾਣੀ ਛੱਡਿਆ ਜਾ ਰਿਹਾ ਹੈ
2024-08-02,Bhakra,1610.41,56073,30868,06:00,"1610.41 ਫੁੱਟ ਤੇ ਪਹੁੰਚਿਆਂ ਭਾਖੜਾ ਡੈਮ 'ਚ ਪਾਣੀ ਦਾ ਪੱਧਰ, ਬੀਤੇ ਵਰ੍ਹੇ ਦੇ ਮੁਕਾਬਲੇ 52.59 ਫੁੱਟ ਹੇਠਾ ਹੈ ਪਾਣੀ ਦਾ ਪੱਧਰ",https://www.punjabijagran.com/punjab/roparnawanshahr-the-water-level-in-bhakra-dam-has-reached-1610-41-feet-the-water-level-is-52-59-feet-lower-than-last-year-9389311.html,2024-08-02 20:14 IST,ਭਾਖੜਾ ਡੈਮ 'ਚ ਪਾਣੀ ਦਾ ਪੱਧਰ 1610.41 ਫੁੱਟ ਸੀ; ਡੈਮ ਚ 56073 ਕਿਉਸਿਕ ਫੁੱਟ ਪਾਣੀ ਦੀ ਆਮਦ ਦਰਜ ਕੀਤੀ ਗਈ; ਡੈਮ ਤੋਂ 30868 ਕਿਉਸਿਕ ਫੁੱਟ ਪਾਣੀ ਸਤਲੁਜ ਵਿੱਚ ਛੱਡਿਆ ਗਿਆ
2023-08-02,Bhakra,1663,,,,"1610.41 ਫੁੱਟ ਤੇ ਪਹੁੰਚਿਆਂ ਭਾਖੜਾ ਡੈਮ 'ਚ ਪਾਣੀ ਦਾ ਪੱਧਰ, ਬੀਤੇ ਵਰ੍ਹੇ ਦੇ ਮੁਕਾਬਲੇ 52.59 ਫੁੱਟ ਹੇਠਾ ਹੈ ਪਾਣੀ ਦਾ ਪੱਧਰ",https://www.punjabijagran.com/punjab/roparnawanshahr-the-water-level-in-bhakra-dam-has-reached-1610-41-feet-the-water-level-is-52-59-feet-lower-than-last-year-9389311.html,2024-08-02 20:14 IST,"For the same date in 2023, the water level was 1663 feet (52.59 feet higher than 2024, per article's year-on-year comparison)"
2026-06-13,Bhakra,1576.22,19074,23150,,Bhakra Dam Water Level: ਭਾਖੜਾ ਡੈਮ ਵਿੱਚ ਪਾਣੀ ਦਾ ਪੱਧਰ 1576.22 ਫੁੱਟ ਤੱਕ ਪੁੱਜਿਆ,https://www.punjabitribuneonline.com/news/punjab/water-level-in-bhakra-dam-reaches-1576-22-feet/,2026-06-13 05:45 IST,ਭਾਖੜਾ ਡੈਮ 'ਚ ਪਾਣੀ ਦਾ ਪੱਧਰ ਅੱਜ 1576.22 ਫੁੱਟ ਦਰਜ ਕੀਤਾ ਗਿਆ
2025-06-13,Bhakra,1554.84,,,,Bhakra Dam Water Level: ਭਾਖੜਾ ਡੈਮ ਵਿੱਚ ਪਾਣੀ ਦਾ ਪੱਧਰ 1576.22 ਫੁੱਟ ਤੱਕ ਪੁੱਜਿਆ,https://www.punjabitribuneonline.com/news/punjab/water-level-in-bhakra-dam-reaches-1576-22-feet/,2026-06-13 05:45 IST,ਪਿਛਲੇ ਸਾਲ ਅੱਜ ਦੇ ਦਿਨ ਭਾਖੜਾ ਡੈਮ ਵਿੱਚ ਅੱਜ ਦੇ ਦਿਨ ਪਾਣੀ ਦਾ ਪੱਧਰ 1554.84 ਫੁੱਟ ਸੀ
2026-06-13,Pong,1326.52,,,,Bhakra Dam Water Level: ਭਾਖੜਾ ਡੈਮ ਵਿੱਚ ਪਾਣੀ ਦਾ ਪੱਧਰ 1576.22 ਫੁੱਟ ਤੱਕ ਪੁੱਜਿਆ,https://www.punjabitribuneonline.com/news/punjab/water-level-in-bhakra-dam-reaches-1576-22-feet/,2026-06-13 05:45 IST,ਪੌਂਡ ਡੈਮ ਵਿੱਚ ਵੀ ਪਾਣੀ ਦਾ ਪੱਧਰ ਅੱਜ 1326.52 ਫੁੱਟ ਦਰਜ ਕੀਤਾ ਗਿਆ
2025-06-13,Pong,1290.81,,,,Bhakra Dam Water Level: ਭਾਖੜਾ ਡੈਮ ਵਿੱਚ ਪਾਣੀ ਦਾ ਪੱਧਰ 1576.22 ਫੁੱਟ ਤੱਕ ਪੁੱਜਿਆ,https://www.punjabitribuneonline.com/news/punjab/water-level-in-bhakra-dam-reaches-1576-22-feet/,2026-06-13 05:45 IST,Pong dam prior year level 1290.81 feet (year-on-year comparison stated in article)
2024-06-30,Bhakra,1585.83,34162,29693,,ਭਾਖੜਾ ਡੈਮ 'ਚ ਪਾਣੀ ਦਾ ਪੱਧਰ 1585.83 ਫੁੱਟ 'ਤੇ ਪੁੱਜਾ,https://www.rozanaspokesman.in/news/punjab/010724/the-water-level-in-bhakra-dam-reached-158583-feet.html,2024-07-01 10:07 IST,ਭਾਖੜਾ ਡੈਮ 'ਚ ਪਾਣੀ ਦਾ ਪੱਧਰ 1583.83 ਫੁੱਟ ਤੱਕ ਪੁੱਜ ਗਿਆ; ਪਾਣੀ ਦੀ ਆਵਕ 34162 ਕਿਊਸਿਕ ਫੁੱਟ ਕੀਤੀ ਗਈ; 29693 ਕਿਊਸਿਕ ਫੁੱਟ ਪਾਣੀ ਛੱਡਿਆ ਜਾ ਰਿਹਾ ਹੈ
2026-07-22,Bhakra,1587.12,36866,,,"Bhakra Dam Water Level: ਭਾਖੜਾ, ਪੌਂਗ ਅਤੇ ਪੰਡੋਹ ਡੈਮਾਂ ਵਿੱਚ ਪਾਣੀ ਦੀ ਆਮਦ ਘੱਟ",https://www.punjabitribuneonline.com/news/nation/water-inflow-in-bhakra-pong-and-pandoh-dams-reduced/,2026-07-24 05:50 IST,"ਭਾਖੜਾ ਡੈਮ ਵਿੱਚ ਮੰਗਲਵਾਰ ਨੂੰ ਸਿਰਫ਼ 36,866 ਕਿਊਸਿਕ ਪਾਣੀ ਦੀ ਆਮਦ; ਭਾਖੜਾ ਜਲ ਭੰਡਾਰ ਦਾ ਪਾਣੀ ਦਾ ਪੱਧਰ 1,587.12 ਫੁੱਟ"
2025-07-22,Bhakra,,77741,,,"Bhakra Dam Water Level: ਭਾਖੜਾ, ਪੌਂਗ ਅਤੇ ਪੰਡੋਹ ਡੈਮਾਂ ਵਿੱਚ ਪਾਣੀ ਦੀ ਆਮਦ ਘੱਟ",https://www.punjabitribuneonline.com/news/nation/water-inflow-in-bhakra-pong-and-pandoh-dams-reduced/,2026-07-24 05:50 IST,"ਪਿਛਲੇ ਸਾਲ ਇਸੇ ਦਿਨ 77,741 ਕਿਊਸਿਕ ਪਾਣੀ ਦੀ ਆਮਦ ਦਰਜ ਕੀਤੀ ਗਈ ਸੀ (year-on-year inflow comparison)"
2026-07-24,Ranjit Sagar,,96674,,,"ਰਣਜੀਤ ਸਾਗਰ ਡੈਮ 'ਚ ਵਧਿਆ ਪਾਣੀ ਦਾ ਪੱਧਰ, ਡੈਮ ਪ੍ਰਬੰਧਕਾਂ ਨੇ ਭੇਜਿਆ ਚੇਤਾਵਨੀ ਸੰਦੇਸ਼",https://timetv.news/water-level-rises-in-ranjit-sagar-dam-dam-authorities-issue-warning-message/,2026-07-24,"ਅੱਜ ਚਮੇਰਾ ਪ੍ਰੋਜੈਕਟ ਤੋਂ 96,674 ਕਿਊਸਿਕ ਪਾਣੀ ਰਣਜੀਤ ਸਾਗਰ ਡੈਮ ਝੀਲ ਵਿੱਚ ਪਹੁੰਚ ਗਿਆ; ਲੇਕ ਲੇਵਲ 505.36 ਮੀਟਰ ਤੱਕ ਪਹੁੰਚ ਗਿਆ"
2026-07-22,Ranjit Sagar,502.26m,,,,"ਰਣਜੀਤ ਸਾਗਰ ਡੈਮ 'ਚ ਵਧਿਆ ਪਾਣੀ ਦਾ ਪੱਧਰ, ਡੈਮ ਪ੍ਰਬੰਧਕਾਂ ਨੇ ਭੇਜਿਆ ਚੇਤਾਵਨੀ ਸੰਦੇਸ਼",https://timetv.news/water-level-rises-in-ranjit-sagar-dam-dam-authorities-issue-warning-message/,2026-07-24,"ਦੋ ਦਿਨ ਪਹਿਲਾਂ ਪਾਣੀ ਦਾ ਪੱਧਰ 502.26 ਮੀਟਰ ਸੀ (2 days before 24 July 2026, date approximate)"
2026-06-14,Bhakra,1574,,3000,,"भाखड़ा से छोड़ा गया पानी, सतलुज का बढ़ा जलस्तर; पिछले साल की बाढ़ की याद से सहमे लोग",https://lalluram.com/punjab-bhakra-dam-sutlej-river-water-level-rises-flood-concern-news/,2026-06-15 13:17 IST,"आज भाखड़ा बांध का लेबल 1574 है; आज रविवार को 3000 के करीब चल रहा है (Sutlej outflow, date=Sunday 14 June 2026)"
2026-06-13,Bhakra,,,5500,,"भाखड़ा से छोड़ा गया पानी, सतलुज का बढ़ा जलस्तर; पिछले साल की बाढ़ की याद से सहमे लोग",https://lalluram.com/punjab-bhakra-dam-sutlej-river-water-level-rises-flood-concern-news/,2026-06-15 13:17 IST,शनिवार को सतलुज दरिया में करीब 5500 कयूसिक पानी छोड़ा गया था
2019-09-11,Pong,1388.47,,19500,18:00,"1388 फीट पहुंचा पौंग बांध का जलस्तर, छह गेट खोले, निचले इलाकों में बाढ़ का खतरा",https://www.amarujala.com/shimla/1388,2019-09-11 21:16 IST,पौंग का जलस्तर 1388.47 फीट तक पहुंचने के बाद होशियारपुर और कांगड़ा के निचले इलाकों को अलर्ट जारी किया गया है; छह गेट खोलकर 7422 क्यूसिक पानी छोड़ा है; 12061 क्यूसिक पानी छोड़ा जा रहा था; अब करीब 19500 क्यूसिक पानी पौंग बांध से बाहर छोड़ा जा रहा है
2019-09-11,Pong,,,7422,18:00,"1388 फीट पहुंचा पौंग बांध का जलस्तर, छह गेट खोले, निचले इलाकों में बाढ़ का खतरा",https://www.amarujala.com/shimla/1388,2019-09-11 21:16 IST,"छह गेट खोलकर 7422 क्यूसिक पानी छोड़ा है (spillway gates, separate from turbine release of 12061 cusecs)"
2022-08-22,Pong,1379.02,50592,17737,morning,"Water Level Rise: खतरे के निशान के नजदीक पहुंचा पौंग बांध का जलस्तर, झाकड़ी परियोजना से छोड़ा जा सकता है पानी",https://www.amarujala.com/shimla/water-level-of-pong-dam-reached-near-danger-mark-water-can-be-released-from-sutlej-river-on-this-day,2022-08-22 21:05 IST,"सोमवार सुबह पौंग बांध का जलस्तर 13.79.02 फीट दर्ज किया गया; पौंग बांध में पानी का इनफ्लो सोमवार को 50,592 क्यूसिक दर्ज किया गया; आउटफ्लो 17,737 क्यूसिक रहा"
2023-08-14,Pong,1397,381330,100000,,"Kangra News: पौंग बांध का पानी खतरे के निशान से सात फीट ऊपर, निचले क्षेत्र में बाढ़ के आसार",https://www.amarujala.com/shimla/kangra-news-pong-dam-s-water-seven-feet-above-the-danger-mark-possibility-of-flood-in-the-lower-area-2023-08-14,2023-08-14 20:08 IST,"पौंग बांध में सोमवार को पानी का जलस्तर बढ़कर 1,397 फीट पहुंच गया है, जो कि खतरे के निशान से सात फीट ऊपर है; बांध में सोमवार को पानी की आबक 38,1330 क्यूसिक दर्ज की गई है; सोमवार को बांध से करीब एक लाख क्यूसिक पानी छोड़ा गया है"
2025-09-10,Bhakra,1677.09,,50000,,"Una News: भाखड़ा डैम के जलस्तर में गिरावट, कम छोड़ा जा रहा फ्लड गेट से पानी",https://www.amarujala.com/himachal-pradesh/una/water-level-of-bhakra-dam-falls-less-water-is-being-released-from-flood-gate-una-news-c-93-1-una1017-165044-2025-09-10,2025-09-10 18:48 IST,भाखड़ा डैम के पीछे गोबिंद सागर झील का जलस्तर घटकर 1677.09 फीट हो गया; भाखड़ा डैम से नंगल डैम के लिए 50 हजार क्यूसिक पानी छोड़ा गया
2025-09-04,Bhakra,1679,,85000,,"Panchkula News: भाखड़ा डैम का जलस्तर पहुंचा 1679 फीट पर, खतरे के निशान से मात्र एक फीट नीचे",https://www.amarujala.com/haryana/panchkula/the-water-level-of-bhakra-dam-reached-1679-feet-just-one-foot-below-the-danger-mark-panchkula-news-c-16-1-pkl1027-809469-2025-09-04,2025-09-04 21:44 IST,भाखड़ा डैम का जलस्तर 1679 फीट पर पहुंच गया था; ट्रबाइनों व फ्लड गेटों के माध्यम से कुल 85 हजार क्यूसेक पानी की निकासी
2025-09-03,Bhakra,1678.10,110000,75000,,"Una News: भाखड़ा बांध का जलस्तर 1678 फीट पार, दो फीट रह गया खतरे का निशान",https://www.amarujala.com/himachal-pradesh/una/the-water-level-of-bhakra-dam-crossed-1678-feet-the-danger-mark-remained-two-feet-una-news-c-93-1-ssml1048-164268-2025-09-03,2025-09-04 00:45 IST,भाखड़ा बांध का जलस्तर 1678.10 फीट तक जा पहुंचा; भाखड़ा बांध के लिए आने वाले पानी की मात्रा में 1.10 लाख क्यूसिक से भी अधिक वृद्धि दर्ज की गई; भाखड़ा से 75000 क्यूसिक पानी टरवाइनों व फ्लड गेटों से छोड़ा जा रहा
2025-09-01,Bhakra,1672.62,107565,56009,,Una News: खतरे के निशान से मात्र तीन फीट की दूरी पर भाखड़ा डैम का जलस्तर,https://www.amarujala.com/himachal-pradesh/una/bhakra-dam-water-level-is-just-three-feet-away-from-the-danger-mark-una-news-c-93-1-ssml1047-164186-2025-09-02,2025-09-03 00:26 IST,"गोबिंद सागर झील में पानी की आमद 1,07,565 क्यूसिक रही; डैम का स्तर 1672.62 फीट तक पहुंच गया (मंगलवार/Tuesday); बीबीएमबी ने 56,009 क्यूसिक पानी छोड़ा; 54 हजार क्यूसिक सतलुज दरिया में डाला गया"
2025-08-16,Bhakra,1658.79,89361,22864,,Una News: भाखड़ा बांध का जलस्तर पहुंचा 1658 फीट के पार,https://www.amarujala.com/himachal-pradesh/una/the-water-level-of-bhakra-dam-crossed-1658-feet-una-news-c-93-1-ssml1047-162411-2025-08-16,2025-08-16 19:20 IST,"भाखड़ा डैम का जलस्तर बढ़कर 1658.79 फीट तक पहुंच गया; झील में पानी की आमद 89,361 क्यूसिक रही; बिजली उत्पादन के लिए टर्बाइनों से 22,864 क्यूसिक पानी छोड़ा गया"
2024-08-16,Bhakra,1627.45,,,,Una News: भाखड़ा बांध का जलस्तर पहुंचा 1658 फीट के पार,https://www.amarujala.com/himachal-pradesh/una/the-water-level-of-bhakra-dam-crossed-1658-feet-una-news-c-93-1-ssml1047-162411-2025-08-16,2025-08-16 19:20 IST,Previous year (16 Aug 2024) water level was 1627.45 feet (year-on-year comparison stated in article)
2025-08-07,Bhakra,1638.82,70352,18296,,Una News: भाखड़ा बांध का जलस्तर पहुंचा 1638 फीट के पार,https://www.amarujala.com/himachal-pradesh/una/the-water-level-of-bhakra-dam-crossed-1638-feet-una-news-c-93-1-ssml1047-161634-2025-08-07,2025-08-07 19:39 IST,भाखड़ा बांध का जलस्तर 1638.82 फीट जा पहुंचा; भाखड़ा गोबिंद सागर झील में पानी की आमद 70352 क्यूसिक दर्ज की गई; भाखड़ा बांध से टरबाइनों के माध्यम से 18296 क्यूसिक पानी बिजली उत्पादन के लिए छोड़ा गया
2026-06-11,Bhakra,1576.65,16527,26163,,"Una News: भाखड़ा डैम का जलस्तर पहुंचा 1,576 फीट के पार",https://www.amarujala.com/himachal-pradesh/una/bhakra-dam-water-level-crosses-1576-feet-una-news-c-93-1-una1026-194866-2026-06-12,2026-06-12 00:10 IST,"भाखड़ा डैम का जलस्तर 1,576.65 फीट तक जा पहुंचा; इनफ्लो 16,527 क्यूसेक; टरबाइन से 26,163 क्यूसेक बिजली उत्पादन हेतु छोड़ा"
2025-06-12,Bhakra,1555.30,28015,31000,,"Una News: भाखड़ा डैम का जलस्तर पहुंचा 1,576 फीट के पार",https://www.amarujala.com/himachal-pradesh/una/bhakra-dam-water-level-crosses-1576-feet-una-news-c-93-1-una1026-194866-2026-06-12,2026-06-12 00:10 IST,"भाखड़ा डैम का जलस्तर 1,555.30 फीट तक ही पंहुच पाया था (year-on-year comparison, 12 June 2025); इनफ्लो 28,015 क्यूसेक; टरबाइन से 31,000 क्यूसेक"
2026-08-12,Ranjit Sagar,513.01m,11645,5492,,Jalandhar News: रंजीत सागर बांध का जलस्तर 513.01 मीटर पहुंचा,https://www.amarujala.com/punjab/jalandhar/the-water-level-of-ranjit-sagar-dam-reached-51301-meters-pathankot-news-c-61-1-kot1001-104210-2026-08-12,2026-08-12 18:50 IST,बुधवार को बांध का जलस्तर एक मीटर बढ़कर 513.01 मीटर दर्ज किया गया; पहाड़ी क्षेत्रों से बांध में 11645 क्यूसेक पानी का इनफ्लो हो रहा है; शाहरपुकंडी बैराज बांध में 5492 क्यूसेक पानी का आउटफ्लो दर्ज किया गया
2023-07-05,Ranjit Sagar,512.48m,,,,Jalandhar News: एक दिन की बारिश से रणजीत सागर डैम में 36 सेंटीमीटर बढ़ा जलस्तर,https://www.amarujala.com/punjab/jalandhar/water-level-in-ranjit-sagar-dam-increased-by-36-cm-due-to-one-days-rain-pathankot-news-c-61-1-kot1001-277-2023-07-06,2023-07-06 18:30 IST,"रणजीत सागर बांध परियोजना की झील में जलस्तर 512.48 मीटर था (day before, approx 5 July 2023)"
2023-07-06,Ranjit Sagar,512.84m,18000,1800,,Jalandhar News: एक दिन की बारिश से रणजीत सागर डैम में 36 सेंटीमीटर बढ़ा जलस्तर,https://www.amarujala.com/punjab/jalandhar/water-level-in-ranjit-sagar-dam-increased-by-36-cm-due-to-one-days-rain-pathankot-news-c-61-1-kot1001-277-2023-07-06,2023-07-06 18:30 IST,जो बढ़कर 512.84 मीटर तक पहुंच गया है; चमेरा हाईडल प्रोजेक्ट से लगभग 18 हजार क्यूसिक पानी का बहाव आ रहा है; बांध परियोजना से केवल 1800 क्यूसिक पानी ही रावी नदी में छोड़ा जा रहा है
2014-06-01,Ranjit Sagar,520.44m,,,,रणजीत सागर बांध की झील का जल स्तर बढ़ा,https://www.amarujala.com/punjab/pathankot/ranjit-sagar-dam-water-level-lake-pathankot-punjab-government,2014-07-16 22:48 IST,बांध की झील का जल स्तर एक जून 2014 को 520.44 मीटर था
2014-06-30,Ranjit Sagar,520.56m,,,,रणजीत सागर बांध की झील का जल स्तर बढ़ा,https://www.amarujala.com/punjab/pathankot/ranjit-sagar-dam-water-level-lake-pathankot-punjab-government,2014-07-16 22:48 IST,जोकि बढ़कर 30 जून 2014 को 520.56 मीटर हो गया है
2025-11-20,Bhakra,1672.75,7811,17338,,Himachal: पंजाब में नहरों की मरम्मत से और बढ़ेगा भाखड़ा डैम में पानी,https://www.amarujala.com/shimla/himachal-punjab-s-canal-repairs-will-further-increase-water-in-bhakra-dam-find-out-what-the-management-says-2025-11-21,2025-11-21 10:59 IST,गोबिंद सागर जलाशय का जलस्तर गुरुवार को 1672.75 फीट दर्ज किया गया; 7811 क्यूसेक पानी का इनफ्लो रहा; 17338 क्यूसेक पानी गुरुवार को रिलीज किया गया
2024-11-21,Bhakra,1633.48,,,,Himachal: पंजाब में नहरों की मरम्मत से और बढ़ेगा भाखड़ा डैम में पानी,https://www.amarujala.com/shimla/himachal-punjab-s-canal-repairs-will-further-increase-water-in-bhakra-dam-find-out-what-the-management-says-2025-11-21,2025-11-21 10:59 IST,पिछले साल आज के दिन (21 नवंबर 2024) जलस्तर 1633.48 फीट था (year-on-year comparison)
2025-09-16,Pong,1393.88,160369,,09:00,Kangra News: पौंग बांध का जलस्तर खतरे के निशान से पांच फीट ऊपर,https://www.amarujala.com/himachal-pradesh/kangra/the-water-level-of-pong-dam-is-five-feet-above-the-danger-mark-kangra-news-c-95-1-kng1004-196179-2025-09-17,2025-09-17 02:27 IST,"9:00 AM Tuesday: water level 1,393.88 feet; inflow 1,60,369 cusecs"
2025-09-16,Pong,1394.30,165292,,12:00,Kangra News: पौंग बांध का जलस्तर खतरे के निशान से पांच फीट ऊपर,https://www.amarujala.com/himachal-pradesh/kangra/the-water-level-of-pong-dam-is-five-feet-above-the-danger-mark-kangra-news-c-95-1-kng1004-196179-2025-09-17,2025-09-17 02:27 IST,"12:00 PM: water level 1,394.30 feet; inflow 1,65,292 cusecs"
2025-09-16,Pong,1394.60,,,14:00,Kangra News: पौंग बांध का जलस्तर खतरे के निशान से पांच फीट ऊपर,https://www.amarujala.com/himachal-pradesh/kangra/the-water-level-of-pong-dam-is-five-feet-above-the-danger-mark-kangra-news-c-95-1-kng1004-196179-2025-09-17,2025-09-17 02:27 IST,"2:00 PM: water level 1,394.60 feet"
2025-09-16,Pong,1394.79,,,16:00,Kangra News: पौंग बांध का जलस्तर खतरे के निशान से पांच फीट ऊपर,https://www.amarujala.com/himachal-pradesh/kangra/the-water-level-of-pong-dam-is-five-feet-above-the-danger-mark-kangra-news-c-95-1-kng1004-196179-2025-09-17,2025-09-17 02:27 IST,"4:00 PM: water level 1,394.79 feet"
2025-09-16,Pong,1394.85,105089,59895,17:00,Kangra News: पौंग बांध का जलस्तर खतरे के निशान से पांच फीट ऊपर,https://www.amarujala.com/himachal-pradesh/kangra/the-water-level-of-pong-dam-is-five-feet-above-the-danger-mark-kangra-news-c-95-1-kng1004-196179-2025-09-17,2025-09-17 02:27 IST,"5:00 PM: water level 1,394.85 feet; inflow 1,05,089 cusecs; turbine release 16,942 cusecs + spillway release 42,953 cusecs"
2025-09-16,Pong,1394.90,,,18:00,Kangra News: पौंग बांध का जलस्तर खतरे के निशान से पांच फीट ऊपर,https://www.amarujala.com/himachal-pradesh/kangra/the-water-level-of-pong-dam-is-five-feet-above-the-danger-mark-kangra-news-c-95-1-kng1004-196179-2025-09-17,2025-09-17 02:27 IST,"6:00 PM: water level 1,394.90 feet"
2025-09-05,Pong,1394.80,99673,99673,16:00,"Kangra News: पौंग बांध का जलस्तर 1394.80 फीट पर स्थिर, खतरे से 4.80 फीट ऊपर",https://www.amarujala.com/himachal-pradesh/kangra/pong-dam-water-level-stable-at-139480-feet-480-feet-above-the-danger-level-kangra-news-c-95-1-ssml1020-194227-2025-09-05,2025-09-06 06:42 IST,"पौंग बांध का जलस्तर 1394.80 फीट दर्ज किया गया; इस समय बांध में इनफ्लो 99,673 क्यूसिक; आउटफ्लो भी 99,673 क्यूसिक दर्ज किया गया; टरबाइन से 16,892 क्यूसिक; स्पिलवे से 82,781 क्यूसिक पानी छोड़ा जा रहा है"
2025-09-04,Pong,1394.54,,,08:00,Kangra News: पौंग बांध का जलस्तर खतरे के निशान से ऊपर,https://www.amarujala.com/himachal-pradesh/kangra/pong-dam-water-level-above-danger-mark-kangra-news-c-95-1-kng1004-194020-2025-09-04,2025-09-05 05:35 IST,वीरवार सुबह 8 बजे जलस्तर 1394.54 फीट दर्ज किया गया था
2025-09-04,Pong,1394.60,,,11:00,Kangra News: पौंग बांध का जलस्तर खतरे के निशान से ऊपर,https://www.amarujala.com/himachal-pradesh/kangra/pong-dam-water-level-above-danger-mark-kangra-news-c-95-1-kng1004-194020-2025-09-04,2025-09-05 05:35 IST,जो 11 बजे बढ़कर 1394.60 फीट
2025-09-04,Pong,1394.67,107205,99673,15:00,Kangra News: पौंग बांध का जलस्तर खतरे के निशान से ऊपर,https://www.amarujala.com/himachal-pradesh/kangra/pong-dam-water-level-above-danger-mark-kangra-news-c-95-1-kng1004-194020-2025-09-04,2025-09-05 05:35 IST,"दोपहर बाद 3 बजे 1394.67 फीट तक पहुंच गया; inflow 1,07,205 cusecs; total outflow 99,673 cusecs"
2025-08-25,Pong,1385.34,151000,59539,14:00,"Kangra News: पौंग बांध का जलस्तर बढ़ा, घराट जलमग्न",https://www.amarujala.com/himachal-pradesh/kangra/pong-dam-water-level-increased-gharaat-submerged-kangra-news-c-95-1-ssml1020-192426-2025-08-25,2025-08-25 23:56 IST,पौंग बांध का जलस्तर 1385.34 फीट हो गया है; विभाग के सोमवार के दोपहर दो बजे के आंकड़ों के अनुसार वाटर इनफ्लो एक लाख 51 हजार क्यूसिक है। डैम से 59539 क्यूसिक पानी छोड़ा जा रहा है
2025-08-09,Pong,1376.37,52518,45947,,"पंजाब में आज भारी बारिश का अलर्ट: पौंग बांध से फिर छोड़ा जाएगा पानी, जलस्तर 1376.37 फीट तक पहुंचा",https://www.amarujala.com/punjab/heavy-rain-alert-in-punjab-today-water-will-be-released-again-from-pong-dam-water-level-reaches-1376-37-feet-2025-08-10,2025-08-10 08:35 IST,शनिवार को पौंग बांध झील का जलस्तर 1376.37 फीट मापा गया; महाराणा प्रताप झील में 52518 क्यूसेक पानी की आवक दर्ज की गई; स्पिलवे के माध्यम से 28098 क्यूसेक पानी छोड़ा जा रहा है; पावर हाउस के टर्बाइंस के माध्यम से 17849 क्यूसेक पानी छोड़ा जा रहा है
2025-08-05,Pong,1369,74370,18386,,Kangra News: पौंग बांध का जलस्तर खतरे के निशान से 21 फीट दूर,https://www.amarujala.com/himachal-pradesh/kangra/pong-dam-water-level-is-21-feet-away-from-the-danger-mark-kangra-news-c-95-1-kng1004-189404-2025-08-05,2025-08-05 23:56 IST,मंगलवार को बांध का जलस्तर 1369 फीट पहुंच चुका है। इसमें 74370 क्यूसिक पानी आ रहा है और 18386 क्यूसिक पानी टरबाइनों के जरिये छोड़ा जा रहा है
2025-07-20,Pong,1330.25,22345,17315,morning,पौंग बांध में पिछले नौ दिन में चार फीट तक बढ़ा जलस्तर,https://www.amarujala.com/himachal-pradesh/kangra/the-water-level-in-pong-dam-has-increased-by-four-feet-in-the-last-nine-days-kangra-news-c-95-1-kng1004-186841-2025-07-21,2025-07-21 00:52 IST,रविवार सुबह के आंकड़ों के अनुसार पौंग बांध का जलस्तर 1330.25 फीट आंका गया है; रविवार को पौंग बांध में 22345 क्यूसेक पानी आया; 17315 क्यूसेक पानी छोड़ा गया
2025-07-11,Pong,1326,,,,पौंग बांध में पिछले नौ दिन में चार फीट तक बढ़ा जलस्तर,https://www.amarujala.com/himachal-pradesh/kangra/the-water-level-in-pong-dam-has-increased-by-four-feet-in-the-last-nine-days-kangra-news-c-95-1-kng1004-186841-2025-07-21,2025-07-21 00:52 IST,11 जुलाई को जलस्तर 1326 फीट दर्ज किया गया था
2023-08-14,Pong,1395.91,700000,68000,,"Punjab: पौंग डैम में सात लाख क्यूसेक पानी पहुंचा, पंजाब के पांच जिलों में अलर्ट, ब्यास नदी से दूर रहने की सलाह",https://www.amarujala.com/chandigarh/seven-lakh-cusecs-water-reached-pong-dam-alert-in-five-districts-of-punjab-2023-08-15,2023-08-15 00:20 IST,"ब्यास नदी के साथ लगने वाले क्षेत्र में लगातार हो रही बारिश के कारण पौंग डैम में लगभग 7 लाख क्यूसेक से अधिक पानी की आमद हुई है; पौंग डैम का मौजूदा स्तर 1395.91 फुट है; डैम से लगभग 68,000 क्यूसेक पानी को कंट्रोल्ड तरीके से छोड़े जाने का फैसला किया गया है"
2022-08-11,Pong,1351.20,86897,7084,,"Himachal: भारी बारिश से पौंग बांध का जलस्तर 1351.20 फीट तक पहुंचा, पंडोह डैम के पांचों गेट खोले",https://www.amarujala.com/shimla/due-to-heavy-rain-fall-the-water-level-of-pong-dam-reached-1351-20-feet-all-five-gates-of-pandoh-dam-opened,2022-08-11 19:43 IST,पौंग बांध का जलस्तर 1351.20 फीट तक हुआ है; पानी का इनफ्लो 86897 और आउटफ्लो 7084 है
2025-02-03,Bhakra,1596.61,,,,चिंता की बात: 14 फीट घटा भाखड़ा का जलस्तर,https://www.amarujala.com/punjab/chandigarh-punjab/bhakra-water-level-decreased-by-14-feet-power-water-crisis-in-three-states-and-two-uts-2025-02-04,2025-02-04 08:28 IST,सोमवार को भाखड़ा बांध का जलस्तर 1596.61 फीट दर्ज किया गया है
2024-02-03,Bhakra,1610.78,,,,चिंता की बात: 14 फीट घटा भाखड़ा का जलस्तर,https://www.amarujala.com/punjab/chandigarh-punjab/bhakra-water-level-decreased-by-14-feet-power-water-crisis-in-three-states-and-two-uts-2025-02-04,2025-02-04 08:28 IST,वर्ष 2024 में इसी दिन भाखड़ा का जलस्तर 1610.78 फीट था
2025-02-03,Pong,1308,,,,चिंता की बात: 14 फीट घटा भाखड़ा का जलस्तर,https://www.amarujala.com/punjab/chandigarh-punjab/bhakra-water-level-decreased-by-14-feet-power-water-crisis-in-three-states-and-two-uts-2025-02-04,2025-02-04 08:28 IST,Pong dam level 1308 feet on 3 Feb 2025 (normal average 1337 feet)
2024-02-03,Pong,1348.18,,,,चिंता की बात: 14 फीट घटा भाखड़ा का जलस्तर,https://www.amarujala.com/punjab/chandigarh-punjab/bhakra-water-level-decreased-by-14-feet-power-water-crisis-in-three-states-and-two-uts-2025-02-04,2025-02-04 08:28 IST,Pong dam previous year (3 Feb 2024) level 1348.18 feet
2026-09-14,Bhakra,1643.98,30199,,,"पंजाब में बढ़ी बिजली की मांग: 2173 मेगावाट उत्पादन ठप, मानसून की बेरुखी से बांधों में घटा जलस्तर",https://www.amarujala.com/punjab/patiala/rising-electricity-demand-in-punjab-2173-mw-generation-halted-dam-water-levels-drop-due-to-deficient-monsoon-2026-09-14,2026-09-14 08:56 IST,भाखड़ा में पिछले साल के मुकाबले 32.91 फुट कमी है। 2025 में इसी दिन जलस्तर 1676.89 फुट था जो अब 1643.98 फुट है। पानी की आवक 46708 से घटकर 30199 क्यूसिक रह गई
2025-09-14,Bhakra,1676.89,46708,,,"पंजाब में बढ़ी बिजली की मांग: 2173 मेगावाट उत्पादन ठप, मानसून की बेरुखी से बांधों में घटा जलस्तर",https://www.amarujala.com/punjab/patiala/rising-electricity-demand-in-punjab-2173-mw-generation-halted-dam-water-levels-drop-due-to-deficient-monsoon-2026-09-14,2026-09-14 08:56 IST,2025 में इसी दिन जलस्तर 1676.89 फुट था; पानी की आवक 46708 क्यूसिक थी (year-on-year comparison)
2026-09-14,Pong,1372.24,10751,,,"पंजाब में बढ़ी बिजली की मांग: 2173 मेगावाट उत्पादन ठप, मानसून की बेरुखी से बांधों में घटा जलस्तर",https://www.amarujala.com/punjab/patiala/rising-electricity-demand-in-punjab-2173-mw-generation-halted-dam-water-levels-drop-due-to-deficient-monsoon-2026-09-14,2026-09-14 08:56 IST,पौंग में जलस्तर 17.91 फुट कम होकर 1372.24 फुट रह गया है। आवक 34737 से घटकर 10751 क्यूसिक है
2025-09-14,Pong,,34737,,,"पंजाब में बढ़ी बिजली की मांग: 2173 मेगावाट उत्पादन ठप, मानसून की बेरुखी से बांधों में घटा जलस्तर",https://www.amarujala.com/punjab/patiala/rising-electricity-demand-in-punjab-2173-mw-generation-halted-dam-water-levels-drop-due-to-deficient-monsoon-2026-09-14,2026-09-14 08:56 IST,"आवक 34737 क्यूसिक थी (year-on-year comparison, 14 Sep 2025)"
2026-08-01,Bhakra,1599.33,,,,"पंजाब में 26 फीसदी बारिश कम: बांधों में घटा जलस्तर, खेती और बिजली संकट का खतरा",https://www.amarujala.com/punjab/patiala/rainfall-deficit-in-punjab-dam-water-levels-drop-risk-of-agricultural-and-power-crisis-2026-08-01,2026-08-01 07:51 IST,"भाखड़ा बांध में इस समय पानी का स्तर 1599.33 फुट है, जो पिछले साल के मुकाबले 21.67 फुट कम है"
2026-08-01,Pong,1338.40,,,,"पंजाब में 26 फीसदी बारिश कम: बांधों में घटा जलस्तर, खेती और बिजली संकट का खतरा",https://www.amarujala.com/punjab/patiala/rainfall-deficit-in-punjab-dam-water-levels-drop-risk-of-agricultural-and-power-crisis-2026-08-01,2026-08-01 07:51 IST,"पौंग बांध में जलस्तर 1338.40 फुट दर्ज किया गया है, जो पिछले साल की तुलना में 15.69 फुट नीचे है"
2026-07-30,Bhakra,1597.20,,8208,,पहाड़ों में बारिश से भाखड़ा डैम में बढ़ा जलस्तर: खरीफ फसलों की सिंचाई को मिलेगी रफ्तार,https://www.amarujala.com/chandigarh/rain-in-the-hills-raises-water-level-in-bhakra-dam-irrigation-for-kharif-crops-to-gain-momentum-2026-07-30,2026-07-30 11:49 IST,"बुधवार को डैम का जलस्तर 1597.20 फीट दर्ज किया गया; फिलहाल हरियाणा को सिंचाई के लिए करीब 8,208 क्यूसेक पानी मिल रहा है"
2026-07-29,Bhakra,1595.74,,,,पहाड़ों में बारिश से भाखड़ा डैम में बढ़ा जलस्तर: खरीफ फसलों की सिंचाई को मिलेगी रफ्तार,https://www.amarujala.com/chandigarh/rain-in-the-hills-raises-water-level-in-bhakra-dam-irrigation-for-kharif-crops-to-gain-momentum-2026-07-30,2026-07-30 11:49 IST,मंगलवार को यह 1595.74 फीट था
