year,Beas local_season_bcm,Beas local_max1d_bcm,Beas local_max3d_bcm,Beas local_max5d_bcm,Beas local_max10d_bcm,Bhakra_season_bcm,Bhakra_max1d_bcm,Bhakra_max3d_bcm,Bhakra_max5d_bcm,Bhakra_max10d_bcm,Ghaggar Bhankarpur_season_bcm,Ghaggar Bhankarpur_max1d_bcm,Ghaggar Bhankarpur_max3d_bcm,Ghaggar Bhankarpur_max5d_bcm,Ghaggar Bhankarpur_max10d_bcm,Ghaggar Khanauri_season_bcm,Ghaggar Khanauri_max1d_bcm,Ghaggar Khanauri_max3d_bcm,Ghaggar Khanauri_max5d_bcm,Ghaggar Khanauri_max10d_bcm,Harike local_season_bcm,Harike local_max1d_bcm,Harike local_max3d_bcm,Harike local_max5d_bcm,Harike local_max10d_bcm,Pong_season_bcm,Pong_max1d_bcm,Pong_max3d_bcm,Pong_max5d_bcm,Pong_max10d_bcm,Ranjit Sagar_season_bcm,Ranjit Sagar_max1d_bcm,Ranjit Sagar_max3d_bcm,Ranjit Sagar_max5d_bcm,Ranjit Sagar_max10d_bcm,Sutlej local_season_bcm,Sutlej local_max1d_bcm,Sutlej local_max3d_bcm,Sutlej local_max5d_bcm,Sutlej local_max10d_bcm,Bhakra_frac_jul01,Bhakra_frac_aug01,Bhakra_frac_aug15,Bhakra_frac_max,Bhakra_days_above_95pct,Pong_frac_jul01,Pong_frac_aug01,Pong_frac_aug15,Pong_frac_max,Pong_days_above_95pct,Ranjit Sagar_frac_jul01,Ranjit Sagar_frac_aug01,Ranjit Sagar_frac_aug15,Ranjit Sagar_frac_max,Ranjit Sagar_days_above_95pct,Bhakra_hei_pp_max,Bhakra_release_pp_max,Pong_hei_pp_max,Pong_release_pp_max,Ranjit Sagar_hei_pp_max,Ranjit Sagar_release_pp_max,sutlej_beas_max5d_bcm,sutlej_beas_max3d_bcm
1961,4.207926028470434,0.22556938108601382,0.4104819620341448,0.5624729563127534,0.8975318672311188,11.658872368236688,0.4057254591773084,0.9458163271699598,1.2385696871258964,1.8733582762445922,1.9535166271332547,0.1684534237192142,0.2535798776444161,0.2893407667587191,0.4524534712016683,6.024525821871423,0.45193621124848316,0.6526847107516025,0.7722044691034154,1.2806687211801235,6.641818804567085,0.4165623202317047,0.8017748027300149,1.0524975723365477,1.4129582404395498,18.092621199220517,0.8932600112339005,1.7836688818004056,2.416157532871538,3.999105137551579,11.091704658953711,0.47003020468896395,1.1149872294532224,1.5746320634243385,2.757738982210609,3.930011292393316,0.18030686216988276,0.3986750286500531,0.5136592933618058,0.8270021782878781,,,,,,,,,,,,,,,,,,,,,,3.6547272199974348,2.7294852089703654
1962,2.2781928905456237,0.22462500606333058,0.38604382030735274,0.41362183067951264,0.5915091946195272,26.950014801138668,2.3549127766516262,3.6157018089032684,4.2222840223987905,5.8172618102003035,1.6759161161764593,0.2095045037160177,0.2794258484388479,0.28426840349622773,0.4092431427163058,4.646824742563705,0.5067285734191281,0.7595823918266692,0.7752327794437878,1.091678572858863,6.930096359703829,0.6611797809348202,1.3332864158314135,1.4186915192466014,2.2378831361536142,14.849515589590755,1.102118091125879,2.0322591342185383,2.1611109320878894,2.692635932559601,5.987495982761089,0.58517013721389,1.0994634969266779,1.1524015400659986,1.3235544562455261,3.047883947888126,0.20464900790285487,0.46495070355631807,0.5409360504630912,0.736629856957603,,,,,,,,,,,,,,,,,,,,,,6.38339495448668,5.647960943121807
1963,2.770266354627087,0.16996924076708933,0.26542808945870555,0.34420234255616494,0.5166943663537376,13.18736631407864,1.006553325590897,2.0962362028857235,2.237236788368341,2.4288439526325862,2.016995708847187,0.12734098318735884,0.2584171783578306,0.27413174892859093,0.46434468710518323,6.894909452244579,0.4893323423951893,0.8702850852948687,0.9644832841386677,1.6573977885792386,5.473378390212732,0.4272971816614222,0.7879221084411239,0.9207810973773256,1.2208028666496424,16.607480535351563,0.5606197283223732,1.5187541621126708,2.3030976047933196,3.1316658162836384,8.965947210784805,0.4783683593102332,0.99411950706983,1.4507348440066536,1.9818332792622617,3.6679946618489865,0.2368484634954004,0.4282566545109719,0.5081173297093492,0.916767833295965,,,,,,,,,,,,,,,,,,,,,,4.540334393161661,3.6149903649983943
1964,3.5041530347913503,0.15663962896711203,0.3188543486050448,0.5185256797192985,0.6960826455270451,13.239458860441863,0.9288137272855285,1.866708573567851,2.0682414359851595,2.2043065228100502,2.9801878888126527,0.184723644815958,0.3143816504798216,0.3983823629363664,0.6100115609321592,9.227690933345436,0.6465863261868429,1.0028061817247778,1.2484456509706803,1.81310266862031,7.429437120134009,0.5131238423719043,1.1928852531444858,1.5208510496201417,1.8742500230339179,14.214881832345112,0.76205017049793,1.1680388364410548,1.4596203409111594,2.258947520791726,8.592145111817285,0.31649046739554537,0.7403863621635393,0.9054786236373635,1.2988062279545696,3.748246869152099,0.2719601746107645,0.5006100143945517,0.5768766274497906,0.7864871042135426,,,,,,,,,,,,,,,,,,,,,,3.527861776896319,3.034747410008906
1965,1.9199171148261107,0.11976132167799232,0.25170211848449414,0.3748042147104801,0.685067968521786,6.204994351179947,0.45945264887540316,1.0428188110415477,1.4207154292494344,1.7860522654111313,1.4904041379209838,0.16615973206526563,0.23963537027353995,0.30628909283273875,0.5173778365201912,4.155339209666874,0.5474619135284176,0.8133234394118762,0.905296005619003,1.5823936149118274,3.9289479015713793,0.4778746976946573,0.6663121182322906,0.6739495314607087,1.0760794493135146,7.901180519916572,0.5150633208258895,0.969096294994489,1.4302917197789717,2.556997902767982,4.5806485096396,0.3352845546678448,0.6532943030214695,0.9312433190459698,1.5549986036695587,1.9819221025477816,0.18779500683252787,0.279193554158472,0.35499896986133594,0.5460705078672441,,,,,,,,,,,,,,,,,,,,,,2.851007149028406,2.011915106036037
1966,3.738598688020844,0.3040190024209118,0.6523082610284225,0.721165607865434,0.7635825770881439,11.369442152464261,0.5721075205090904,1.2508675637540674,1.7584362858599958,2.5306913192448715,2.056880348374234,0.15908683784369274,0.3782744865643856,0.49121406341215773,0.7142153863025195,6.440871713175369,0.5512509244678305,1.1664842646613693,1.49322374237676,2.130433111313274,7.148041165935273,0.45473650435267243,0.9175530499784461,1.1208106294767328,1.8062064045385529,15.709042744095713,0.7328208574725501,1.6252741014241685,2.056002595874139,3.2228741367775866,8.09035087307153,0.5816338862256127,1.3053579013202095,1.4501055539017023,1.6267688598748418,3.5847671135273904,0.2025324992365885,0.41633852191336834,0.4801940927814191,0.7719514829903108,,,,,,,,,,,,,,,,,,,,,,3.8144388817341346,2.8761416651782357
1967,3.704240799493816,0.26724998404978945,0.5626117095948571,0.612209873191831,0.8267262916211181,12.91697754172093,0.6542075376139076,1.4732215975044638,2.1276602032638556,2.7279260780235672,2.326497681843431,0.14689748597581864,0.3196481529966698,0.3977544665934666,0.5009475551877689,6.992303857497268,0.5272728188516865,0.9562923395054275,1.1693174143030454,1.5564252709499795,6.291078488586739,0.8056272660841426,1.3829223735955538,1.561266437461177,2.120673019988256,18.363793934466933,0.7161085179175238,1.617332051492508,2.6388601731596766,3.6070370866085675,9.301464085842682,0.34703296807824324,0.7175412527218826,0.975636686510151,1.6152394898391036,4.197804545895464,0.21298422922357177,0.4326521309761707,0.5580752860979803,1.0268971071690494,,,,,,,,,,,,,,,,,,,,,,4.766520376423532,3.0905536489969716
1968,2.4327072745577367,0.10930639951329592,0.2675499292775174,0.36463773537618704,0.5980424333914872,7.252378318689658,0.2664721425453968,0.6210823755739743,0.9737129259727609,1.6361472348003547,2.0531053306838167,0.10336794697540473,0.23992435525547406,0.4031297868416801,0.6688766114432985,6.3868245740518255,0.3307403610731864,0.7234351928727747,1.2119825010858765,1.970663474742089,5.307901041438727,0.3012244687035045,0.7557181743687524,0.9924951533646426,1.4447150474766164,9.2961409688475,0.4299077988534917,0.8140647185295511,1.0574146584604136,1.7861145562787182,5.882149281495238,0.26987085981076925,0.691793780978801,0.9235847269217665,1.3755699467060705,2.832038682010162,0.2243245079482823,0.32814882241510435,0.46321241220351406,0.7444881560108977,,,,,,,,,,,,,,,,,,,,,,2.0311275844331744,1.4351470941035254
1969,2.5935774362732094,0.17235525476098726,0.4427418556223208,0.5822600683832598,0.900718903550591,10.58091970846013,0.4900292121135033,1.2808032964027494,1.7842361432782712,2.752459088669117,1.8342294162713935,0.1074135974974079,0.2396910395563278,0.3436583054756708,0.5013781192096969,5.5723191321620105,0.41886613079311297,0.9174777449200402,1.1092777137371603,1.5713324413872893,4.937295448605017,0.37999439992718936,0.5832926108009313,0.8976667872937393,1.1982313894149557,13.052424527823408,0.7249313735507305,1.6135787937515325,2.471671876076293,3.7549716421514754,6.704584375409323,0.4186342587512401,0.8142900457685047,1.1646802203956508,1.8492718316250067,3.0181571827271516,0.2015282272172165,0.39498542068572007,0.49060901375107324,0.7666504780116696,,,,,,,,,,,,,,,,,,,,,,4.255908019354564,2.8943820901542816
1970,3.3535107117211043,0.17935580200804707,0.2402253220498435,0.4282722788580295,0.6598679587106338,11.243433054654254,0.5873338159242174,1.3099556930820533,1.4913905768589026,1.631623866963119,2.111105717027012,0.14846828474335094,0.24892300718591448,0.25501875297431736,0.3374518903679246,5.9914740723449365,0.38648375659898654,0.7371896814468502,0.7668375904862014,0.9723497890000312,8.378647924497798,0.5313563847962065,1.1117632755357232,1.3396984918464212,1.825996171372093,16.015015333019235,0.4793093862369577,1.1923004612525676,1.9713465449905385,2.827252968936863,8.273612268538415,0.3665881273919766,0.6791989745092885,1.0769684122090817,1.4444336038705683,4.730626225726801,0.20119478059973148,0.4335685708308454,0.5782555147696213,0.7765216731567891,,,,,,,,,,,,,,,,,,,,,,3.4627371218494414,2.5022561543346207
1971,4.862435737045106,0.2982353296170845,0.5709275978993424,0.715627353595674,1.0352240780571067,22.059594852382215,0.9703799222471505,1.8558915836071888,2.479895956729234,3.6623106801013927,2.7748916572064695,0.18952738961454202,0.443069617268982,0.5736270834476251,0.7898782944024916,8.318818922483164,0.4347004160266246,1.2124980580597653,1.6401097801257438,2.387040814170891,7.834391801610366,0.7512009337252877,0.9039710009674644,1.384583558778555,1.883792090021871,18.28518858631393,1.0342084555369306,1.6329576838422568,2.1937159063590794,3.60523730821226,9.701067360194902,0.6392944062644808,1.1762361433276731,1.4558063167901705,2.085743040425437,4.621844283794296,0.28504595961973067,0.6842411981583897,0.9019578553613454,1.1325430545201125,,,,,,,,,,,,,,,,,,,,,,4.673611863088313,3.488849267449446
1972,1.8025336558224698,0.14604938290599578,0.2541652512883179,0.43095323662405943,0.5355036003042349,10.129632207296083,0.8852898398383245,1.742274753943717,1.916814751144989,2.4335080558967217,1.502960476203671,0.18334744537525563,0.2985950398027875,0.3849756458732493,0.5438802143681839,4.474087579338892,0.5301906912803614,0.8717705702654052,1.1942062998507428,1.667729327302136,4.61972439550119,0.3634510000489224,0.7887823790265938,1.196037536076629,1.8323696721784326,7.523421965990506,0.3590796248759938,0.6701188970890336,1.0389509911518473,1.5093380472747735,4.277921109555352,0.2496859049986524,0.5033954962506109,0.8609541904149942,1.2252431755297968,2.8223263757345243,0.15363552919919776,0.4017931240449686,0.6014278774755791,0.8709677577811236,,,,,,,,,,,,,,,,,,,,,,2.955765742296836,2.4123936510327506
1973,3.186876412527349,0.23552971764809794,0.5317001973946711,0.6998972754355085,0.8631868453311484,14.335180478362584,1.091836882573052,2.6132618141952983,2.858657845420373,3.925956470472734,2.241125024598231,0.19173231068225668,0.445304978765228,0.4770654074339525,0.5196149848139892,6.514707705623757,0.4586173566826587,1.0864267479381944,1.3057431516904388,1.721424850615913,6.187929764815955,0.5399668149149635,1.1288460456671074,1.4619925562763272,1.895133544819442,10.415171231593334,0.38461573615719,0.6890616086059844,1.037631802386878,1.6358830762780765,6.894474574989569,0.3177974017365902,0.726365240171525,0.95325462416776,1.4804784002921767,3.4392210162083106,0.18574931271841502,0.3943859487017215,0.4564288743169006,0.6276022257622003,,,,,,,,,,,,,,,,,,,,,,3.896289647807251,3.3023234228012828
1974,2.1502580013569874,0.08507593300062988,0.24106286656749618,0.3260358730765601,0.5053435303239551,11.740965286131312,0.7251069344961704,1.3698548843386258,1.936902463392075,3.4457874655369345,1.2438935672325653,0.10907824240301203,0.20701277764628628,0.25622520807196847,0.3951376254606294,3.5288332101767304,0.31016760968945645,0.6510800115061759,0.8041099633011017,1.1437478857971997,4.230644214459665,0.2662002667477821,0.4744319729264658,0.7398242328784472,1.0850672649582256,9.708391611567793,0.40379800885488565,0.9366471544780173,1.4213911427034012,2.1292137869626266,5.1591088534614,0.2644795532650754,0.6436109204438513,0.8294527514650603,1.4500881322327164,2.694239980946644,0.1499121948097105,0.29656703344758495,0.40299487143224605,0.6648149975038697,,,,,,,,,,,,,,,,,,,,,,3.3582936060954762,2.3065020388166433
1975,3.873137375039533,0.34443728655039585,0.5597753390220213,0.7249153321500673,1.335956380567102,15.565821203265454,1.6608526221459359,2.8427218488665478,2.9383576317409643,3.2891597025958883,2.0898974236027437,0.2226916028313398,0.2659958525878651,0.3290965817827097,0.4638110030063101,6.494643769371393,0.5575814591536837,0.8014329776278464,0.8883493737761373,1.2701320042464734,7.608968663490941,0.8011573165752341,1.1808704898255904,1.3335763374836107,1.8715947186654773,11.400615953905104,0.5933191407534827,1.3847345307163152,2.0691199327204126,2.8647317459338324,6.876620837372663,0.7266976656794338,1.4333583066787123,1.9628216842466055,2.5171283326355525,3.1164308167510235,0.12222952675280666,0.26890896669131115,0.3785861236805309,0.5375773721406601,,,,,,,,,,,,,,,,,,,,,,5.007477564461377,4.227456379582863
1976,4.020735492101769,0.21418977884079354,0.576830315423094,0.7544417803888166,1.179539126610357,10.626779144029204,0.35643757683314564,0.8179836434294017,1.2007586263963328,2.199467819320738,1.8942008411161944,0.15290713195712852,0.24860463168476116,0.2866614579229422,0.4021919002726126,6.192689730161489,0.48619216669175763,0.8149309610505703,0.9366389480649352,1.2767506706529368,6.572105094613472,0.8702525281593593,1.1506331396607676,1.2811045790312199,2.050446724911057,13.86709539395527,0.7734412324615441,1.3881040864046983,2.1697356377551107,3.7485554122075615,9.10952854729477,0.3687835977907138,0.8957492834916062,1.4154159417849788,2.4758112132463705,3.4640110489502898,0.28898691876168037,0.4182078923513298,0.5547020928554995,0.9244093048464208,,,,,,,,,,,,,,,,,,,,,,3.3704942641514437,2.2060877298341
1977,3.5293993992598676,0.21854799727820354,0.38644033199821654,0.5157612154723699,0.9243468351260479,12.791518378899392,0.6625646432517527,1.0814495991254767,1.4586348361543764,2.4264283193856673,2.0005369195902856,0.14342570011598016,0.24169894685121215,0.3156019184169328,0.40866253517767404,5.775621989052517,0.41905962333063507,0.6804840624920776,0.897193541738322,1.1941512853630007,7.17458307438314,0.48535859648125185,0.7142416830798101,0.8369086938166912,1.441873000371861,17.60430624139668,1.0281547692450823,1.516370374339953,1.9942138724301366,3.336945659518352,10.504728445459794,0.6634343169265853,0.8352005405482169,1.363196273519878,2.497532784141205,4.326189325543414,0.24662340316663883,0.37263917333325247,0.5008635815922902,0.8187610180619984,,,,,,,,,,,,,,,,,,,,,,3.452848708584513,2.5978199734654295
1978,3.3088893710331955,0.22689332314391514,0.27410857489476426,0.3415990437860375,0.6339331583763028,20.372561973332616,1.2285270997119566,1.7105893143926143,2.691044640180587,4.0129716300967955,2.38550117058969,0.17810213611809822,0.3280635746832686,0.38197121787278554,0.42259652989941426,6.993766941307783,0.5325046798307261,0.9979347321857809,1.1079043694653052,1.2971510978496772,7.799467978587083,0.6174841620300082,1.0688884903065516,1.3508587044618203,1.8386853240186483,14.331838829857771,0.6427543894451728,1.2567068226505678,1.7123131286979985,2.7431262629412783,7.127635762538916,0.3731830712345882,0.6934160668106606,0.8088987171266454,1.2727863647808708,4.55098334149232,0.3950530568709159,0.5877613914024679,0.6812382292737741,1.0373316909651018,,,,,,,,,,,,,,,,,,,,,,4.403357768878585,2.9672961370431823
1979,1.7736099721410796,0.09958853875941254,0.17667721328856886,0.28390505997798293,0.4510161656507136,7.381931591108983,0.21529714721138674,0.6103832586545828,0.9045874147101646,1.2925025168613051,1.2771479721104908,0.08864469662408543,0.1736625819576727,0.23580961828748753,0.34770509128365107,3.516817916784316,0.2076944939547982,0.5026888011625474,0.7292089539110839,1.0392790833896226,3.4007128114811818,0.2750996653859618,0.4072668448290877,0.649249360950362,0.8706608973756551,9.088475109736539,0.4434999905113916,0.9213661886833056,1.1367327722063592,1.9379750282934838,3.9068906086015787,0.2325541002433657,0.42992709182700084,0.5669465868316748,0.9762104547949784,1.8491845209327955,0.09714067019076819,0.17123863345946955,0.2274420596787379,0.3530140686595133,,,,,,,,,,,,,,,,,,,,,,2.041320186916524,1.5317494473378883
1980,2.8956051285839908,0.3300485919257125,0.5972650844778341,0.7083156193883962,0.822584599032217,15.419173418481986,1.6968308398880292,3.008290539806332,3.6934538118524403,5.163260334959345,1.7662867963664375,0.2937689973272533,0.39907606693580966,0.445074217286502,0.5525983019860818,5.389404527363353,0.7666419652487811,1.121878452558169,1.297596808451492,1.669243290074074,5.789014115760819,0.7249394985791242,1.5097530670550467,1.6303087984788762,1.9691299845371288,12.254520660594578,1.1641694840318368,1.8271716118926653,2.070733513657063,2.807957678183267,6.858762769459901,0.8144729884247932,1.2182687141592496,1.3240608239984406,1.7033631812164902,2.841759628312875,0.4099707014458085,0.7014898810313219,0.8612254556213438,1.102882399803253,,,,,,,,,,,,,,,,,,,,,,5.7641873255095035,4.835462151698998
1981,2.0134899757603395,0.1333345079353584,0.2661391478373467,0.2909401367434709,0.43052532427491536,11.130240416988588,0.43640651111527445,0.9702302617044469,1.336119619239468,2.136647190932613,1.3733261979569396,0.1412090261420679,0.22789669514118144,0.25789465602939904,0.45955103254031016,4.087783624293402,0.4521024561031112,0.6196326596673966,0.7797273949782534,1.2345580509125889,3.5700921699253403,0.3265430119631858,0.7930140570376039,0.8811032303376858,1.105941765127721,11.581891942224278,0.6461042863144785,1.3375785425989843,1.6807254286200304,2.572592511066485,6.549406686074378,0.5300621962519846,0.85112640329937,0.9486228661560212,1.3407602880894434,2.1768976398050337,0.17208905136046218,0.3601680354607558,0.44283916817345786,0.580522161277368,,,,,,,,,,,,,,,,,,,,,,3.0168450478594986,2.3078088043034315
1982,2.109063096139958,0.24410930992331875,0.42130258614781746,0.5407145131250204,0.8900300371157529,8.827923393878123,0.36670975414272317,0.7699347218539939,1.1850225465185722,2.068515157715767,1.6248824059156246,0.12351618042745019,0.2768552743881843,0.3593287548926053,0.5118124261811345,4.581397104126523,0.3726407393780999,0.8445668379930092,1.0863779063974157,1.4255721976463442,3.717117006859546,0.592767306399238,0.7700657924557761,1.0408377988547146,1.6586772952835596,9.640130432879884,0.6901440461068842,1.0912965441870912,1.4386536964544077,2.2753808248701657,4.437516655140264,0.24519764184183737,0.4521974864192133,0.6570185439328206,1.1355681252931413,2.1229630056268594,0.20292780800227403,0.3382072303091881,0.40720119168390995,0.6857332473503028,,,,,,,,,,,,,,,,,,,,,,2.62367624297298,1.8612312660410852
1983,2.124383154732694,0.13236315936889645,0.24728590389188676,0.33828426913725534,0.46812869580793764,9.692860808513554,0.3758613360359671,0.7352258517626101,1.0746369609850284,1.5098687696253759,1.8612665187828705,0.09507988983609675,0.24437286973642502,0.31587718221472294,0.43235686553978875,6.017530356296584,0.34250272054538156,0.7325196034317765,1.0239350612591918,1.4248563740282483,5.397892141930791,0.3639690907034511,0.5848315461390975,0.9404082190399029,1.3736639406931728,9.708791075366252,0.3276637500546402,0.7841982054229033,1.052985535772677,1.8802836474589064,4.85338968790643,0.2615795297167434,0.3967488652073903,0.6105948126879877,1.02395695015853,2.9556187864408763,0.19889253815031238,0.31876382283108184,0.4823556515002516,0.6623525859878625,,,,,,,,,,,,,,,,,,,,,,2.1276224967577053,1.5194240571855135
1984,3.0047714132443817,0.13797629679869175,0.3321456937213594,0.44231590105831775,0.6890957574907051,10.058134051907082,0.6239101586360593,1.4480418096650307,1.7736038820609565,2.2512319927435755,1.2792972188480338,0.056155666097827434,0.1200171407828703,0.18646620288584925,0.25252925289135214,4.262512711080546,0.17511206030751744,0.36884364002676306,0.6123769333679476,0.872266996161032,6.706278111736489,0.41742007140185644,1.0170322353668264,1.123650958754757,2.080757718289788,10.734282016810038,0.4194922428020979,0.6712624628276875,0.9554991283687202,1.7311674021214567,6.203581871647308,0.23733364579296942,0.3999459036938955,0.6859950296721553,1.1597630258431568,3.4276937575769617,0.17583961799430511,0.329737716033857,0.4885020913799279,0.8184492356494738,,,,,,,,,,,,,,,,,,,,,,2.729103010429677,2.1193042724927182
1985,3.0990182011607055,0.38994575018360894,0.7130743599368095,0.7782042013972668,0.9714890377223101,14.517456270617368,0.5733230137665541,1.4500514238105149,2.4108740595798053,3.612068291046964,1.9996574888110465,0.09724472857047622,0.19915636305187095,0.2382905429095771,0.3800759036422575,6.060641903794694,0.26519730734835145,0.6144787759588896,0.8189669361567966,1.1909274344731133,7.777061866483781,0.8109506574489155,1.6758897287787686,1.8426984125769266,2.615852716504621,13.52323362461535,0.5734398800825935,1.2925806843104368,2.011000831883962,2.9747656800465463,5.747265317472286,0.24525329021950915,0.47350200982302915,0.727164767239463,1.271554371082674,3.9464867825752603,0.2660116651701126,0.46946717863153076,0.5318034763597828,0.8986085351205131,,,,,,,,,,,,,,,,,,,,,,4.4218748914637676,2.7426321081209517
1986,2.530165052521143,0.20323885215113635,0.2976170449066922,0.40530913265569124,0.635833012598595,10.647967107547366,0.5283504766727876,1.0042266570722833,1.2787707465887859,1.853385471871392,1.738483085991298,0.12210512017698098,0.21132591768625886,0.24275542852253443,0.4325937501187511,5.642138935875582,0.4692374431795188,0.7439467409932432,0.8246062671289937,1.553543868264248,5.9773168965622805,0.5724351949991905,0.7394620083899343,0.9742684297914277,1.4636093767181078,13.855044199480133,1.0436708758931532,1.753653518948985,1.979726056661642,2.8499875408976925,5.804004050608383,0.3821178107505912,0.625402145373726,0.8016888874694648,1.3562364627117611,3.1000492687239256,0.19095553795076559,0.3987089049484166,0.4640086109060882,0.783845503891587,,,,,,,,,,,,,,,,,,,,,,3.258496803250428,2.7578801760212683
1987,1.3879061764667884,0.12312439307839008,0.2017212513861037,0.2354560062142983,0.32792201414760047,6.546823843413397,0.41156604283682585,0.8749868440437831,1.061286531283097,1.2231336474664571,0.8576365875885169,0.09205777298361359,0.16753620662103852,0.18578205670783893,0.24809748253222136,2.4118395853211845,0.22459053445836338,0.4608128890002242,0.5162475262556021,0.6758048770620064,2.55092527955098,0.21299551866323502,0.4513899844114126,0.5161261068505447,0.6841153745995893,7.902598977932825,0.5867525322395839,1.3021378728092068,1.487626241733823,1.610347801035646,3.8746665303598182,0.20397649031646825,0.4671196790087464,0.5433503055856608,0.8706122532864431,1.73267678427132,0.14368509838217547,0.26556210608553027,0.2860867520358203,0.36680415396152255,,,,,,,,,,,,,,,,,,,,,,2.5489127730169203,2.17712471685299
1988,5.559287224317574,0.528782146244957,1.2824438241571348,1.5896666799687853,1.6246388546491297,18.179379282881932,1.408350752518739,3.4245070018907553,4.465402651825336,4.882948532173266,3.1948335012165536,0.20770989713158416,0.47521542092863645,0.5684840914898932,0.6478637781120057,10.137463444570962,0.7244695744344597,1.6621526259967145,1.9647497436440222,2.223033390262766,14.071633128932225,2.365952042454719,4.003924818513878,5.172189347795698,5.35777735819662,20.87970329389688,1.4974916363721957,3.2030739938727915,4.466271789050801,4.756000131107907,11.031341504155101,0.7496327904843292,2.071975422786628,2.7654560219100053,2.905051514412624,6.193558029910316,0.7451786156612397,1.2500614385565958,1.794614956954752,1.8562179555498948,,,,,,,,,,,,,,,,,,,,,,8.931674440876137,6.627580995763546
1989,2.3701470841359846,0.23027985423715255,0.44739977620726296,0.6323398492258239,0.8728102542928058,12.973162635388778,1.2965905919947527,2.688053421759472,3.0411495391912915,4.051753893913159,2.110240604365318,0.22171797382663055,0.3753745331206255,0.58430440934093,0.6674542412376823,6.148259380927292,0.6429497441890936,1.0753757988406678,1.6607780029590447,1.9590548746087366,6.257832616537609,0.5613747493960073,1.0632227807680121,1.8579495148430643,2.1713374006968738,11.612541383506514,0.9618444649030884,2.307878991759746,2.90395897572683,3.9970322288475257,5.41037326253071,0.44679651862982817,0.9800822393360646,1.2088348750580646,1.7347309871216172,3.1502458215612106,0.3256096602581042,0.6163733347520359,0.9162500381448531,1.1526255187916328,,,,,,,,,,,,,,,,,,,,,,5.945108514918122,4.995932413519218
1990,3.4709342420525573,0.1916279183653793,0.3935727617706707,0.4726282508572245,0.7436950496337865,10.9459603793428,0.4973553539513811,1.2063779239453674,1.5114773680833349,2.106496232082892,2.852495418313467,0.15800702163868524,0.38891042471116766,0.49718095318481026,0.660779972992089,8.15389938977694,0.44580867594732704,0.9839747546073148,1.2318348737703275,1.68834887602818,9.299819478841522,1.036294669672949,1.786902243194669,1.9177224308938399,2.111422209436838,15.608090210207012,0.6451197562754899,1.5540714563663482,2.150705569988634,2.9211632442622206,7.078718073785602,0.33791407089558745,0.6806575168898654,0.8853678680537739,1.3596887973825356,4.353002399949654,0.22776455822329425,0.5461600255297694,0.6943786837041019,0.8914164394617657,,,,,,,,,,,,,,,,,,,,,,3.662182938071969,2.760449380311716
1991,2.5230804723932225,0.11090212391935729,0.20342568224513025,0.24949599954969282,0.4214865177025067,9.187849209817664,0.31399003534644776,0.6269486478167907,1.029087514441384,1.7370733307318735,1.396478175087022,0.07552125409317065,0.12334912730233227,0.17874332761412637,0.2750876393161724,4.1173775897687594,0.21433455961344816,0.3671336810720614,0.4784858499035524,0.8171097253734685,6.77979064121759,0.42913444442417686,1.0008322313003517,1.1067034838188272,1.686214668395426,12.083009967743461,0.5171427640935666,0.9453369922164118,1.2477154300163902,2.141839520069935,6.541612499665737,0.35808016075414645,0.5388270763345933,0.7222248137223262,1.187456925589771,3.488786285340464,0.1687899260997114,0.41913123566232313,0.4808675503714645,0.7916922247626127,,,,,,,,,,,,,,,,,,,,,,2.276802944457774,1.5722856400332024
1992,2.7562626624607565,0.14975679562567185,0.2581714229337453,0.33609761394284177,0.4992704247130176,13.238875512636447,0.47118335002147305,1.1306946120831638,1.5474894944876398,2.4860331503501896,2.045824435703227,0.14769168015454107,0.3200763418302427,0.45506207933636267,0.5833634516610859,5.7880671022754635,0.4652066277576247,0.8425233444338759,1.231044945167477,1.6395687702149253,5.5871736776677725,0.41753782647231386,0.6346318497237502,0.9141335266464623,1.2180154234678142,15.870615836727268,0.6610347213065333,1.4865522830637397,2.229446227348268,2.8326390546064424,7.755743401206144,0.3447720100345611,0.6715191625463119,0.8479831368526247,1.559722465529389,3.567166759989793,0.25189273599240136,0.45633086797156497,0.6135521870096988,0.7273905923232464,,,,,,,,,,,,,,,,,,,,,,3.776935721835908,2.6172468951469035
1993,3.2688696810800963,0.4804615847204894,0.9377246375802759,1.1948437764829265,1.4572031743751745,12.914552812323976,1.0306569146178148,2.4623964166564236,2.9383008004151967,4.187889910670458,1.793016569163554,0.23504253200646968,0.4852192638262195,0.5388085082896253,0.6437365977673344,5.4973166527415325,0.8859300602484245,1.6979272315431784,1.8821703692390783,2.153722896457266,7.64062461269926,1.0048390702703172,2.6126757754388157,3.327983784496543,4.050654496322575,13.447249946638047,1.2312184523950171,2.657554236747281,3.345087748420094,4.798181682927907,7.050225472884795,0.5598744245621586,1.196235293238601,1.5714928711934648,2.202419560782225,3.5213185736086325,0.3773565547377262,1.060053738812229,1.3568144699890226,1.6635524126218755,,,,,,,,,,,,,,,,,,,,,,6.2833885488352905,5.119950653403705
1994,3.741931347137726,0.20341453946023672,0.46801289886356345,0.6545440097988253,0.7842347931688196,13.351283540295654,0.7027598224003787,1.5136928351787233,1.9855012924829274,2.738678846665436,2.265383177121674,0.16934432127257915,0.3100792147674503,0.40890454459298176,0.6112168921899788,7.037741085975012,0.5855354278555164,0.9789450460573704,1.2762781176301337,1.8677630923303579,7.831411601433387,0.48508017580451107,0.8582326302218224,1.1530340382566457,1.5377253129420492,15.819363769092554,0.7965910098167465,1.4787463664452816,1.8975149154118425,2.9494980266973743,10.321267215440162,0.42784664826645846,1.0404606443093383,1.3354554447697766,1.9883329443744249,4.84273488112679,0.29935976901485445,0.6454682760397061,0.7938676883457012,1.0363058298655252,,,,,,,,,,,,,,,,,,,,,,3.88301620789477,2.9924392016240047
1995,4.356117175016245,0.35389922142241087,0.7288349710989493,0.7766978763622354,1.2709554711518392,15.362920249375264,0.9820643952050145,2.353371100926532,2.794731861664083,3.9703176715750823,2.9694702483924633,0.24581420231491088,0.4707986219294648,0.49193935919462817,0.968305899967308,9.339308332519602,0.8068167699396515,1.502948806713593,1.6400045997950592,3.2093096981620213,10.04201646361335,1.275628977729021,2.6292396343677478,2.7446979221781236,3.200783226610443,16.51631375123293,0.9683548989343602,2.1703517708337663,2.530164947322063,3.4004783118816126,10.553832431317739,0.8248726653744581,1.9060314719179439,2.021750183405204,2.689359975649432,4.477605382461543,0.3974400487772054,0.8350283438330974,0.8580994668255666,1.1467256906360186,,,,,,,,,,,,,,,,,,,,,,5.324896808986146,4.523722871760299
1996,3.152903691090707,0.17149770894383617,0.39070227406292146,0.45116521538397886,0.6483766799888052,13.569307014366029,0.45247168748741695,1.0692435490118286,1.4384332176817929,2.4674027907850054,2.350221427749504,0.21806477767868135,0.39339856192490436,0.4489530315718394,0.5721982820351171,7.272023626438129,0.5250322460190572,1.0124179292279802,1.180903193017457,1.5764056901476053,6.789578257078734,0.28416128558566045,0.6984828677377275,0.8125502510175996,1.1114065884070627,16.555551380527195,1.0418172056175443,1.5734127189178921,2.194945830213368,3.5186579097669313,9.012675235177056,0.3592830921156616,0.8952489427353062,1.055310506609494,1.7964987625097053,3.385174143468537,0.12581062010377042,0.27638882372662754,0.38816822071575197,0.573442770548217,,,,,,,,,,,,,,,,,,,,,,3.633379047895161,2.6426562679297207
1997,3.323282247788012,0.16581789271562242,0.4762656913354668,0.5409469651798415,0.7875926612543687,11.807829733279856,0.7654476523922387,1.765725022249754,2.22388348533549,2.950308944442549,1.906252285824022,0.2655268449686546,0.5109075089372462,0.563123028520522,0.6647339285990865,5.573569998426586,0.7725168447622337,1.4636649054563722,1.6331069571098569,1.8468845683590152,6.201153933616426,0.37931777712968195,0.9787389169096472,1.046898798772693,1.3378847560823266,14.520014441878244,0.8471937349741722,1.9782942708752382,2.3607637956014815,3.2843462694482977,9.473210328747927,0.5911702525568447,1.4052326798768453,1.521547474201966,1.9537648234008598,3.4039357998049495,0.24019330967733374,0.5958465211554517,0.6643621821706738,0.8629766259965288,,,,,,,,,,,,,,,,,,,,,,4.584647280936972,3.7440192931249925
1998,3.132566223648706,0.20800019506341122,0.30716008759933333,0.4250341838365739,0.7950397326441729,15.991163804454022,1.2340446575566655,2.47362775885534,2.6195017305505166,3.285405919193409,2.4803255156322144,0.19814418131024453,0.3027042120526926,0.3866850050629284,0.539681359136563,7.762260448092699,0.45083074411178203,0.8363081372700036,1.0718914246439741,1.5701479826174816,6.844472439818475,0.4440083637022392,1.1107182108527098,1.4054514148211383,1.7259645597495041,15.751850928908876,0.9140927753111165,1.3693189257698564,1.965674081241153,2.503147187912391,8.418374191964164,0.637212737775037,0.8314579137306433,1.0765475572381256,1.692348162578431,4.0588225723560125,0.27507619384421156,0.6253678797745551,0.7386380880238502,0.8034854756990187,,,,,,,,,,,,,,,,,,,,,,4.58517581179167,3.842946684625196
1999,2.750309993481848,0.16303366413528217,0.36724319502385033,0.5540896133722423,0.8933063043492246,12.968015433792024,0.6403620185319425,1.5228026006670032,1.9366150160996294,2.5300507302757076,2.1899579982898136,0.1998584643222494,0.42963579860320045,0.5108215365868107,0.5978814982665838,6.159263509955755,0.5246669723764371,1.0598353427238296,1.2983759539708934,1.6565604744783597,5.244717888385541,0.4568720312954035,1.0666584081781916,1.1719431100696012,1.409147453941951,15.73395106785044,0.8120544502646309,1.7635712379805204,2.27794374395184,3.088567455415033,6.729973844706457,0.4318770642076792,0.9120482208393483,1.1218288163927101,1.726889109586221,3.533082761892863,0.3375818393733368,0.6162791697709287,0.6827472331224956,0.7805546830225476,,,,,,,,,,,,,,,,,,,,,,4.214558760051469,3.2863738386475236
2000,1.9738438394306765,0.09593567495997524,0.18365663556644365,0.24952253238710148,0.42129673668146617,15.382076164724676,1.193373178518974,2.618221758415909,2.846254573394076,3.168735705416567,1.808097535682224,0.21689465108301442,0.37277507956669165,0.4761512685741428,0.5684842071556092,5.573727591108446,0.6207685003210898,1.1677488417189812,1.518783563129226,1.8124863510290334,4.756427887566411,0.38398650398662754,0.6303307843995911,0.7859728717098906,1.052653957795686,12.382078175949378,0.5149039133229614,1.1297622128214644,1.4956955091197681,2.117374634336185,4.466305211815615,0.17138304675131463,0.426848079621559,0.5724411524364219,0.9091169057366262,3.003026691085332,0.26303811515159614,0.5188533256278549,0.5992288437817036,0.7655750720334127,,,,,,,,,,,,,,,,,,,,,,4.3419500825138435,3.7479839712373733
2001,2.355569286574965,0.13290402157872105,0.21590339204793693,0.3079185612624965,0.5999243278372175,12.586205625897437,0.7569555081474872,1.1567447920922356,1.578345019962426,2.5013070359956884,1.6924232751816157,0.21040046367057033,0.31482199089249013,0.3493792351732392,0.5205351854867631,5.4685875663072,0.6389453796854248,1.0130259380978222,1.122118495283116,1.5710658342503705,5.750938986991465,0.48340849895733173,0.6579722643564577,0.7065487036267412,1.1964741923298423,12.150749326930711,0.5334252161290068,1.3539273771653457,1.689889736740972,2.4154134433936645,4.635101351907987,0.18024396028735676,0.41422992562649846,0.5494266477565134,0.987014801812799,3.0376272379419578,0.29925370926863853,0.44853967409304507,0.5350996046161347,0.6973056503412961,,,,,,,,,,,,,,,,,,,,,,3.2682347567033982,2.5106721692575813
2002,1.537939751592014,0.1582513433462781,0.22781800503190233,0.24831490502227874,0.34931783250598786,9.704512529523365,0.34905087301676574,0.7929432679212005,1.1390773717915461,2.0126888437361714,1.330633994745599,0.2328716762211762,0.3114947181782918,0.3521183062276216,0.4626223832275145,4.703957430944714,0.771709825928831,1.056057670596661,1.2242530489911472,1.5844464618395713,5.525648180661967,0.49156983727184483,0.8679974740157718,0.9505722805013347,1.1737148923758363,8.097678654749577,0.4568165906846909,0.8129173646109226,1.0881589947021508,1.7122045195025615,3.17898500589919,0.195681415866549,0.3495059454959769,0.44413148897824273,0.6635653763227405,2.460099177562414,0.17895322791508678,0.27155746662885216,0.3607846834964973,0.4707844708271355,,,,,,,,,,,,,,,,,,,,,,2.227236366493697,1.605860632532123
2003,2.131752139854391,0.1292975969447288,0.18302862774212408,0.2923662459224629,0.38766321334441306,11.555380093810633,0.45212352893741037,0.696004428440301,0.9967253487592143,1.8502624347290093,2.028073928059706,0.14498755829587553,0.2337935540687064,0.34983956437344865,0.5740104361234664,6.442076664379274,0.5045549219982204,0.7384089066533048,1.0507726740843069,1.5942015544537405,7.163680879375015,0.8424154823075332,0.9481657393993957,1.1003482085431862,1.778822789051984,10.03582063637939,0.7285196987291415,1.2260643128340107,1.5616956221867624,2.3512457633950863,4.264249500246371,0.3997343008165739,0.5384755584365228,0.7829754181219042,0.9855269278063636,3.176986042485772,0.24823534409552006,0.29922625770635375,0.3635995685818872,0.6415912779556266,,,,,,,,,,,,,,,,,,,,,,2.558420970945977,1.9220687412743116
2004,1.3284853725489545,0.10779611696654795,0.21441189574403857,0.2506042014283013,0.3409202824738443,9.238965199373398,0.3495096800816156,0.7701953624163321,1.150687364631268,2.078712764209599,1.6375172647673542,0.18543943419268988,0.44814521760381987,0.478518323115144,0.5968185442719566,5.064179763241207,0.563164343713459,1.3546144948269707,1.4473230587041055,1.7423632054338307,3.1446656741519834,0.2556337406358765,0.516549982514955,0.6025325822264976,0.7953766439051383,9.916759275300501,0.602268277411264,1.0877623637929603,1.539432049894619,2.747059034726316,5.718797181408633,0.37373423894462343,0.7134631169388799,0.9963271087797296,1.5060333192214883,1.8772019232645274,0.14912071271042635,0.2775176130021039,0.31733246461287107,0.43980084884367704,,,,,,,,,,,,,,,,,,,,,,2.690119414525887,1.8579577262092926
2005,2.1842297735115133,0.11276658406511303,0.30654034296685495,0.34823315911661057,0.5229459358527565,11.629242432572303,1.1347223066765801,2.0693865484169214,2.331081598298538,2.883205002129787,1.856521912076401,0.23873295221127797,0.3901938433768883,0.4197403087796355,0.5366649758058293,5.463129086627827,0.6048547121251867,1.035976023999235,1.144436109124473,1.5154147701647165,5.559341792612939,0.31439786668397607,0.7644558889554776,0.8600187053668392,1.211757700259025,12.169472947049483,0.6456685058704622,1.483299747614939,1.578130728829638,2.818618360920607,7.168860339004322,0.4093378790001264,0.7438865898004055,0.9206466331287987,1.7006803536012127,2.233796223483014,0.15799037213528347,0.33517897201977154,0.38086913026610225,0.4818497792632971,,,,,,,,,,,,,,,,,,,,,,3.9092123271281762,3.5526862960318604
2006,2.7988852953670955,0.2197335907833023,0.4333962150513845,0.44245348839385606,0.7456579898178385,14.538412399477695,0.4885076865598096,1.1305819039525233,1.6037946481771592,2.8985477384193796,1.6548599789338883,0.1676712802388916,0.23568663455121294,0.3020804883776815,0.3707061989294794,4.511391467608961,0.42165835347522934,0.6057886321356604,0.947369264880725,1.1667482154352395,5.925896386918199,0.3094130087784915,0.6681598405661066,0.9502852242116544,1.612351460391584,10.015741052250938,0.482427360104955,0.855746805555273,1.1818832001236665,1.6768529786754667,4.981334984141133,0.4580136436388301,0.7993192541349639,0.8504264230509319,1.144195301599005,2.923722268134309,0.17866761805401682,0.3654015092456634,0.489889106293395,0.6738240052436058,,,,,,,,,,,,,,,,,,,,,,2.7856778483008258,1.9863287095077964
2007,3.0354677435978,0.18044962626904007,0.2943955096702545,0.38141503520306397,0.5163915184963118,15.61312169940957,0.6693345117568693,1.5148917923671652,1.8149602697520584,2.5486961650210196,2.0864294839497077,0.17002871044678688,0.40241710547978116,0.4591153857384663,0.5533211062529102,5.81806355043164,0.4917600656300693,1.1055735387104058,1.4104047806045195,1.7050473961497825,6.205624908441672,0.33296179772754025,0.8527124676447354,1.1226009155234946,1.4392574038636088,11.342169969737558,0.9204246881164815,1.6233445301551024,1.9351099467611943,2.4111898566452696,7.707471133642193,0.47473859722663664,0.590113908955865,0.8187693091019965,1.1533766141024542,3.118532521291253,0.2955911665866608,0.7661468866611114,0.8745707489662653,0.9872978928036578,,,,,,,,,,,,,,,,,,,,,,3.7500702165132527,3.1382363225222676
2008,4.338783997322253,0.18298855771344946,0.39336899946096027,0.5980759989803078,0.8075021260973702,18.50552073527126,0.9989158048400815,1.5085772396282167,1.9323239760286754,3.0225294971863903,2.488453805402396,0.2867713181249695,0.42967191090421814,0.46139216913222453,0.4707463977800013,7.261815634904764,0.8224447066173325,1.1578610993157246,1.2623948223270867,1.2924418732225387,9.213469927419183,0.5090862705375022,1.1971916348520124,1.6779532225873064,1.953888269136114,14.894553326174298,0.8731885764999121,1.0587967550296773,1.4937058704714317,2.212751349991396,8.640814956989722,0.5287229566870095,0.8311061902782784,1.1260863052122239,1.5173663545220308,4.222588831800302,0.3385650911083442,0.4524636718221901,0.4924271879052359,0.671471266268484,,,,,,,,,,,,,,,,,,,,,,3.426029846500107,2.5673739946578937
2009,2.3703505602992756,0.1258590935608768,0.28114259273697917,0.38027943482363386,0.6736369662349863,9.854408221346555,0.6909760916251138,1.8509636977250283,2.6223920123834237,3.0421853945657085,1.9916776175415525,0.22113207013302993,0.5804594751961156,0.7752886886609882,0.8355794611292284,5.641635226219181,0.5698674487245808,1.5423394066445193,1.965491381013758,2.1641967907916815,6.786465050895977,0.7618253404570813,1.348347089461761,1.4355649473248262,2.2422303157004273,10.19744636908403,0.6805538661749696,1.05076667993975,1.540815314812337,2.085429706940678,5.759718742704177,0.35713302683767795,0.8182560737625844,1.1090879060692793,1.6793687936686879,3.191553247333247,0.21075616000276343,0.516886444630016,0.619794052333936,0.7790148195352291,,,,,,,,,,,,,,,,,,,,,,4.16320732719576,2.9017303776647783
2010,2.307736692092872,0.14518248701421352,0.3159332025319892,0.36638001133898956,0.5468306219912813,20.749407449517896,1.2211007878714875,2.3982304938579473,2.769953326267199,3.9649904620168916,2.447533491079849,0.21913580404779723,0.6268833158469191,0.6448076969068225,0.7330024343636469,7.129477055719388,0.620058192826828,1.7494463060385437,1.7945420337609335,2.073390479374586,6.018197167869758,0.4536031336613531,0.8649544289908234,1.0290078005567653,1.2923222766512978,15.29218850853605,0.6075245039105999,1.284662871941801,1.6510280041829963,2.540929414064232,7.517163404347657,0.43730512141066114,0.8815940642800459,1.151515424815448,1.5719154688895698,3.5082438665510884,0.2541524604964237,0.547908605076112,0.6341035990997095,0.7297553807800494,,,,,,,,,,,,,,,,,,,,,,4.4209813304501955,3.6828933657997482
2011,2.751706901729103,0.2510887330178218,0.43552434348747415,0.49316734174936344,0.7212167159248061,15.22725772886005,1.1276329575973103,1.6403109730831176,1.9963565736958055,3.020112304351116,2.6247153106511862,0.14381762555641936,0.2734265758654728,0.3745117409900608,0.6749944962686282,7.84173603098594,0.38225601723830416,0.8149327895391648,1.087916187248154,1.9779749451260797,10.285930729200594,0.6931136526874839,0.9592697758099795,1.1712954185423676,2.2195868956253335,9.970937411901568,0.4780679439552754,0.8856165386845378,1.1697354337466799,2.051852484529366,2.6199245726465534,0.3089821975342674,0.36868839549734217,0.4247304203977103,0.6490731966098084,5.113774368996925,0.31726447148883624,0.5338599049585492,0.7295250905380014,1.3208449612331878,,,,,,,,,,,,,,,,,,,,,,3.1660920074424856,2.525927511767655
2012,2.4082733662451723,0.21434207022688276,0.311211010909196,0.3585850837526794,0.582510638434976,19.32618535924933,1.0613480676908165,1.717704597187349,2.12364132742985,3.9570273854107967,1.6655323767931538,0.11482897419000627,0.17978797543562694,0.2400574733105898,0.3758171279796486,5.277757444436105,0.3373876895009679,0.6146530738245649,0.8870436522259887,1.35445339977146,7.28439020476533,0.4114138987160472,0.7304650191235584,0.8445124047809094,1.4521275557039488,7.953968164287011,0.572700651844009,1.1176964936600373,1.175400599387449,1.4501253141497437,2.2973411618643347,0.5250967638925895,0.5606787531610531,0.569151946532013,0.7198906051688243,3.138414336483225,0.20873335243223806,0.3857189235158873,0.3981734105290585,0.6844499832866511,,,,,,,,,,,,,,,,,,,,,,3.2990419268172992,2.8354010908473866
2013,2.9568862613523055,0.20927090909708979,0.38528278658685433,0.4810466033158715,0.732339387854686,19.00492970119926,3.034553523722407,5.519969899482114,6.217839141687864,6.817887024931353,1.8627135906623682,0.13742843750735093,0.2059995196379705,0.2942464193882218,0.35693379834532535,5.768104270394587,0.3873773597580098,0.659036493255251,1.0024126907361615,1.1801649767881064,6.180199947268263,0.44864177456182525,0.9990186322772483,1.345109879917659,1.4043625096611747,16.5390894201727,0.7465540313088356,1.3834385816373738,1.863960631176491,2.959704786525542,7.335365822450847,0.31187725719014825,0.6488177937005548,0.8470075145110574,1.5487803664799904,3.6420976412476294,0.24811056988942953,0.5956208001354673,0.7614519003581315,0.8369704533460959,,,,,,,,,,,,,,,,,,,,,,8.081799772864354,6.903408481119488
2014,1.526298772792569,0.11554436167449281,0.2633411973790817,0.29384645103051166,0.360130688505872,11.354244599927618,0.6512474319121568,1.588241563717896,2.0620779512515113,2.8174364657348856,1.2014324494488562,0.14316312629683683,0.23595538244643713,0.26786459548507696,0.3148702179118633,3.423657715597681,0.4767594196321602,0.6796634263978787,0.7704408404320129,0.9118139303811362,4.510841491380312,0.6123134542471208,0.6903985770557515,0.7459300397780262,1.1074598641411009,10.295208081385065,0.7816849817080432,2.0295177494006387,2.205482577792459,2.965689660395023,3.949772367472332,0.28031147063391804,0.5108506808143464,0.6595846516597564,0.8705982710085547,2.8044491008523487,0.22705097898153395,0.36462322372319256,0.41914564639831814,0.6862339907477872,,,,,,,,,,,,,,,,,,,,,,4.267560529043971,3.6177593131185346
2015,2.3973242397142958,0.34328658618367375,0.4097458558362741,0.4115320921598725,0.5105965561035453,11.806047013291092,0.6706424113135414,1.2929238183951877,1.51770770869172,2.465733967699142,1.5139222682620461,0.13593455006088542,0.24673992569457248,0.2970086782990035,0.42435161266188315,4.490476055108498,0.3486823107746829,0.7975262454367893,0.9345803661488458,1.2809454554798405,5.115338791711357,0.6439882063601133,0.8557109366549844,0.9656903336107286,1.6434715661612398,12.56808920586474,0.7131855463733727,1.1873473942894228,1.7096923844063177,2.495855255655538,5.746855367068962,0.44843550352422146,0.6034795800588206,0.637757174435657,1.0417960759134413,3.125240464736267,0.3696674563645277,0.4699246712228823,0.605295431045181,0.9927222908156502,0.43714882003531863,0.7307754053620164,0.8627388023759832,0.9503933215604431,1.0,0.38047912944615886,0.6770196524281306,0.8723696605489686,0.9263943478967029,0.0,0.8357508532423209,0.8357508532423209,0.886518771331058,0.886518771331058,0.0,-0.035374079783083934,0.0,-0.07905749735583162,0.0,-0.07144732766387495,0.0,3.2274000930980375,2.4802712126846105
2016,2.173740984361419,0.18689776871822836,0.28932873589316194,0.35779994662441816,0.6201131836370893,14.101032597778712,0.5142193712707014,1.0904357306409538,1.5581254923918613,2.452383583578937,1.1747859745662996,0.09322843283302022,0.15184007063462912,0.18868123919401109,0.2678481878422758,3.3463172125102876,0.2820927775963363,0.43000307843262214,0.5535911915170527,0.7415864484779187,5.647626892266635,0.3748538366213875,0.4879154606953332,0.6948217883718111,1.1024391344677407,12.318924192083365,0.7476202282917946,1.3818138305344214,1.741384560302431,2.813602590563968,5.0231774743362,0.31004616757698705,0.5388870685221907,0.6782183000428657,1.1205714100940578,3.2133458399249717,0.21430112101865242,0.3290603866099835,0.4107956799705161,0.7046272927676481,0.3051661582918606,0.40230695135655803,0.5803885053780703,0.7386000963236474,0.0,0.09012830924151372,0.3003849277245412,0.6196865356504792,0.74760597693682,0.0,0.3276450511945393,0.42150170648464164,0.6689419795221844,0.7854095563139932,0.0,-0.2525585711684071,0.0,-0.2586390158636792,0.0,-0.22664557896094215,0.0,3.299510052694292,2.472249561175375
2017,2.224263088902923,0.13494232233101366,0.2540206989192942,0.3680211491063778,0.6341375150210852,15.273635489322341,0.6926999953026091,1.153900941259323,1.5964889015813954,2.505254990899346,1.4879862543636497,0.09716513959361077,0.16829943364447636,0.24013370891452554,0.30673834486841006,4.551493619963455,0.3975820544372578,0.5413144915631781,0.6517606746004287,0.8234163726899425,5.968199312422137,0.3512271615932269,0.6583278122997656,0.8901772687388817,1.484681837790688,13.714440617439257,0.8024393248462093,1.2972408362635424,1.6238081664227435,3.0117681297348953,5.3248955129140905,0.18919563319734597,0.4572394761970574,0.5661640682568361,1.0714619326652919,3.3835301755359977,0.1760069456298203,0.35762264166383045,0.5795596440294462,0.8660186125173489,0.2775341146251405,0.5849462192968373,0.790125220741692,0.9039765612457858,0.0,0.14493259704401493,0.5201851551080072,0.8153305181094689,0.8853743706350495,0.0,0.6040955631399317,0.8186860068259386,0.8357508532423209,0.8528156996587032,0.0,-0.08421501282205571,0.0,-0.11845661676622876,0.0,-0.116981844675502,0.0,3.2202970680041387,2.4511417775228654
2018,3.265418036776922,0.41605074866917413,0.8235037256224638,0.8388656842645639,0.8457372657595927,15.68430275250809,0.8390169011573663,1.8665120254449707,2.1798742295967677,2.5028335902005914,1.8622498582162912,0.10449402537799655,0.23852692767094708,0.30792484668845505,0.3244055715594339,5.9025360186307525,0.3279238426909198,0.8408873316789589,1.0634611277925274,1.0634719609388488,8.985973689629851,0.8706285366326371,2.056645103525886,2.093338983079278,2.1135593559945733,17.07021309149794,1.3468590943044165,2.406397876527964,2.5791351828495603,3.5189157953888484,6.988086865749767,0.7125612295737876,1.4663693697028453,1.5705189972519409,1.6354194808666982,4.847807384591976,0.36967407108064276,0.8547882029708748,0.899215910908972,0.9796606089306372,0.0610049767217852,0.2764488681971424,0.4947824690961631,0.8368919569754375,0.0,0.07961182394023063,0.22445346759785612,0.5448952411888907,0.9926343998700666,5.0,0.36945392491467577,0.4739761092150171,0.6301194539249148,0.9714163822525599,5.0,-0.16162742881720152,0.0,0.023093369285457615,33268.89713627939,0.031088040426137133,18543.300198021643,4.7590094124463285,4.272909901972935
2019,2.6218667061899397,0.2908141425828132,0.41217983176184203,0.4814639367216096,0.7308151158194629,11.646320018479287,1.077836775677438,1.8655983985179456,2.030994432179331,2.8204846198633886,1.552263710626907,0.1987757785585251,0.25301414811193407,0.33554805932659904,0.39001788530824844,4.769563822966697,0.6524927694720041,0.8325876705051842,1.0512561589943399,1.3053988537750059,6.6808145840059785,1.2055985381883139,1.4870145578550924,1.5786768234175381,2.070936774815922,11.725286602181338,1.1825778604060038,1.6918219571161273,2.123153565215042,3.1700871842254843,5.392684466518251,0.3984562204969444,0.8204430835029554,1.050467389892007,1.5118888982971812,3.306897934726491,0.5804267922271462,0.751463641964548,0.8000892760121203,0.9235103174334826,0.40664633167442604,0.6864665275325091,0.8518221223310323,0.9144324931770749,0.0,0.32597044014942345,0.4555790157544259,0.6176709436413838,0.9194412863407503,0.0,0.4867747440273038,0.6134812286689421,0.7081911262798635,0.886518771331058,0.0,-0.04021110546367203,0.0,-0.0896854064814307,0.0,-0.10627430673210693,0.0,4.154147997394373,3.557420355634073
2020,1.956502812662771,0.11363680072245166,0.2017818590737005,0.23850570168439755,0.35008828318394464,9.729970099953807,0.293190088659223,0.690757751675635,1.081834865769481,1.709584235895924,1.2427947594927808,0.07886776081409266,0.1645352934000994,0.23705958000408447,0.33637183918630165,4.098887265166885,0.2490829567549782,0.5273370039194524,0.7818703930483749,1.0528619865084556,4.595485749506423,0.31086456734264206,0.5201065220461064,0.704573847461131,0.9233534234483382,10.291575405465382,0.5188201177667663,0.9840107144154872,1.4664714696019252,2.230080174695862,4.367320696240444,0.28544873545490457,0.47036681829135796,0.6393491186256672,0.9359435934200203,2.674208517717655,0.18307574111475847,0.3531029155965637,0.5108507598336843,0.6585210043501033,0.3011912024401991,0.48759672499598655,0.6071857441001766,0.7754326537164874,0.0,0.38213578041253854,0.4263553678739646,0.5311775215202209,0.7828861458502516,0.0,0.5388225255972696,0.4633105802047782,0.45264505119453924,0.6301194539249148,0.0,-0.22359835522224267,0.0,-0.22923785944366343,0.0,-0.38982639713742984,0.0,2.5483063353714064,1.6747684660911222
2021,3.285908651339603,0.23955413276687235,0.5291664239321836,0.613156297568608,0.8252275723077831,13.193486966803269,0.4125914986960544,0.859810348831274,1.2648697648217726,1.9705470102125187,1.3999856747553976,0.09370964528351211,0.1635698963624481,0.18230624071518134,0.3015720426067282,4.527008792260095,0.3234127663963661,0.6100430649773211,0.6798608943273053,1.0651045252752498,6.712710827434392,0.5031145069139996,1.0285422235131447,1.2337486979796755,1.5929917517506251,12.822142163835862,0.8477374372141616,1.6607941965243667,1.9533042411454746,3.391356690259663,5.323544647632143,0.4550260992548169,0.7757977208694251,0.8973023629623426,1.4641265939325774,2.9538501858530837,0.19489686657954408,0.35870247220014095,0.4352149160435128,0.5742669003121119,0.1252207416920854,0.34099672040914614,0.4518037749696122,0.6758709263124096,0.0,0.05684586649342212,0.3042451100953618,0.38121534142323493,0.5538411564073412,0.0,0.306740614334471,0.3903583617747441,0.4321672354948805,0.4424061433447099,0.0,-0.31933201838693653,0.0,-0.446698312685235,0.0,-0.568216835927433,0.0,3.2181740059672475,2.5206045453556407
2022,2.9807226568368277,0.2396191169055747,0.3740371901329606,0.4443439283041716,0.7053442232115016,12.988718032682593,0.5497447191577514,0.8189681592739297,1.227044230849687,1.8670640510369652,1.675318011697897,0.1416301581641121,0.2977628989737787,0.39843379658666567,0.43149877519909907,4.919379606145795,0.4944479010602341,0.8673364557290872,1.171567835816353,1.2379439047666199,5.877863949721485,0.7985765066734773,1.014233669414309,1.1380222374989208,1.3537265482210028,13.98424504046745,0.81426104893568,1.2837965909945355,1.4816673289420184,2.893370849565909,6.138818588143763,0.2675241384922246,0.4873615547643182,0.7689238690539869,1.058104739840127,3.092922727137112,0.26647377299345204,0.38050310483781336,0.4172570052384559,0.5482394798414961,0.19968534275164554,0.4482260394926954,0.6511111620760038,0.8509712634451758,0.0,0.12727609689319938,0.38200422283579666,0.6061152230910231,0.8807844729576093,0.0,0.3276450511945393,0.6040955631399317,0.7679180887372015,0.8698805460750855,0.0,-0.1445082208435151,0.0,-0.12205462887201866,0.0,-0.12631343608078727,0.0,2.7087115597917055,2.102764750268465
2023,3.338601025792763,0.4267652757605515,0.6096723989899436,0.809340571209252,0.9829470087758494,16.027853758624886,1.0547888410862456,2.868616096766142,3.4265351462616427,4.5129084036390505,2.3400130375533985,0.32849208235582344,0.880094109088928,0.972944989434468,1.0891791702372073,7.074612896936632,0.9442257991882251,2.538615486922566,2.790339960588785,3.14097919068456,6.6660274131908634,1.0174708194376314,1.7458663522019127,2.2661628695930043,2.71498295527183,16.933340954896952,1.4393324985219567,3.069548202789389,3.2922135139124777,4.390566042844836,6.670188115461972,0.7511232802708281,1.439484913041542,1.6244673532120588,2.146586035125627,4.4929114930768765,0.6317947428192366,1.3504388949928603,1.4803183282043553,1.7644498343096526,0.35824048803981373,0.7747455450313052,0.8929041579707817,0.8929041579707817,0.0,0.3972505549239348,0.7598211095385043,0.9224796398988375,0.9926343998700666,10.0,0.526023890784983,0.8528156996587032,0.8357508532423209,0.886518771331058,0.0,-0.08302908330686153,0.0,0.14531571130879595,147187.41902173034,-0.04757016456904438,0.0,6.71874866017412,5.938164299555531
2024,2.0869952348696197,0.13858484195595497,0.18622798453117362,0.32836949537387833,0.4604467231997107,12.20374859200298,0.43551729397980093,0.7780440724432198,1.0386283371197065,1.8138926260251642,1.3895228401622202,0.11994273286123465,0.221444312440556,0.22745986434733284,0.3147829435592145,4.496506382711654,0.35953339505628024,0.8101844047429367,0.8316264577196525,1.1042964124947379,4.600846793765002,0.34793199641821376,0.6509895424099987,0.7731102736236826,1.084976093207168,12.315272946064217,0.7981635869384174,1.3119248676313349,1.6490168917335541,2.3726492963261245,4.88777822968137,0.41536438502385464,0.529404082056808,0.8297986660656529,1.2694069331231848,2.5759914802327417,0.19807831023881342,0.39878340564256315,0.4536325638479357,0.6218364218226675,0.3186996307593514,0.42759351420773795,0.5284965484026328,0.7336483728183841,0.0,0.1858660293742314,0.27956797141465,0.5156947376969303,0.6622689621568946,0.0,0.29650170648464164,0.12713310580204779,0.24189419795221842,0.4112627986348123,0.0,-0.2605014079671708,0.0,-0.3240986657304422,0.0,-0.6023442921726697,0.0,2.6876452288532606,2.089968940074555
2025,3.7480995902919307,0.30566521827570714,0.6150121707222957,0.6905422239935373,1.2218016513790506,17.369250161401485,0.7115831660372129,1.5155749827943519,2.2777322274344454,3.6908544458517216,2.1039053656195974,0.17333230340841865,0.3926632557325239,0.5191577360939938,0.6530012622472524,6.074279453081353,0.4355780106890812,1.1119337729709082,1.3722101538775227,1.8146199151107236,9.654891162130633,0.7551868837486313,1.5912903845645787,1.9275548070908686,3.294725053218899,20.121213166282843,0.8777389172583502,1.8992330107877236,2.261150600678434,4.120518976853359,8.600203132725284,0.5913551463608627,1.2889860798996007,1.588575104965641,2.6046746795609477,5.34344147765559,0.3944923045894813,0.7569645665782585,0.908508536561857,1.474026464358407,0.2733825654198106,0.5299406004174025,0.7438135519962458,0.938864585005619,0.0,0.22607485092461538,,0.8439337339613447,0.9926343998700666,32.0,0.35921501706484643,,,0.9714163822525599,1.0,-0.014802236923819332,0.0,0.17959447809284462,157539.1432457315,0.2121216069642684,71526.75585717279,4.538882828112879,3.4148079935820754
2026,2.4139976666418104,0.17865121059885378,0.24475260398485935,0.353204754763744,0.5558440688139725,14.293832152429808,0.45295597867335696,0.9320099732204177,1.43965643204557,2.703131073349277,1.2232648952396248,0.21129454737711048,0.27259846499001217,0.29717059542979524,0.3614413475915588,3.788141964209179,0.5520295841935005,0.742686266818474,0.8446317688253445,1.0224507402415692,3.9009415799192837,0.24635939999192055,0.3844373519752927,0.5103929270681964,0.7477785295337076,13.254401410829285,0.5985289168481973,0.9462598847183663,1.4045278211162873,2.4193956598156596,6.453387979906198,0.3637356705843901,0.5824791555458402,0.9975772786606626,1.3948980083150466,2.5018626685024965,0.17278692750829122,0.24070682622376235,0.29543908043300315,0.41669799250903294,,0.4075612005054934,0.515690392445891,0.6628832878471665,0.0,,0.41509214772883385,0.5691531590060094,0.7480679366110583,0.0,,,,,,-0.3209727787429805,0.0,-0.23985099463916082,0.0,,,2.844184253161857,1.878269857938784
