date,dam,storage_bcm,hei,forced_release_bcm,peak_release_cusecs,release_day1_cusecs,inflow_day1_cusecs,rain_day1_mm,day_of_exhaustion,model,storage_basis,qpf_horizon_mm,obs_horizon_mm
2024-06-01,Pong,1.59264,-0.7525561964401608,0.0,0.0,0.0,40202.600414709304,0.376234503422818,,ecmwf_ifs025,cwc,4.2766910551513035,13.757749372054375
2024-06-02,Pong,1.5791826947352405,-0.7537174907888148,0.0,0.0,0.0,40359.23922107586,0.6302982149078197,,ecmwf_ifs025,model,6.433086852693176,13.67537493462327
2024-06-03,Pong,1.5657595280512693,-0.7545743294497642,0.0,0.0,0.0,40657.53811845979,1.9422529304788496,,ecmwf_ifs025,model,9.006693789534067,13.642285314583106
2024-06-04,Pong,1.553100160770387,-0.7581608711695872,0.0,0.0,0.0,41172.30912845706,1.300657403104848,,ecmwf_ifs025,model,5.246546996662938,12.272327130034466
2024-06-05,Pong,1.5410430131525903,-0.7609842774731437,0.0,0.0,0.0,40467.36666647383,1.0672286022449802,,ecmwf_ifs025,model,4.087342902230894,12.722783682405707
2024-06-06,Pong,1.52251,-0.7590624598438466,0.0,0.0,0.0,48332.28787865631,0.7895881538531366,,ecmwf_ifs025,cwc,4.413519333933982,0.6322949676406715
2024-06-07,Pong,1.5283084160798108,-0.7622154954394388,0.0,0.0,0.0,41775.25642345683,0.8614394321752451,,ecmwf_ifs025,model,2.7869524919143585,0.8117217831246495
2024-06-08,Pong,1.517929457711725,-0.7652494331112557,0.0,0.0,0.0,41511.983905278255,0.5736799343748137,,ecmwf_ifs025,model,1.4827334617689072,0.8117217831246495
2024-06-09,Pong,1.5072582280624514,-0.7677932175090847,0.0,0.0,0.0,39980.07546191585,0.2998390387878318,,ecmwf_ifs025,model,1.053067337310275,0.9480902081160935
2024-06-10,Pong,1.4938104832706234,-0.7695131854095396,0.0,0.0,0.0,40375.404003784686,0.3874256303250894,,ecmwf_ifs025,model,1.8575638607431433,0.3928702750041527
2024-06-11,Pong,1.4805996509551627,-0.7715967133740145,0.0,0.0,0.0,40066.697386111526,0.4250539928771125,,ecmwf_ifs025,model,2.2157931906169823,0.3714189014945555
2024-06-12,Pong,1.4668632192553615,-0.7733784131926086,0.0,0.0,0.0,40336.07484609692,0.8267636603830614,,ecmwf_ifs025,model,3.0175408344391728,0.3379880721078246
2024-06-13,Pong,1.38724,-0.78663164814154,0.0,0.0,0.0,40316.05924831848,1.1552007791487655,,ecmwf_ifs025,cwc,2.5880269818830453,3.7528717913458443
2024-06-14,Pong,1.3733190847320733,-0.7891860071155993,0.0,0.0,0.0,40094.662592384375,0.4151303832748167,,ecmwf_ifs025,model,2.376363134536838,4.860803790611866
2024-06-15,Pong,1.3594446612760358,-0.7909206463992368,0.0,0.0,0.0,39935.27124497705,0.2290084500420056,,ecmwf_ifs025,model,3.8153754878020782,11.102647092305236
2024-06-16,Pong,1.3453617725455926,-0.7929407615243073,0.0,0.0,0.0,39972.87236254238,0.3298658392586237,,ecmwf_ifs025,model,3.9538058919679027,11.553452295820268
2024-06-17,Pong,1.3314569280524595,-0.7949318645008489,0.0,0.0,0.0,40372.83533671599,1.111902051754995,,ecmwf_ifs025,model,4.369066974192457,11.783850904377296
2024-06-18,Pong,1.3209159041416951,-0.7949740064454413,0.0,0.0,0.0,42596.015743151,1.9122083114236843,,ecmwf_ifs025,model,5.2902407686717305,9.165954088742376
2024-06-19,Pong,1.3128876873686581,-0.7966486860343845,0.0,0.0,0.0,41490.01308271302,1.278809846153756,,ecmwf_ifs025,model,5.114952776718398,13.712170911053512
2024-06-20,Pong,1.25238,-0.8036956649757482,0.0,0.0,0.0,45878.567948396405,3.345091467633201,,ecmwf_ifs025,cwc,6.591856217663026,9.579645488133231
2024-06-21,Pong,1.2497468073456932,-0.8063550128984411,0.0,0.0,0.0,42707.4777641227,3.620986200716306,,ecmwf_ifs025,model,6.029310999338804,9.70659286656555
2024-06-22,Pong,1.2389805464883286,-0.8083562420804434,0.0,0.0,0.0,41669.96056629135,1.7267516273390462,,ecmwf_ifs025,model,8.436930072028876,16.568124917880205
2024-06-23,Pong,1.2282906181736,-0.8075795213863987,0.0,0.0,0.0,41028.87488322863,1.3454956488556835,,ecmwf_ifs025,model,18.64519414080949,19.08900486874782
2024-06-24,Pong,1.222072085226891,-0.7975363701384831,0.0,0.0,0.0,44463.688955928614,1.4154342671322566,,ecmwf_ifs025,model,37.68498732204054,18.614725527970624
2024-06-25,Pong,1.2201199126113866,-0.7968375994873093,0.0,0.0,0.0,43999.06445061147,4.58184850874214,,ecmwf_ifs025,model,32.96681899478692,21.27013727771591
2024-06-26,Pong,1.211713254998199,-0.8004706559661854,0.0,0.0,0.0,44995.09529877374,8.552699834507147,,ecmwf_ifs025,model,31.677066184015224,22.495171344698367
2024-06-27,Pong,1.15,-0.8089350293387267,0.0,0.0,0.0,46098.70120497757,1.962316429167424,,ecmwf_ifs025,cwc,34.46235989771399,25.04978633366118
2024-06-28,Pong,1.152889098519918,-0.7993089471790811,0.0,0.0,0.0,45094.96143979343,3.6672107103331,,ecmwf_ifs025,model,51.813836424075554,36.6145916120281
2024-06-29,Pong,1.1537602762369215,-0.7967153709369234,0.0,0.0,0.0,47479.244568146074,5.03372977361525,,ecmwf_ifs025,model,60.42033115875721,50.167646147670496
2024-06-30,Pong,1.1580231778358014,-0.7900552242741324,0.0,0.0,0.0,47121.25872789681,5.078259655197926,,ecmwf_ifs025,model,72.95948864182569,64.19373891405222
2024-07-01,Pong,1.157469980827562,-0.779144375227771,0.0,0.0,0.0,46045.53120393366,6.565885051652262,,ecmwf_ifs025,model,82.20581569262926,120.9182988380123
2024-07-02,Pong,1.1628903555383616,-0.7213994034115436,0.0,0.0,0.0,53589.51974817876,9.77306443794062,,ecmwf_ifs025,model,121.98944438794152,112.69600398344446
2024-07-03,Pong,1.1894099997606518,-0.704963734955126,0.0,0.0,0.0,64179.73741283265,15.46705777115027,,ecmwf_ifs025,model,110.56935321545151,104.08800401062358
2024-07-04,Pong,1.14016,-0.7565761944661822,0.0,0.0,0.0,81385.0425448214,26.11707098110077,,ecmwf_ifs025,cwc,61.53155930138536,88.24866861460437
2024-07-05,Pong,1.2148260990193087,-0.7791819003784558,0.0,0.0,0.0,77854.51983018251,13.211021205068656,,ecmwf_ifs025,model,26.95373742607395,71.32722772029496
2024-07-06,Pong,1.3834773635326005,-0.7174003486575717,0.0,0.0,0.0,144686.36249728905,0.8637510378592121,,ecmwf_ifs025,model,18.61593398676453,13.64033359345028
2024-07-07,Pong,1.6280522117348457,-0.7203244240342292,0.0,0.0,0.0,67422.48116007882,3.0834243682120257,,ecmwf_ifs025,model,15.57339774079415,13.229666132702095
2024-07-08,Pong,1.6901964203628863,-0.7168579396841716,0.0,0.0,0.0,66617.07715155391,2.254568373391295,,ecmwf_ifs025,model,15.307870212071213,14.749571306660314
2024-07-09,Pong,1.743661021976841,-0.7189419599451594,0.0,0.0,0.0,47923.46465797423,2.3099544878157907,,ecmwf_ifs025,model,12.640277780731246,11.801336066101008
2024-07-10,Pong,1.7483158448049676,-0.7214272897412518,0.0,0.0,0.0,45826.2879105803,2.21006796946672,,ecmwf_ifs025,model,12.262130514604383,12.33402329604472
2024-07-11,Pong,1.47272,-0.7688308996233976,0.0,0.0,0.0,42114.79567085156,2.3843713269793088,,ecmwf_ifs025,cwc,10.933008868888727,12.113265419445488
2024-07-12,Pong,1.4627924363046907,-0.7680634771842647,0.0,0.0,0.0,43374.95158956188,5.076749189199414,,ecmwf_ifs025,model,17.72606240009585,14.441047742662448
2024-07-13,Pong,1.4605522449065622,-0.763691156068214,0.0,0.0,0.0,46315.13262791646,2.1495900442362847,,ecmwf_ifs025,model,19.604414051984946,21.887515140043696
2024-07-14,Pong,1.459825495900656,-0.7651608713575897,0.0,0.0,0.0,41939.044715516466,2.0807938318660377,,ecmwf_ifs025,model,23.910241499013704,21.886046366518297
2024-07-15,Pong,1.451244786355363,-0.7652941892454536,0.0,0.0,0.0,43565.62996703413,2.714034159032844,,ecmwf_ifs025,model,23.283305328336013,20.103724020340017
2024-07-16,Pong,1.4438284084761734,-0.7688869205232246,0.0,0.0,0.0,42583.8293979915,4.338088089361593,,ecmwf_ifs025,model,20.581305496549312,30.449545956291594
2024-07-17,Pong,1.4355111072230968,-0.7670931421836356,0.0,0.0,0.0,44114.787417355314,3.2508065255908964,,ecmwf_ifs025,model,29.49941010219874,42.000675121255625
2024-07-18,Pong,1.39637,-0.7605912289702496,0.0,0.0,0.0,52525.320383909224,1.966883288345685,,ecmwf_ifs025,cwc,39.01201110442445,56.60122013171734
2024-07-19,Pong,1.4108440873082693,-0.7491882091111731,0.0,0.0,0.0,44984.43787697431,4.76390476897912,,ecmwf_ifs025,model,60.21680695807653,63.202975487782695
2024-07-20,Pong,1.4038943169465168,-0.7514991167862468,0.0,0.0,0.0,44850.365479163345,5.0430446109158105,,ecmwf_ifs025,model,56.51294522354513,70.13135258053858
2024-07-21,Pong,1.4096815055851888,-0.7508605778945296,0.0,0.0,0.0,54187.73947314851,9.225866161019724,,ecmwf_ifs025,model,47.036245772394196,65.8806400911488
2024-07-22,Pong,1.43917992107437,-0.7452171075145867,0.0,0.0,0.0,58772.41116737105,5.082242072141507,,ecmwf_ifs025,model,43.31731434043335,56.22198315455385
2024-07-23,Pong,1.5117951097310809,-0.7274708032755222,0.0,0.0,0.0,78559.57928396059,4.109642457272244,,ecmwf_ifs025,model,33.6414405570192,53.19774919205611
2024-07-24,Pong,1.5972362313396469,-0.7196137751370199,0.0,0.0,0.0,59251.970135742304,3.960832757040227,,ecmwf_ifs025,model,37.023620388772166,67.03642327863824
2024-07-25,Pong,1.51836,-0.7332376516576455,0.0,0.0,0.0,60553.884536063124,5.410831895442011,,ecmwf_ifs025,cwc,42.9133160700826,62.762544020499334
2024-07-26,Pong,1.5576497836137686,-0.7179080289452471,0.0,0.0,0.0,57546.55056622435,9.004164870448253,,ecmwf_ifs025,model,72.73336878962755,65.23429820735646
2024-07-27,Pong,1.5796907445220223,-0.7090166968147812,0.0,0.0,0.0,51244.930344462024,4.216076432781003,,ecmwf_ifs025,model,86.06010427024938,117.7584764084512
2024-07-28,Pong,1.6354242555228287,-0.6774428546300835,0.0,0.0,0.0,74079.60598039163,7.111527560840381,,ecmwf_ifs025,model,74.73716449273826,94.41131199270423
2024-07-29,Pong,1.7293521747783405,-0.6487311612210258,0.0,0.0,0.0,75423.46884225408,7.134920289699384,,ecmwf_ifs025,model,75.22870911249002,95.76572756810201
2024-07-30,Pong,1.7945078815216908,-0.6221257038057751,0.0,0.0,0.0,69103.1347492719,20.53327264259945,,ecmwf_ifs025,model,98.89307190708054,96.32170442875292
2024-07-31,Pong,1.8297960275461782,-0.6263855430287989,0.0,0.0,0.0,84681.68287918175,36.79942638090546,,ecmwf_ifs025,model,90.95181423619832,93.73392210141868
2024-08-01,Pong,1.7213,-0.617150697379943,0.0,0.0,0.0,140443.54668931378,5.709904111817995,,ecmwf_ifs025,cwc,74.39364324568959,40.996953174131704
2024-08-02,Pong,1.9470198555703615,-0.6179183841926391,0.0,0.0,0.0,75716.59855048405,14.16073108111804,,ecmwf_ifs025,model,79.86559633925616,51.67751899935462
2024-08-03,Pong,2.0396665187128247,-0.5875510325059691,0.0,0.0,0.0,90891.65426244437,6.114008582398156,,ecmwf_ifs025,model,82.06984004410793,47.09501060914447
2024-08-04,Pong,2.144829353832915,-0.5505873134809662,0.0,0.0,0.0,63848.9173243985,12.074576663799313,,ecmwf_ifs025,model,111.34987324973653,70.67457597517358
2024-08-05,Pong,2.1758663005728685,-0.5535867404967566,0.0,0.0,0.0,80879.51458471478,25.95365394270643,,ecmwf_ifs025,model,109.24296397998833,69.68107896705588
2024-08-06,Pong,2.211464918310661,-0.5688515358472256,0.0,0.0,0.0,72213.42666239473,39.410818351851326,,ecmwf_ifs025,model,107.02353475690866,92.13778045382983
2024-08-07,Pong,2.2357707728517395,-0.5894552463192942,0.0,0.0,0.0,60701.31602088964,6.595856379863471,,ecmwf_ifs025,model,73.33103617561264,93.87114109506213
2024-08-08,Pong,2.40613,-0.5615876986273522,0.0,0.0,0.0,66585.1182875723,10.014020094816862,,ecmwf_ifs025,cwc,61.525301421886354,78.3131314626836
2024-08-09,Pong,2.487248572346408,-0.5187252455098047,0.0,0.0,0.0,91316.82158974609,15.64567052762881,,ecmwf_ifs025,model,68.8954034725121,56.86629092233103
2024-08-10,Pong,2.578192240170271,-0.5329900596322243,0.0,0.0,0.0,75025.93533505782,22.99702077668936,,ecmwf_ifs025,model,63.19242623637693,75.57984417904282
2024-08-11,Pong,2.6598350963979054,-0.5158896121950867,0.0,0.0,0.0,91072.62670185158,6.41688206744268,,ecmwf_ifs025,model,54.69554159220562,59.84204207426559
2024-08-12,Pong,2.793995682941899,-0.4989877043555672,0.0,0.0,0.0,76354.9730325206,6.672991609059965,,ecmwf_ifs025,model,54.138933496863444,61.512641804328254
2024-08-13,Pong,2.8571770348623864,-0.4896577505963002,0.0,0.0,0.0,66292.29662849533,16.400292085461448,,ecmwf_ifs025,model,69.83772730335816,61.024763411096956
2024-08-14,Pong,2.884824673732698,-0.5064245531435032,0.0,0.0,0.0,55993.70002752797,8.89900423444359,,ecmwf_ifs025,model,59.42967274593258,79.82917671601743
2024-08-15,Pong,2.939011900840644,-0.47761801769491974,0.0,0.0,0.0,80753.24316056063,11.5433409053762,,ecmwf_ifs025,model,55.378444741160116,77.66350147125841
2024-08-16,Pong,3.28499,-0.4370957997275277,0.0,0.0,0.0,63902.89048470388,7.075420920059304,,ecmwf_ifs025,cwc,43.189629459238226,69.4736934182501
2024-08-17,Pong,3.349803925059823,-0.4161545001621449,0.0,0.0,0.0,75585.60149025578,12.556050278325554,,ecmwf_ifs025,model,46.64992292912302,53.372999354063616
2024-08-18,Pong,3.40126429743324,-0.4294453633057541,0.0,0.0,0.0,57329.13393320021,13.177558600227744,,ecmwf_ifs025,model,35.489535614693864,53.6302577773155
2024-08-19,Pong,3.452341409436862,-0.41858390673503093,0.0,0.0,0.0,81297.9830487287,7.556215323879902,,ecmwf_ifs025,model,21.01195036724982,31.960147726881566
2024-08-20,Pong,3.5721744707597103,-0.39565923275671416,0.0,0.0,0.0,78450.33129797166,6.552569010900645,,ecmwf_ifs025,model,28.46819338692938,15.891081772578907
2024-08-21,Pong,3.646377727044897,-0.39800327190228196,0.0,0.0,0.0,57046.0572977783,3.818233889378269,,ecmwf_ifs025,model,24.996104028855246,13.739907011557943
2024-08-22,Pong,3.69761,-0.3948556474749324,0.0,0.0,0.0,48012.32379501162,2.854972935916817,,ecmwf_ifs025,cwc,28.38763047071786,22.150144619294927
2024-08-23,Pong,3.70108228867636,-0.3931356747758739,0.0,0.0,0.0,44574.01104155922,3.0933833216730364,,ecmwf_ifs025,model,32.6890136548285,27.76570598780347
2024-08-24,Pong,3.69858638813765,-0.3924139189527146,0.0,0.0,0.0,44767.74487525519,3.2782693124306905,,ecmwf_ifs025,model,35.91568306736589,27.952556564023276
2024-08-25,Pong,3.7006840433293617,-0.3822332403013523,0.0,0.0,0.0,49290.93532539673,9.591432076692945,,ecmwf_ifs025,model,45.43370287708541,27.005408362425868
2024-08-26,Pong,3.6999452216368414,-0.3935224071852832,0.0,0.0,0.0,43687.88551521994,3.52637547922276,,ecmwf_ifs025,model,31.0804924191456,28.93289180335871
2024-08-27,Pong,3.7027885404512375,-0.38845393489981117,0.0,0.0,0.0,52950.70723216339,9.14258421682592,,ecmwf_ifs025,model,28.95131415726125,19.068630699717144
2024-08-28,Pong,3.7181156552300267,-0.3896563969449479,0.0,0.0,0.0,53506.838702392524,11.256033215014504,,ecmwf_ifs025,model,28.213381969513783,19.894101671518445
2024-08-29,Pong,3.764,-0.38718267362563746,0.0,0.0,0.0,46476.451805950666,2.9217125536766515,,ecmwf_ifs025,cwc,29.967860868680184,35.82401510627459
2024-08-30,Pong,3.769268389375264,-0.3832854579437883,0.0,0.0,0.0,45950.93296208706,1.250996810473397,,ecmwf_ifs025,model,29.02621847036326,35.99265839230162
2024-08-31,Pong,3.7732865999346186,-0.3836905148638962,0.0,0.0,0.0,45418.61568885326,2.7508666908109705,,ecmwf_ifs025,model,26.752351514180035,36.85178933929654
2024-09-01,Pong,3.768920937208459,-0.3792677019591499,0.0,0.0,0.0,45596.753856866344,8.990649459535934,,ecmwf_ifs025,model,39.15330458846145,48.85321925960835
2024-09-02,Pong,3.7675955190741575,-0.3775256405587867,0.0,0.0,0.0,51057.22420769511,9.807450544079105,,ecmwf_ifs025,model,39.74052222531093,51.03595534306691
2024-09-03,Pong,3.793025810384391,-0.3731571240850762,0.0,0.0,0.0,61669.46744102358,6.81989097372844,,ecmwf_ifs025,model,20.953936693576146,37.340025366173506
2024-09-04,Pong,3.830017920621651,-0.3714961220979516,0.0,0.0,0.0,53163.670184191054,7.277521738489616,,ecmwf_ifs025,model,20.135839963301045,33.35898748570733
2024-09-05,Pong,3.9178,-0.3623100355461667,0.0,0.0,0.0,51997.68134587734,7.352161625266078,,ecmwf_ifs025,cwc,15.777758601005011,33.49597671714765
2024-09-06,Pong,3.9406598848191305,-0.3568320162229401,0.0,0.0,0.0,58061.2283038652,7.041416505596684,,ecmwf_ifs025,model,13.973066967739634,28.725092138531043
2024-09-07,Pong,3.976529465453059,-0.34983488835142684,0.0,0.0,0.0,55695.76299476591,4.0904071854504735,,ecmwf_ifs025,model,16.19304293538226,19.416594450584803
2024-09-08,Pong,4.003768322840937,-0.34585015261430907,0.0,0.0,0.0,50541.46028418268,3.9161381745424912,,ecmwf_ifs025,model,18.923247445067975,24.413681100176127
2024-09-09,Pong,4.011820496194082,-0.35096598409333085,0.0,0.0,0.0,47265.78185031991,6.555973599750746,,ecmwf_ifs025,model,15.585002618158661,50.19773203914718
2024-09-10,Pong,4.012838797078204,-0.34806937153461465,0.0,0.0,0.0,50090.033329729406,9.009813603675232,,ecmwf_ifs025,model,18.316716185954743,47.35212640693544
2024-09-11,Pong,4.0211596205135205,-0.34347301745336517,0.0,0.0,0.0,51586.05323979273,8.983304969031224,,ecmwf_ifs025,model,20.57901032355982,41.9029621107298
2024-09-12,Pong,4.0535,-0.3474168069900327,0.0,0.0,0.0,44297.30167196742,4.537896895217997,,ecmwf_ifs025,cwc,11.146400165661504,41.30224899405985
2024-09-13,Pong,4.057945096945684,-0.3448575367531014,0.0,0.0,0.0,50628.45973290889,3.341749698458955,,ecmwf_ifs025,model,7.503156529224274,36.51673198847972
2024-09-14,Pong,4.102442584663724,-0.32292265724035624,0.0,0.0,0.0,71394.11952574414,4.340484161001688,,ecmwf_ifs025,model,11.184686598598695,11.387430992684976
2024-09-15,Pong,4.160842143438857,-0.3257522445853455,0.0,0.0,0.0,48849.03644669843,1.2198676775792416,,ecmwf_ifs025,model,9.624864228619915,10.046050719903125
2024-09-16,Pong,4.1697543671402935,-0.32908897102070234,0.0,0.0,0.0,47023.65170743727,1.494918557703652,,ecmwf_ifs025,model,6.296408140027966,8.264669674413556
2024-09-17,Pong,4.171171531716137,-0.33201944455990257,0.0,0.0,0.0,41732.1125615729,1.7192072020518203,,ecmwf_ifs025,model,6.001748377097266,8.037426699794635
2024-09-18,Pong,4.168212781863005,-0.329630269082125,0.0,0.0,0.0,48063.96968885485,4.804778321044987,,ecmwf_ifs025,model,7.275028258588281,2.303779727199991
2024-09-19,Pong,4.07759,-0.3484355230521275,0.0,0.0,0.0,41835.84015598274,0.0876065219538525,,ecmwf_ifs025,cwc,3.205382693696261,0.3375040609765956
2024-09-20,Pong,4.068653044773529,-0.349912891605777,0.0,0.0,0.0,41045.968497177404,0.3312103504416918,,ecmwf_ifs025,model,6.539071990527258,0.11365330130499811
2024-09-21,Pong,4.057137442374903,-0.3501075079849839,0.0,0.0,0.0,40466.07171529442,0.8653874658504631,,ecmwf_ifs025,model,12.500518535470746,30.039656970172683
2024-09-22,Pong,4.043624425514544,-0.349444244829296,0.0,0.0,0.0,40165.98166183003,0.6785051630264813,,ecmwf_ifs025,model,19.191657786094417,44.07835148035177
2024-09-23,Pong,4.0295853293457755,-0.34810793209917895,0.0,0.0,0.0,40194.03879789335,0.8919132517985218,,ecmwf_ifs025,model,21.96329699393148,45.11554046460501
2024-09-24,Pong,4.01547429744879,-0.3504030523369446,0.0,0.0,0.0,41888.238155638726,5.149658026168678,,ecmwf_ifs025,model,20.530391817471397,45.46606019109331
2024-09-25,Pong,4.001465556746659,-0.35744853537061727,0.0,0.0,0.0,42723.74819167934,7.148631609714046,,ecmwf_ifs025,model,11.55113688801137,45.365429295767804
2025-06-05,Pong,0.769,-0.8855621243274421,0.0,0.0,0.0,43879.26838941956,0.0415269148250402,,ecmwf_ifs025,cwc,0.609103338770079,0.2724592853498476
2025-06-06,Pong,0.7650768190162667,-0.8876058518146127,0.0,0.0,0.0,41441.481106303814,0.1202339778112428,,ecmwf_ifs025,model,0.8124682721040086,0.0
2025-06-07,Pong,0.7547545835107107,-0.8895896476416739,0.0,0.0,0.0,40557.04122863286,0.4937280929487754,,ecmwf_ifs025,model,2.090726424088027,0.0
2025-06-08,Pong,0.741818876323269,-0.8916971486025941,0.0,0.0,0.0,39885.09696784117,0.0585487444974121,,ecmwf_ifs025,model,3.514991398316708,1.242346649020335
2025-06-09,Pong,0.7277695975141548,-0.8933655685741464,0.0,0.0,0.0,39871.54498871903,0.1053580996501764,,ecmwf_ifs025,model,4.903896051805003,6.073712180066014
2025-06-10,Pong,0.7136454535902945,-0.8950203729116762,0.0,0.0,0.0,39990.29704566761,0.4098551583738511,,ecmwf_ifs025,model,5.827946785054416,6.073712180066014
2025-06-11,Pong,0.6995213096664342,-0.8968051671392846,0.0,0.0,0.0,40180.52400719601,0.8911422350532325,,ecmwf_ifs025,model,6.864905344820038,11.59624620513771
2025-06-12,Pong,0.63591,-0.906171555818518,0.0,0.0,0.0,40455.48968597741,1.5842085985742054,,ecmwf_ifs025,cwc,11.413567620097808,27.506859911281623
2025-06-13,Pong,0.6229917388468685,-0.9054617003898106,0.0,0.0,0.0,40941.11008138505,1.072317450619606,,ecmwf_ifs025,model,16.027781658839807,39.06117972804172
2025-06-14,Pong,0.6153155780869197,-0.9009187637187039,0.0,0.0,0.0,43834.311184876395,2.345032673637521,,ecmwf_ifs025,model,20.981123578335442,34.74753700095798
2025-06-15,Pong,0.6084954742898837,-0.8991479433261462,0.0,0.0,0.0,44307.284015228484,8.75785469230421,,ecmwf_ifs025,model,28.98566009459101,37.8172657969572
2025-06-16,Pong,0.6018833323970154,-0.9027322990193909,0.0,0.0,0.0,47919.531753694464,8.54676299750239,,ecmwf_ifs025,model,23.224210645878216,43.959366311048065
2025-06-17,Pong,0.6160489827754014,-0.8962123886047222,0.0,0.0,0.0,53719.25054747444,1.2970215026316874,,ecmwf_ifs025,model,22.318656952433983,29.078082094543824
2025-06-18,Pong,0.6520503955291768,-0.8850686032837348,0.0,0.0,0.0,55686.61319037414,1.8127021355243391,,ecmwf_ifs025,model,23.711715587235638,22.12962093502738
2025-06-19,Pong,0.56136,-0.9013747090189966,0.0,0.0,0.0,48928.06914142486,6.926663363018017,,ecmwf_ifs025,cwc,33.574715245456126,30.822459172120105
2025-06-20,Pong,0.5636508490327071,-0.8993678758102692,0.0,0.0,0.0,47637.79699141984,4.866290259459854,,ecmwf_ifs025,model,39.96197124725764,45.20655902692022
2025-06-21,Pong,0.5792787575970042,-0.8874658036659542,0.0,0.0,0.0,55258.21890562641,6.0339510687007625,,ecmwf_ifs025,model,47.657917790624595,52.249059526788194
2025-06-22,Pong,0.5945905221294214,-0.8840090654334034,0.0,0.0,0.0,45112.13745109542,3.968403272254698,,ecmwf_ifs025,model,53.35897204953389,64.48007678742087
2025-06-23,Pong,0.596081243289026,-0.8763060528575066,0.0,0.0,0.0,51242.15650340602,10.219651801396546,,ecmwf_ifs025,model,56.7099910049146,67.3822712044184
2025-06-24,Pong,0.60855452307818,-0.8618355343868787,0.0,0.0,0.0,59490.18657752495,18.86476235618001,,ecmwf_ifs025,model,66.53008480252937,83.95761453735427
2025-06-25,Pong,0.6404844245410124,-0.8528516738327857,0.0,0.0,0.0,70772.45603485835,17.676954352233224,,ecmwf_ifs025,model,62.30274081358482,102.63941375985999
2025-06-26,Pong,0.699,-0.8549744199492993,0.0,0.0,0.0,67630.58060339972,6.015110313535955,,ecmwf_ifs025,cwc,40.51407032415964,133.36538006453355
2025-06-27,Pong,0.7658858418723282,-0.852294777007336,0.0,0.0,0.0,68012.96038457843,7.888457451017039,,ecmwf_ifs025,model,32.58176478339384,129.10031367191326
2025-06-28,Pong,0.8224315948610892,-0.8442607623644686,0.0,0.0,0.0,64154.73806172193,9.642117509237616,,ecmwf_ifs025,model,40.83141811660202,132.35112714565074
2025-06-29,Pong,0.9006056489327017,-0.8184750883019966,0.0,0.0,0.0,83885.50685205737,6.778739737723636,,ecmwf_ifs025,model,37.82019859728877,115.53688876923543
2025-06-30,Pong,1.0615335599711646,-0.7729856564189436,0.0,0.0,0.0,104405.67250025542,3.606024925339765,,ecmwf_ifs025,model,40.35642144750406,83.16409768923027
2025-07-01,Pong,1.3238653138835441,-0.6920978792031403,0.0,0.0,0.0,150061.5917028841,5.700811500862293,,ecmwf_ifs025,model,54.18098845040423,49.71960591772992
2025-07-02,Pong,1.5895464564772055,-0.6678843984106458,0.0,0.0,0.0,92799.02844269529,9.835042211346446,,ecmwf_ifs025,model,77.9539482133276,42.595373885286925
2025-07-03,Pong,1.66912,-0.6777906334187385,0.0,0.0,0.0,82213.29660424602,3.648199212066598,,ecmwf_ifs025,cwc,62.07910217359596,37.287535109037954
2025-07-04,Pong,1.7749455404845507,-0.6424065268045501,0.0,0.0,0.0,74291.27943016477,12.9148804757958,,ecmwf_ifs025,model,85.06639625437222,34.08023760063488
2025-07-05,Pong,1.819627185708408,-0.6407559916687086,0.0,0.0,0.0,62620.302400475004,14.238811846528163,,ecmwf_ifs025,model,89.13251233900303,49.48226378646109
2025-07-06,Pong,1.8652557628743422,-0.6569314900374857,0.0,0.0,0.0,66188.56222939916,12.073318613080584,,ecmwf_ifs025,model,57.61657984811966,43.355985651167074
2025-07-07,Pong,1.897746554412689,-0.6829083607955782,0.0,0.0,0.0,48823.219549857866,5.9275165212374405,,ecmwf_ifs025,model,28.899130203769072,66.45416558891931
2025-07-08,Pong,1.9068888488070639,-0.6763082057755063,0.0,0.0,0.0,55769.08299150772,11.700061668433984,,ecmwf_ifs025,model,34.161895096640876,61.12639366582511
2025-07-09,Pong,1.9225258606435085,-0.6766478929008325,0.0,0.0,0.0,54796.24291686785,14.364397493167155,,ecmwf_ifs025,model,34.70967946566538,62.02979748799408
2025-07-10,Pong,1.90997,-0.6716981277536601,0.0,0.0,0.0,65358.04286219303,6.7297771276398,,ecmwf_ifs025,cwc,34.63838876880694,47.290023924842416
2025-07-11,Pong,1.963788021941937,-0.6679449208174333,0.0,0.0,0.0,54334.80924881461,1.8961097997301108,,ecmwf_ifs025,model,33.339942637357254,41.889286706574595
2025-07-12,Pong,2.0232874957899494,-0.6305535968666977,0.0,0.0,0.0,76077.28342064407,3.1388407375662024,,ecmwf_ifs025,model,52.68266650642161,21.468820764098254
2025-07-13,Pong,2.0942779574001213,-0.6411129686766096,0.0,0.0,0.0,51472.365801940236,4.205166927504834,,ecmwf_ifs025,model,40.6819828667345,30.44593753069569
2025-07-14,Pong,2.113402944253073,-0.6278043505734077,0.0,0.0,0.0,59428.43163846447,9.309125960306208,,ecmwf_ifs025,model,48.2533516793869,24.327410450442326
2025-07-15,Pong,2.1377298016435824,-0.6341166483397973,0.0,0.0,0.0,52807.57692462005,10.519605583068444,,ecmwf_ifs025,model,41.85640336494066,21.549708334434907
2025-07-16,Pong,2.1449777893047024,-0.6309272446023372,0.0,0.0,0.0,52029.61024484121,9.57029006968826,,ecmwf_ifs025,model,73.51011532437117,61.97945030653434
2025-07-17,Pong,2.1525259079104133,-0.5654655803929065,0.0,0.0,0.0,47441.051672060006,5.895795166060038,,ecmwf_ifs025,model,143.3301302875824,79.36410833205329
2025-07-18,Pong,2.162848097907095,-0.4842049853860212,0.0,0.0,0.0,50632.70899175891,2.027755004290759,,ecmwf_ifs025,model,171.1572943234903,85.18859163716905
2025-07-19,Pong,2.173017915714229,-0.5468023950353704,0.0,0.0,0.0,60688.82480669808,33.26124001801804,,ecmwf_ifs025,model,118.22131796369216,90.81574987879239
2025-07-20,Pong,2.167152093853836,-0.6101523741733968,0.0,0.0,0.0,62282.030668067644,37.11219264866804,,ecmwf_ifs025,model,65.52000315014973,89.66018467424578
2025-07-21,Pong,2.218153304582719,-0.6005253662207445,0.0,0.0,0.0,96362.15209045303,9.825044687616382,,ecmwf_ifs025,model,33.274580432833204,50.90199604690382
2025-07-22,Pong,2.3659028079894586,-0.5893034017575655,0.0,0.0,0.0,80605.78251526896,3.5058939110817438,,ecmwf_ifs025,model,24.916907211445068,29.98767772065587
2025-07-23,Pong,2.4796406939324633,-0.5682550667668617,0.0,0.0,0.0,79286.09720020228,3.62172546665076,,ecmwf_ifs025,model,44.87096476341941,34.049925167514864
2025-07-24,Pong,2.5679587541348616,-0.5503963106185472,0.0,0.0,0.0,60531.023769282125,3.4160806051161914,,ecmwf_ifs025,model,71.01412477716686,65.51629202951742
2025-07-25,Pong,2.597473451249641,-0.5382399498315295,0.0,0.0,0.0,50633.59629321769,5.0095444037289365,,ecmwf_ifs025,model,76.59631812317949,93.31639019220503
2025-07-26,Pong,2.6124635837598786,-0.519783969407744,0.0,0.0,0.0,50734.88647092123,5.170356057112446,,ecmwf_ifs025,model,91.12256288878703,102.25017657809407
2025-07-27,Pong,2.6176737121322926,-0.5219107997314043,0.0,0.0,0.0,47095.47371386081,9.276826667044055,,ecmwf_ifs025,model,87.17081988292968,121.22848391518406
2025-07-28,Pong,2.6371292791536747,-0.5195849976649086,0.0,0.0,0.0,70467.47181024613,20.683234941261357,,ecmwf_ifs025,model,67.84917277405366,134.99195377849588
2025-07-29,Pong,2.723513402299222,-0.4979406824228513,0.0,0.0,0.0,99855.07878791483,17.095106210128623,,ecmwf_ifs025,model,51.013833190332456,105.79411068059228
2025-07-30,Pong,2.878658063690432,-0.46983382815788455,0.0,0.0,0.0,104010.22390049076,11.742696473907465,,ecmwf_ifs025,model,48.363178240032745,89.16255977451185
2025-07-31,Pong,3.0296685422626695,-0.45804617200983166,0.0,0.0,0.0,91153.26834614784,12.138669444508194,,ecmwf_ifs025,model,53.252262567913185,97.55986302269127
2025-08-06,Pong,4.552863073913041,-0.2094244093496388,0.0,0.0,0.0,112490.57163644847,3.2531237554947032,,ecmwf_ifs025,press,43.63689577675352,35.01308798824767
2025-08-07,Pong,4.7377656182545085,-0.19563135675254,0.0,0.0,0.0,72484.47866075078,2.9070479173997885,,ecmwf_ifs025,model,47.39082320906544,60.4388912075497
2025-08-08,Pong,5.11,-0.13930581351772595,0.0,0.0,0.0,55736.515351619295,4.171646247277808,,ecmwf_ifs025,press,63.94522325183004,61.67955875523732
2025-08-09,Pong,5.148681005627195,-0.11598248408003792,0.0,0.0,0.0,61099.739743087215,6.269083399554183,,ecmwf_ifs025,model,100.24733853777761,71.37733421128918
2025-08-10,Pong,5.189062616880792,-0.10557960292639583,0.0,0.0,0.0,65875.91298938396,18.7508056163298,,ecmwf_ifs025,model,79.07934943395196,95.85328159234447
2025-08-11,Pong,5.212792308237794,-0.056062361155318735,0.0,0.0,0.0,61844.13548231342,23.00237129427524,,ecmwf_ifs025,model,116.43855993720817,105.84629769181694
2025-08-12,Pong,5.27275136445348,-0.07222348706706429,0.0,0.0,0.0,86559.9424321104,7.145417166424184,,ecmwf_ifs025,model,70.75683423737593,106.20558987194872
2025-08-13,Pong,5.362798025507066,-0.03839976044542827,0.0,0.0,0.0,78702.3896937883,35.85616725769859,,ecmwf_ifs025,model,109.5715505842112,122.98570409100506
2025-08-14,Pong,5.412804902572875,-0.0459909278989619,0.0,0.0,0.0,78391.05458510102,9.023701049030654,,ecmwf_ifs025,model,90.17839908012107,116.93750303244329
2025-08-15,Pong,5.540755937053137,0.014415795399073644,0.08875805227209543,36278.48419950825,0.0,104058.7395326537,14.872520707138214,5.0,ecmwf_ifs025,model,91.33870500834944,101.14022100439834
2025-08-16,Pong,5.686535409815282,0.00048459391252715444,0.0029836447194284688,1219.5187370595565,0.0,99113.06520603647,20.58633243450919,5.0,ecmwf_ifs025,model,65.83016428954772,90.48331537146517
2025-08-17,Pong,5.859793904313949,0.023455799560130358,0.14441735789172228,27752.59035977672,0.0,128766.47767051597,21.15442407952162,2.0,ecmwf_ifs025,model,45.29175560498969,54.829681772462195
2025-08-18,Pong,5.233,-0.11398401894450702,0.0,0.0,0.0,91581.73884040484,5.259580477196354,,ecmwf_ifs025,press,41.38134218230141,43.68013414009679
2025-08-19,Pong,5.37043623637049,-0.09144812077132553,0.0,0.0,0.0,81311.1687766414,3.907695201308573,,ecmwf_ifs025,model,49.826778025241815,54.836770326975184
2025-08-20,Pong,5.4918565172115095,-0.06844326239559785,0.0,0.0,0.0,72003.86945345307,1.0904073247727375,,ecmwf_ifs025,model,55.98327857846119,88.71315689670715
2025-08-21,Pong,5.567308509947511,-0.06264409608694015,0.0,0.0,0.0,58839.855781757215,4.850225324432056,,ecmwf_ifs025,model,61.5535225251471,147.74794723395937
2025-08-22,Pong,5.59047687394263,-0.041582501904512105,0.0,0.0,0.0,53624.241546066994,11.886192136988688,,ecmwf_ifs025,model,81.58933356074637,162.62845832679506
2025-08-23,Pong,5.602041591310721,-0.0564536700956311,0.0,0.0,0.0,56171.87144120538,12.473318635078837,,ecmwf_ifs025,model,58.39030106588131,165.80453809854833
2025-08-24,Pong,5.648672963733038,-0.019327838037869343,0.0,0.0,0.0,80255.09411618616,18.001091399291962,,ecmwf_ifs025,model,70.05314294530346,159.13668539182981
2025-08-25,Pong,5.791937673697563,0.02419555535262746,0.1489720343061256,23677.708022369556,0.0,133282.3736788921,21.00523397084513,3.0,ecmwf_ifs025,model,56.83369484772332,138.30515896875355
2025-08-26,Pong,6.11165,0.11870868035909801,0.7308893449709659,122374.6724496354,122374.6724496354,186510.78513273151,3.232461039078648,1.0,ecmwf_ifs025,press,55.242702508761354,90.77611373048624
2025-08-27,Pong,6.157,0.09331100624553613,0.5745158654537645,81994.62566517392,81994.62566517392,127594.62566517411,11.12013322581565,1.0,ecmwf_ifs025,model,56.97264682311872,105.61944458785833
2025-08-28,Pong,6.157,0.06679277553893735,0.4112431189932364,59302.73084419303,59302.73084419303,104902.73084419323,10.66459786058197,1.0,ecmwf_ifs025,model,57.36239079792573,130.38049986906458
2025-08-29,Pong,6.157,0.0713316077994772,0.43918870922138,56798.45462178053,56798.45462178053,102398.45462178068,12.773889519057349,1.0,ecmwf_ifs025,model,61.68185458025978,143.0107016413414
2025-08-30,Pong,6.157,0.20332144254769097,1.2518501217661315,173377.450666453,78413.52365734387,124013.52365734412,18.948202541135448,1.0,ecmwf_ifs025,model,133.65642937420762,137.16191748217
2025-08-31,Pong,6.157,0.17573372580011234,1.0819925497512903,158615.9497022001,65227.00794637942,110827.00794637964,37.89820746507758,1.0,ecmwf_ifs025,model,122.23129581365188,129.8348523519528
2025-09-01,Pong,6.157,0.13508813825133648,0.8317376672134769,123132.33663990951,99334.64678437723,144934.6467843774,44.93666060077081,1.0,ecmwf_ifs025,model,88.27798193459526,101.96333145929755
2025-09-02,Pong,6.157,0.07797243686886474,0.48007629380159855,86962.63089698191,86962.63089698191,132562.6308969821,15.36188513876534,1.0,ecmwf_ifs025,model,47.49522887238351,72.37522298733307
2025-09-03,Pong,6.157,0.06407976362320884,0.3945391046280946,86784.2724422905,86784.2724422905,132384.27244229065,12.113353870412846,1.0,ecmwf_ifs025,model,34.0553875883074,48.07391119095258
2025-09-04,Pong,6.157,0.04152064555686307,0.2556426146936044,58021.08173323584,58021.08173323584,103621.08173323599,2.163634315132444,1.0,ecmwf_ifs025,model,25.56308600869356,31.70405776725262
2025-09-05,Pong,6.11165,0.01946698238702985,0.11985821055694146,17997.939906794174,15508.897255907323,79645.00993900358,6.184917000960662,1.0,ecmwf_ifs025,press,27.92633845616411,24.278104337976398
2025-09-06,Pong,6.11165,0.002575258091724796,0.01585586407074846,4390.710021167191,0.0,56864.83941964097,4.377347878968842,2.0,ecmwf_ifs025,press,25.689360955903254,28.066842391637405
2025-09-07,Pong,6.1429603720172175,0.004685630258028364,0.028849425498678194,3133.6892903727894,2616.552815074101,53955.03410101941,5.503791596770273,1.0,ecmwf_ifs025,model,28.953766749744283,29.67880311081177
2025-09-08,Pong,6.157,0.006814045220849657,0.041954076424770115,5829.997624223805,4340.046838289913,49940.04683829019,3.1555076694340216,1.0,ecmwf_ifs025,model,31.808901438810352,35.06506023533033
2025-09-09,Pong,6.157,0.012424213087936896,0.07649587998242602,9602.53448886214,4489.644930984109,50089.64493098409,4.734878647007757,1.0,ecmwf_ifs025,model,39.19181430365962,58.19672752014556
2025-09-10,Pong,6.157,0.013345741643786867,0.08216973130079452,11983.004312479268,1287.8044035988144,46887.80440359894,6.627515641307349,1.0,ecmwf_ifs025,model,46.44243804577205,66.88751020532473
2025-09-11,Pong,6.157,0.022579047707539157,0.13901919673531715,22488.497000831016,3983.6824498137503,49583.68244981384,5.760362478402297,1.0,ecmwf_ifs025,model,54.28235039886862,76.9423272486509
2025-09-12,Pong,6.157,0.022703362270732372,0.13978460150089767,15834.691650457484,8361.537377536744,53961.537377536886,11.803577069813729,1.0,ecmwf_ifs025,model,47.13590956577136,74.65289720974778
2025-09-13,Pong,6.157,0.017983695588709946,0.11225031062538182,14427.503807821542,12335.63490855213,57935.63490855214,9.33276848665296,1.0,ecmwf_ifs025,model,33.952944073769814,70.80038973407213
2025-09-14,Pong,6.157,0.03631111388779075,0.228298075192507,41544.14911291142,41544.14911291142,87144.14911291149,15.986691006021871,1.0,ecmwf_ifs025,model,32.074924500164876,46.0823729319683
2025-09-15,Pong,6.157,0.01827309764518549,0.12338370456665793,26740.98836473006,26740.98836473006,72340.98836473013,14.26927470368904,1.0,ecmwf_ifs025,model,21.747934829737556,39.40892267587957
2025-09-16,Pong,6.157,0.010471838939210465,0.08616215071647204,25946.733152535548,25946.733152535548,71546.73315253573,3.108151899692075,1.0,ecmwf_ifs025,model,10.64571559471505,22.72468066950777
2025-09-17,Pong,6.157,0.001206650366382318,0.04035218486487846,10912.02114729291,10912.02114729291,56512.02114729302,5.246989557502957,1.0,ecmwf_ifs025,model,9.731235875747128,17.775060008192145
2025-09-18,Pong,6.157,-0.00218857662719148,0.025159770171350182,10283.667805445386,10283.667805445386,55883.66780544562,2.465087710331705,1.0,ecmwf_ifs025,model,6.890325725922158,9.961053916467725
2025-09-19,Pong,6.157,-0.0054160414411297654,0.006302432497210297,2576.0220274729245,2576.0220274729245,48176.02202747313,1.6124377091987965,1.0,ecmwf_ifs025,model,7.6588387034611385,4.695077579005638
2025-09-20,Pong,6.157,-0.0061298709579116145,0.000982329010879468,401.511824421967,401.511824421967,46001.51182442207,0.660461756514984,1.0,ecmwf_ifs025,model,7.94201348683518,0.5974017274425241
2025-09-21,Pong,6.156945390504269,-0.009037141919195309,0.0,0.0,0.0,41538.516951333324,0.8432861957227036,,ecmwf_ifs025,model,6.42987391994997,0.5889156268823388
2025-09-22,Pong,6.146163654932011,-0.01314097072901769,0.0,0.0,0.0,40801.83086041262,0.6465635613469295,,ecmwf_ifs025,model,2.8959256596927556,0.3819069818048813
2025-09-23,Pong,6.134093695950059,-0.015758581237030507,0.0,0.0,0.0,40516.34861620908,0.9249537908378306,,ecmwf_ifs025,model,1.8089194333807492,0.0275474701663485
2025-09-24,Pong,6.120613446927658,-0.018214173776513274,0.0,0.0,0.0,40319.86768696983,1.0081327392143118,,ecmwf_ifs025,model,1.6295723605745267,0.0275474701663485
2025-09-25,Pong,6.106642218394395,-0.020767228487269404,0.0,0.0,0.0,39943.31938768151,0.1992000922166737,,ecmwf_ifs025,model,1.5371533176260919,0.0275474701663485
2026-08-09,Pong,3.083675,-0.4412376742120114,0.0,0.0,0.0,54795.70821842164,8.83649855431152,,ecmwf_ifs025,bbmb,78.99568584941153,49.372453832451185
2026-08-10,Pong,3.161492857142857,-0.46284018516325703,0.0,0.0,0.0,61620.240128697376,16.823266598212992,,ecmwf_ifs025,bbmb,48.80553729008076,44.514248883973664
2026-08-11,Pong,3.161492857142857,-0.45733290738766635,0.0,0.0,0.0,73913.75969711083,3.708736723229795,,ecmwf_ifs025,bbmb,38.98284150985151,23.13543229902195
2026-08-12,Pong,3.3085639999999996,-0.44215072682834616,0.0,0.0,0.0,50473.376379621346,3.093815909972005,,ecmwf_ifs025,bbmb,44.89647429610541,26.38191544942393
2026-08-13,Pong,3.3531899222654924,-0.4346422337860916,0.0,0.0,0.0,52248.44098157762,6.956492061893988,,ecmwf_ifs025,bbmb,53.452323877042375,35.23791581371498
2026-08-14,Pong,3.420284,-0.4236747592014612,0.0,0.0,0.0,55043.48140969598,8.050276580359943,,ecmwf_ifs025,bbmb,48.6581081928311,43.35305562690729
2026-08-15,Pong,3.504276,-0.41334291508413507,0.0,0.0,0.0,48913.82303500133,4.656417150512117,,ecmwf_ifs025,bbmb,49.12895849934374,40.56900941943165
2026-08-16,Pong,3.5506384725333207,-0.40436237541780773,0.0,0.0,0.0,48351.76978031998,6.1673780070419335,,ecmwf_ifs025,bbmb,50.39264565427826,38.152321046600576
2026-08-17,Pong,3.649894261073841,-0.3869033806762382,0.0,0.0,0.0,50123.110491405176,8.306997380081476,,ecmwf_ifs025,bbmb,50.37279523799431,38.247423993655104
2026-08-18,Pong,3.7131452029629655,-0.372953913364794,0.0,0.0,0.0,58570.42945098355,11.425198088762508,,ecmwf_ifs025,bbmb,44.44230208190726,29.45028200659551
2026-08-19,Pong,3.796634731142878,-0.3674053259489468,0.0,0.0,0.0,61908.91659300695,5.434624361876527,,ecmwf_ifs025,bbmb,26.33341659182983,13.783312045135716
2026-08-20,Pong,3.968454,-0.3543778116333628,0.0,0.0,0.0,47555.749320566654,2.6943981817124567,,ecmwf_ifs025,bbmb,17.91186617993822,14.314083735760804
2026-08-21,Pong,3.9820839571200013,-0.35193032124233176,0.0,0.0,0.0,48275.90908295845,5.736116554660119,,ecmwf_ifs025,bbmb,20.524029886238967,16.203587079018526
2026-08-22,Pong,3.9919068076799964,-0.3543859763659227,0.0,0.0,0.0,48922.27684213211,5.430294431208421,,ecmwf_ifs025,bbmb,13.370884073829947,12.990829720548133
2026-08-23,Pong,4.058954,-0.34736411660833444,0.0,0.0,0.0,44523.03815733823,1.8180558135258016,,ecmwf_ifs025,bbmb,10.472100137217764,11.397615477442365
2026-08-24,Pong,4.0922125,-0.34119516955078244,0.0,0.0,0.0,42358.67018714798,1.3606388204478443,,ecmwf_ifs025,bbmb,14.48200778342163,12.831999361757369
2026-08-25,Pong,4.147480557419385,-0.3303897046371356,0.0,0.0,0.0,43444.009904838604,3.7014365592034895,,ecmwf_ifs025,bbmb,20.15702322436156,17.932893803363633
2026-08-26,Pong,4.150482714516137,-0.3254883673572092,0.0,0.0,0.0,44602.36008353417,3.161722938318294,,ecmwf_ifs025,bbmb,29.339338858658806,20.8136893584261
2026-08-27,Pong,4.20018,-0.3117112423370057,0.0,0.0,0.0,43505.878039448646,2.676396425225337,,ecmwf_ifs025,bbmb,43.0393801200474,28.366579221169474
2026-08-28,Pong,4.20018,-0.31083472680089197,0.0,0.0,0.0,42956.08624087126,2.981888699549117,,ecmwf_ifs025,bbmb,38.77936775116339,31.907252970442336
2026-08-29,Pong,4.2964657142857146,-0.2917745171876228,0.0,0.0,0.0,45273.22575569293,6.74071140294807,,ecmwf_ifs025,bbmb,41.87356495684272,32.127212835364276
2026-08-30,Pong,4.2964657142857146,-0.28907916471256917,0.0,0.0,0.0,48306.91469074644,5.97933498843295,,ecmwf_ifs025,bbmb,42.57586349556482,
2024-06-01,Pong,1.59264,-0.7430264953882526,0.0,0.0,0.0,40120.81963701558,0.1771066754649898,,gfs_seamless,cwc,24.594711260839354,13.757749372054375
2024-06-02,Pong,1.5791826947352405,-0.7439914444992549,0.0,0.0,0.0,40297.60330132342,0.4805147693699561,,gfs_seamless,model,24.04405139026387,13.67537493462327
2024-06-03,Pong,1.5657595280512693,-0.7534144241961181,0.0,0.0,0.0,40942.269944155836,2.634337599992139,,gfs_seamless,model,11.142507384263345,13.642285314583106
2024-06-04,Pong,1.553100160770387,-0.7564402199671394,0.0,0.0,0.0,42749.93757951317,5.057784693865353,,gfs_seamless,model,7.928368066251695,12.272327130034466
2024-06-05,Pong,1.5410430131525903,-0.7605094437277193,0.0,0.0,0.0,41232.240522220854,2.9450592548590646,,gfs_seamless,model,4.553875743751743,12.722783682405707
2024-06-06,Pong,1.52251,-0.7590111008414934,0.0,0.0,0.0,48089.35039206676,0.2888701235649165,,gfs_seamless,cwc,4.410868947831657,0.6322949676406715
2024-06-07,Pong,1.5283084160798108,-0.761836305671287,0.0,0.0,0.0,41895.64363347876,1.109840412212051,,gfs_seamless,model,3.373402543745907,0.8117217831246495
2024-06-08,Pong,1.517929457711725,-0.7647868106003968,0.0,0.0,0.0,41888.9069791313,1.3517457483061162,,gfs_seamless,model,2.2471952998240794,0.8117217831246495
2024-06-09,Pong,1.5072582280624514,-0.7677931709412602,0.0,0.0,0.0,40068.01246412498,0.484724611578692,,gfs_seamless,model,0.8779844790597532,0.9480902081160935
2024-06-10,Pong,1.4938104832706234,-0.7695323219759913,0.0,0.0,0.0,40488.48742030635,0.623742237091737,,gfs_seamless,model,1.8290583274127479,0.3928702750041527
2024-06-11,Pong,1.4805996509551627,-0.7715712559996792,0.0,0.0,0.0,39941.77184531227,0.1133654854900627,,gfs_seamless,model,2.427796001700318,0.3714189014945555
2024-06-12,Pong,1.4668632192553615,-0.773848695294252,0.0,0.0,0.0,40146.29265459987,0.3546169235341482,,gfs_seamless,model,1.9843988174619482,0.3379880721078246
2024-06-13,Pong,1.38724,-0.7868048044371874,0.0,0.0,0.0,40250.78407426729,0.9928069307987042,,gfs_seamless,cwc,2.22505882515987,3.7528717913458443
2024-06-14,Pong,1.3733190847320733,-0.7888287579898323,0.0,0.0,0.0,40120.8102431808,0.4800398564335391,,gfs_seamless,model,3.365914301995087,4.860803790611866
2024-06-15,Pong,1.3594446612760358,-0.7898281979726544,0.0,0.0,0.0,39955.43892241563,0.2795206610152178,,gfs_seamless,model,6.611163753743643,11.102647092305236
2024-06-16,Pong,1.3453617725455926,-0.7896156501241017,0.0,0.0,0.0,39937.05691715377,0.2401310450555738,,gfs_seamless,model,11.674070997306167,11.553452295820268
2024-06-17,Pong,1.3314569280524595,-0.792500619759358,0.0,0.0,0.0,40336.31697748884,1.0203568307176551,,gfs_seamless,model,9.296362009692867,11.783850904377296
2024-06-18,Pong,1.3209159041416951,-0.793500092206203,0.0,0.0,0.0,43303.4015835076,3.593007276215261,,gfs_seamless,model,8.09878612177191,9.165954088742376
2024-06-19,Pong,1.3128876873686581,-0.7963647115031198,0.0,0.0,0.0,41871.407387433435,2.1699490967774246,,gfs_seamless,model,5.643035811614887,13.712170911053512
2024-06-20,Pong,1.25238,-0.8041242760086231,0.0,0.0,0.0,46100.28507696979,3.818734525604389,,gfs_seamless,cwc,5.907386595159635,9.579645488133231
2024-06-21,Pong,1.2497468073456932,-0.8057041784510667,0.0,0.0,0.0,43366.19052698469,5.019502990552409,,gfs_seamless,model,6.809238290715262,9.70659286656555
2024-06-22,Pong,1.2389805464883286,-0.8098195919568113,0.0,0.0,0.0,41820.32328063919,2.044986858610706,,gfs_seamless,model,3.6569055483771993,16.568124917880205
2024-06-23,Pong,1.2282906181736,-0.8104706895293653,0.0,0.0,0.0,41094.86669558538,1.4903224188515634,,gfs_seamless,model,9.514838591123393,19.08900486874782
2024-06-24,Pong,1.222072085226891,-0.7997189986235557,0.0,0.0,0.0,44681.61011807762,1.864862602215796,,gfs_seamless,model,30.69319445934418,18.614725527970624
2024-06-25,Pong,1.2201199126113866,-0.7871439070579711,0.0,0.0,0.0,43865.20771048323,4.28978874858322,,gfs_seamless,model,49.181189331111604,21.27013727771591
2024-06-26,Pong,1.211713254998199,-0.7487786466490943,0.0,0.0,0.0,46916.64707004235,12.737849247003489,,gfs_seamless,model,96.32756038575255,22.495171344698367
2024-06-27,Pong,1.15,-0.7839901579460964,0.0,0.0,0.0,48191.8178673177,6.121560809732202,,gfs_seamless,cwc,63.44259039833481,25.04978633366118
2024-06-28,Pong,1.152889098519918,-0.7512480768243577,0.0,0.0,0.0,47466.907818379324,8.233478538908345,,gfs_seamless,model,96.27271913870682,36.6145916120281
2024-06-29,Pong,1.1537602762369215,-0.7620766005809646,0.0,0.0,0.0,48771.582954565776,7.536317538025994,,gfs_seamless,model,89.51933270941399,50.167646147670496
2024-06-30,Pong,1.1580231778358014,-0.7626000931309013,0.0,0.0,0.0,50920.37327649724,12.199762792845322,,gfs_seamless,model,84.0710055481792,64.19373891405222
2024-07-01,Pong,1.157469980827562,-0.7625209025080116,0.0,0.0,0.0,49196.53744586304,12.386574349289864,,gfs_seamless,model,90.38824356934254,120.9182988380123
2024-07-02,Pong,1.1628903555383616,-0.7471214040927142,0.0,0.0,0.0,56749.88678174347,15.439160584822076,,gfs_seamless,model,87.74642534632763,112.69600398344446
2024-07-03,Pong,1.1894099997606518,-0.742261607590065,0.0,0.0,0.0,60502.08437779822,9.649010265631096,,gfs_seamless,model,76.9463821857566,104.08800401062358
2024-07-04,Pong,1.14016,-0.7607435086820686,0.0,0.0,0.0,78666.68093301314,22.33755666291497,,gfs_seamless,cwc,57.41714605380315,88.24866861460437
2024-07-05,Pong,1.2148260990193087,-0.7712771645807304,0.0,0.0,0.0,81677.25653336386,17.9339414847955,,gfs_seamless,model,30.404591519219096,71.32722772029496
2024-07-06,Pong,1.3834773635326005,-0.7048490608495853,0.0,0.0,0.0,150363.54773686038,5.699310274129753,,gfs_seamless,model,29.044670311092677,13.64033359345028
2024-07-07,Pong,1.6280522117348457,-0.709429236875047,0.0,0.0,0.0,69384.06933368306,4.8329785699625445,,gfs_seamless,model,33.75322701529105,13.229666132702095
2024-07-08,Pong,1.6901964203628863,-0.6981921520848811,0.0,0.0,0.0,67384.12735928805,2.9742238998252386,,gfs_seamless,model,42.395104310946174,14.749571306660314
2024-07-09,Pong,1.743661021976841,-0.694115699674745,0.0,0.0,0.0,51118.10284791649,5.623771340779544,,gfs_seamless,model,47.130260957201145,11.801336066101008
2024-07-10,Pong,1.7483158448049676,-0.7096072504872757,0.0,0.0,0.0,50374.97753659369,7.528567905708447,,gfs_seamless,model,27.708225212534273,12.33402329604472
2024-07-11,Pong,1.47272,-0.765932669900671,0.0,0.0,0.0,44026.19051234143,6.330082280063123,,gfs_seamless,cwc,14.240743425070686,12.113265419445488
2024-07-12,Pong,1.4627924363046907,-0.7695311414556262,0.0,0.0,0.0,42113.722278020265,2.4589149934001577,,gfs_seamless,model,15.326229381496404,14.441047742662448
2024-07-13,Pong,1.4605522449065622,-0.7581275698371905,0.0,0.0,0.0,47227.79243906622,4.00627253033504,,gfs_seamless,model,32.452992733903926,21.887515140043696
2024-07-14,Pong,1.459825495900656,-0.753179757112336,0.0,0.0,0.0,42000.3383181021,2.210487850108601,,gfs_seamless,model,41.77078391578716,21.886046366518297
2024-07-15,Pong,1.451244786355363,-0.7500439609162598,0.0,0.0,0.0,43865.405767546385,3.3437809290844527,,gfs_seamless,model,43.865828662798826,20.103724020340017
2024-07-16,Pong,1.4438284084761734,-0.7551865867354343,0.0,0.0,0.0,42807.17087884111,4.808670200514801,,gfs_seamless,model,43.13595495549863,30.449545956291594
2024-07-17,Pong,1.4355111072230968,-0.7634012829822944,0.0,0.0,0.0,45080.21605866876,5.222796583554093,,gfs_seamless,model,33.37686213555953,42.000675121255625
2024-07-18,Pong,1.39637,-0.7551425257728056,0.0,0.0,0.0,53105.15181282084,3.045760603139281,,gfs_seamless,cwc,40.35204040023033,56.60122013171734
2024-07-19,Pong,1.4108440873082693,-0.7506180839805908,0.0,0.0,0.0,44826.06979951831,4.469228214049154,,gfs_seamless,model,51.23143199749923,63.202975487782695
2024-07-20,Pong,1.4038943169465168,-0.7455889216464354,0.0,0.0,0.0,46257.77760326224,7.7188719046900784,,gfs_seamless,model,59.39879701823954,70.13135258053858
2024-07-21,Pong,1.4096815055851888,-0.7202213543301484,0.0,0.0,0.0,58988.396573973056,17.328517075080104,,gfs_seamless,model,74.00886588230186,65.8806400911488
2024-07-22,Pong,1.43917992107437,-0.7285909521355822,0.0,0.0,0.0,64913.57242707177,14.29303819842526,,gfs_seamless,model,57.752136884564976,56.22198315455385
2024-07-23,Pong,1.5117951097310809,-0.6884210631877347,0.0,0.0,0.0,82970.75768928285,9.909297033381684,,gfs_seamless,model,66.58152965874037,53.19774919205611
2024-07-24,Pong,1.5972362313396469,-0.7044932365186544,0.0,0.0,0.0,59736.12600729803,4.563742539201069,,gfs_seamless,model,49.513911386786674,67.03642327863824
2024-07-25,Pong,1.51836,-0.7258874296971906,0.0,0.0,0.0,58890.12265761345,3.447854176811831,,gfs_seamless,cwc,46.82763478384186,62.762544020499334
2024-07-26,Pong,1.5576497836137686,-0.7005952121627549,0.0,0.0,0.0,56733.274835118355,8.012661614743578,,gfs_seamless,model,70.78301209163266,65.23429820735646
2024-07-27,Pong,1.5796907445220223,-0.6483694740374389,0.0,0.0,0.0,56954.62325121815,11.747108758699484,,gfs_seamless,model,119.8018915270578,117.7584764084512
2024-07-28,Pong,1.6354242555228287,-0.6484825599595713,0.0,0.0,0.0,79944.35862607326,15.050661417785893,,gfs_seamless,model,89.79513727166089,94.41131199270423
2024-07-29,Pong,1.7293521747783405,-0.5217952622453096,0.0,0.0,0.0,93412.5079362975,28.86934436482136,,gfs_seamless,model,150.90009545774953,95.76572756810201
2024-07-30,Pong,1.7945078815216908,-0.6204327074598686,0.0,0.0,0.0,65308.41667398077,15.791065153177126,,gfs_seamless,model,92.61040740983265,96.32170442875292
2024-07-31,Pong,1.8297960275461782,-0.6409635099439838,0.0,0.0,0.0,67712.25637484837,16.00585903651907,,gfs_seamless,model,74.9152588823993,93.73392210141868
2024-08-01,Pong,1.7213,-0.6263465388225117,0.0,0.0,0.0,144181.75490088225,8.949991768987262,,gfs_seamless,cwc,53.22606764301265,40.996953174131704
2024-08-02,Pong,1.9470198555703615,-0.6253802141208287,0.0,0.0,0.0,76322.09009734994,14.764019548526932,,gfs_seamless,model,62.07438358513876,51.67751899935462
2024-08-03,Pong,2.0396665187128247,-0.5863453041361429,0.0,0.0,0.0,87583.58155654985,2.846319652058043,,gfs_seamless,model,80.73544703785096,47.09501060914447
2024-08-04,Pong,2.144829353832915,-0.59682211926923,0.0,0.0,0.0,61797.27690720947,10.055111488242629,,gfs_seamless,model,65.69357641499907,70.67457597517358
2024-08-05,Pong,2.1758663005728685,-0.5869610463420303,0.0,0.0,0.0,76587.90985579888,21.65903116617061,,gfs_seamless,model,77.8426426808478,69.68107896705588
2024-08-06,Pong,2.211464918310661,-0.5645441582676617,0.0,0.0,0.0,66693.60780281124,31.051038372504767,,gfs_seamless,model,110.38957679542219,92.13778045382983
2024-08-07,Pong,2.2357707728517395,-0.5674828316814343,0.0,0.0,0.0,62127.57380259568,8.552470539390548,,gfs_seamless,model,87.23626654607712,93.87114109506213
2024-08-08,Pong,2.40613,-0.5619060163460435,0.0,0.0,0.0,65690.53199075686,8.735096114397363,,gfs_seamless,cwc,58.4536114640812,78.3131314626836
2024-08-09,Pong,2.487248572346408,-0.537800568941087,0.0,0.0,0.0,93611.1176864526,18.34147267446759,,gfs_seamless,model,52.52026486335748,56.86629092233103
2024-08-10,Pong,2.578192240170271,-0.5457598804304604,0.0,0.0,0.0,68440.56674562891,15.200694836797531,,gfs_seamless,model,46.98259041446687,75.57984417904282
2024-08-11,Pong,2.6598350963979054,-0.49970342450120414,0.0,0.0,0.0,92219.13116259541,7.576095437804449,,gfs_seamless,model,68.29170639489928,59.84204207426559
2024-08-12,Pong,2.793995682941899,-0.5069523762135879,0.0,0.0,0.0,73682.01761107233,4.00051549237918,,gfs_seamless,model,42.545734953177075,61.512641804328254
2024-08-13,Pong,2.8571770348623864,-0.5074289697002097,0.0,0.0,0.0,59096.953176478266,8.406942149802672,,gfs_seamless,model,46.994626758219475,61.024763411096956
2024-08-14,Pong,2.884824673732698,-0.5053057810937903,0.0,0.0,0.0,57831.75268300938,11.31020614048949,,gfs_seamless,model,50.41648471301115,79.82917671601743
2024-08-15,Pong,2.939011900840644,-0.4497580438832556,0.0,0.0,0.0,76652.5496940478,6.89716570850834,,gfs_seamless,model,84.98906354686473,77.66350147125841
2024-08-16,Pong,3.28499,-0.4249704113407741,0.0,0.0,0.0,65163.43066037333,8.688547687848024,,gfs_seamless,cwc,56.3001156594779,69.4736934182501
2024-08-17,Pong,3.349803925059823,-0.4072602348628125,0.0,0.0,0.0,78212.55515299719,15.872216353984731,,gfs_seamless,model,54.13701861499442,53.372999354063616
2024-08-18,Pong,3.40126429743324,-0.426986904958834,0.0,0.0,0.0,53883.478300662086,8.810605108126175,,gfs_seamless,model,39.32716203406693,53.6302577773155
2024-08-19,Pong,3.452341409436862,-0.41397356832650994,0.0,0.0,0.0,81017.88048329926,7.2483805216621535,,gfs_seamless,model,25.60710029523854,31.960147726881566
2024-08-20,Pong,3.5721744707597103,-0.4015755569057534,0.0,0.0,0.0,78117.19349891736,6.180759331273658,,gfs_seamless,model,15.457986212522028,15.891081772578907
2024-08-21,Pong,3.646377727044897,-0.4050791385519426,0.0,0.0,0.0,56135.83330420769,2.7389289358924724,,gfs_seamless,model,13.695998253925385,13.739907011557943
2024-08-22,Pong,3.69761,-0.397094248394634,0.0,0.0,0.0,46821.26045445344,1.2450819643882023,,gfs_seamless,cwc,24.66262335611643,22.150144619294927
2024-08-23,Pong,3.70108228867636,-0.391765894310889,0.0,0.0,0.0,43675.70646253265,1.881905330227864,,gfs_seamless,model,34.05401776446866,27.76570598780347
2024-08-24,Pong,3.69858638813765,-0.3889523242822495,0.0,0.0,0.0,46461.115209910786,6.0902866716915565,,gfs_seamless,model,35.67307883946314,27.952556564023276
2024-08-25,Pong,3.7006840433293617,-0.39282221414626955,0.0,0.0,0.0,50072.21176079916,11.157454793408176,,gfs_seamless,model,30.65800919336294,27.005408362425868
2024-08-26,Pong,3.6999452216368414,-0.39103618748928565,0.0,0.0,0.0,44698.16302327663,5.6091490658038845,,gfs_seamless,model,36.56814941242301,28.93289180335871
2024-08-27,Pong,3.7027885404512375,-0.3925978125991902,0.0,0.0,0.0,50961.786487983874,5.4534398337166765,,gfs_seamless,model,24.231147589427835,19.068630699717144
2024-08-28,Pong,3.7181156552300267,-0.39255197032967226,0.0,0.0,0.0,52629.626891954314,9.731049521219038,,gfs_seamless,model,21.50636929331421,19.894101671518445
2024-08-29,Pong,3.764,-0.38891205238864,0.0,0.0,0.0,47154.1505225361,4.097398897315603,,gfs_seamless,cwc,20.398266897022587,35.82401510627459
2024-08-30,Pong,3.769268389375264,-0.3783932446642228,0.0,0.0,0.0,46092.019851636665,1.4983703254722085,,gfs_seamless,model,35.719117148539596,35.99265839230162
2024-08-31,Pong,3.7732865999346186,-0.382555508953983,0.0,0.0,0.0,47550.78695886235,6.409800881352646,,gfs_seamless,model,25.436673477081154,36.85178933929654
2024-09-01,Pong,3.768920937208459,-0.3843404264806607,0.0,0.0,0.0,46947.482970531884,11.591613158973228,,gfs_seamless,model,25.947769542202433,48.85321925960835
2024-09-02,Pong,3.7675955190741575,-0.38314331304665294,0.0,0.0,0.0,51031.62568135675,9.758656609261248,,gfs_seamless,model,25.432601138614867,51.03595534306691
2024-09-03,Pong,3.793025810384391,-0.3756779626103571,0.0,0.0,0.0,59832.79400246506,3.8907230216916697,,gfs_seamless,model,17.115500291220194,37.340025366173506
2024-09-04,Pong,3.830017920621651,-0.36691746453882346,0.0,0.0,0.0,53932.58986119343,8.501695522629714,,gfs_seamless,model,25.15832586553773,33.35898748570733
2024-09-05,Pong,3.9178,-0.3627580415379214,0.0,0.0,0.0,52013.95783744266,7.377849072484019,,gfs_seamless,cwc,13.918438304471499,33.49597671714765
2024-09-06,Pong,3.9406598848191305,-0.3611579529004417,0.0,0.0,0.0,56521.198153907986,4.874758633342442,,gfs_seamless,model,6.6439134245581295,28.725092138531043
2024-09-07,Pong,3.976529465453059,-0.3568702825774862,0.0,0.0,0.0,54160.89807697604,1.9728191867583424,,gfs_seamless,model,5.39321142732947,19.416594450584803
2024-09-08,Pong,4.003768322840937,-0.35308678589123954,0.0,0.0,0.0,49527.35607634934,2.323574295100835,,gfs_seamless,model,8.724597272495357,24.413681100176127
2024-09-09,Pong,4.011820496194082,-0.3467914715076829,0.0,0.0,0.0,45747.37752038791,4.071603709990589,,gfs_seamless,model,22.669243348846738,50.19773203914718
2024-09-10,Pong,4.012838797078204,-0.3354368656628221,0.0,0.0,0.0,47511.39568784831,4.7967905136496585,,gfs_seamless,model,43.851071479874484,47.35212640693544
2024-09-11,Pong,4.0211596205135205,-0.33808075905752155,0.0,0.0,0.0,49750.80319483681,5.826669361208146,,gfs_seamless,model,28.69172451412643,41.9029621107298
2024-09-12,Pong,4.0535,-0.34674977467021345,0.0,0.0,0.0,45695.887783238606,7.219463760335786,,gfs_seamless,cwc,11.904883230710261,41.30224899405985
2024-09-13,Pong,4.057945096945684,-0.34554723753992417,0.0,0.0,0.0,50952.79847276656,3.9275382701762287,,gfs_seamless,model,6.941740561851496,36.51673198847972
2024-09-14,Pong,4.102442584663724,-0.32756562021594643,0.0,0.0,0.0,69769.15810173903,2.08180234907604,,gfs_seamless,model,5.3734962269697535,11.387430992684976
2024-09-15,Pong,4.160842143438857,-0.31762537178072187,0.0,0.0,0.0,48274.94938478409,0.4010725614552342,,gfs_seamless,model,20.701179546288976,10.046050719903125
2024-09-16,Pong,4.1697543671402935,-0.32360854808549316,0.0,0.0,0.0,46335.554069251855,0.4619048565321646,,gfs_seamless,model,14.115918668648169,8.264669674413556
2024-09-17,Pong,4.171171531716137,-0.330357614719167,0.0,0.0,0.0,44075.918717014465,5.258388164588284,,gfs_seamless,model,7.29222671956122,8.037426699794635
2024-09-18,Pong,4.168212781863005,-0.3296571745344454,0.0,0.0,0.0,48694.7825321305,5.803718459914086,,gfs_seamless,model,6.3168913873689085,2.303779727199991
2024-09-19,Pong,4.07759,-0.3490373763670898,0.0,0.0,0.0,41849.424875151264,0.116513816698976,,gfs_seamless,cwc,1.43073348699357,0.3375040609765956
2024-09-20,Pong,4.068653044773529,-0.3509999731949604,0.0,0.0,0.0,40987.81924270059,0.2051600713828621,,gfs_seamless,model,2.1253862398145333,0.11365330130499811
2024-09-21,Pong,4.057137442374903,-0.3523174831533643,0.0,0.0,0.0,40156.35882297597,0.1769323539809174,,gfs_seamless,model,5.914857128317345,30.039656970172683
2024-09-22,Pong,4.043624425514544,-0.3529934161362197,0.0,0.0,0.0,40070.62276634466,0.4658430643213498,,gfs_seamless,model,9.470098105605834,44.07835148035177
2024-09-23,Pong,4.0295853293457755,-0.3520750771652016,0.0,0.0,0.0,40057.83967760616,0.5609693881853399,,gfs_seamless,model,15.56508605313003,45.11554046460501
2024-09-24,Pong,4.01547429744879,-0.35148150621980884,0.0,0.0,0.0,40350.72359690622,1.295344443868416,,gfs_seamless,model,19.704329879338854,45.46606019109331
2024-09-25,Pong,4.001465556746659,-0.3541722780331834,0.0,0.0,0.0,41955.46430478002,5.215688720916751,,gfs_seamless,model,17.46254488101768,45.365429295767804
2025-06-05,Pong,0.769,-0.8852788425350928,0.0,0.0,0.0,43957.72321854295,0.1961259611128094,,gfs_seamless,cwc,1.0354495456517627,0.2724592853498476
2025-06-06,Pong,0.7650768190162667,-0.8876322157124694,0.0,0.0,0.0,41502.509679347655,0.2414471198311531,,gfs_seamless,model,0.6054849342402573,0.0
2025-06-07,Pong,0.7547545835107107,-0.8900622857775492,0.0,0.0,0.0,40444.415017496816,0.2661226474427361,,gfs_seamless,model,0.3557873185501654,0.0
2025-06-08,Pong,0.741818876323269,-0.8925041045977828,0.0,0.0,0.0,39885.423355382685,0.0592430606696399,,gfs_seamless,model,0.0811709332399236,1.242346649020335
2025-06-09,Pong,0.7277695975141548,-0.8947318995153621,0.0,0.0,0.0,39835.07502976665,0.0191491853277229,,gfs_seamless,model,0.576818366370186,6.073712180066014
2025-06-10,Pong,0.7136454535902945,-0.8968525496873746,0.0,0.0,0.0,39835.60194999383,0.0216513252077166,,gfs_seamless,model,0.8323948903339456,6.073712180066014
2025-06-11,Pong,0.6995213096664342,-0.8992571474933059,0.0,0.0,0.0,39834.31444227832,0.0185016741036647,,gfs_seamless,model,0.41643252582393153,11.59624620513771
2025-06-12,Pong,0.63591,-0.9095317207517789,0.0,0.0,0.0,39854.726066532414,0.0699503140140526,,gfs_seamless,cwc,0.6700549597003015,27.506859911281623
2025-06-13,Pong,0.6229917388468685,-0.910251085128447,0.0,0.0,0.0,40742.676965243474,0.5820252353684673,,gfs_seamless,model,3.3066083263238344,39.06117972804172
2025-06-14,Pong,0.6153155780869197,-0.9074968392643596,0.0,0.0,0.0,42962.13452627086,0.3436274546108227,,gfs_seamless,model,8.853745917399348,34.74753700095798
2025-06-15,Pong,0.6084954742898837,-0.9029580388585251,0.0,0.0,0.0,45111.009576340846,10.602183495195243,,gfs_seamless,model,20.824208123411942,37.8172657969572
2025-06-16,Pong,0.6018833323970154,-0.9022616663573926,0.0,0.0,0.0,46200.003120827365,4.898153041401369,,gfs_seamless,model,23.298375766373276,43.959366311048065
2025-06-17,Pong,0.6160489827754014,-0.888268518267666,0.0,0.0,0.0,54754.16993879583,3.1013905315269046,,gfs_seamless,model,34.09940524058497,29.078082094543824
2025-06-18,Pong,0.6520503955291768,-0.8676240453093056,0.0,0.0,0.0,55878.98225680112,2.1096418193229267,,gfs_seamless,model,45.60067089536625,22.12962093502738
2025-06-19,Pong,0.56136,-0.8811426420253478,0.0,0.0,0.0,50082.35719270616,8.788090945468019,,gfs_seamless,cwc,54.4612078345749,30.822459172120105
2025-06-20,Pong,0.5636508490327071,-0.8820478139810172,0.0,0.0,0.0,48770.404025080104,6.636424420201227,,gfs_seamless,model,59.34420327353058,45.20655902692022
2025-06-21,Pong,0.5792787575970042,-0.8728216984730103,0.0,0.0,0.0,59401.46043726441,12.13299518597579,,gfs_seamless,model,62.30643250895861,52.249059526788194
2025-06-22,Pong,0.5945905221294214,-0.8742058223493359,0.0,0.0,0.0,45429.52027568126,4.512180344312244,,gfs_seamless,model,65.63284677110018,64.48007678742087
2025-06-23,Pong,0.596081243289026,-0.8606129040604278,0.0,0.0,0.0,53044.99837874291,13.564466824325692,,gfs_seamless,model,74.12653424794243,67.3822712044184
2025-06-24,Pong,0.60855452307818,-0.8468527330156249,0.0,0.0,0.0,60092.67281783446,19.8775535552952,,gfs_seamless,model,80.11985435397106,83.95761453735427
2025-06-25,Pong,0.6404844245410124,-0.821547981332303,0.0,0.0,0.0,81300.20395715362,32.993521456032056,,gfs_seamless,model,89.07147032725405,102.63941375985999
2025-06-26,Pong,0.699,-0.8323336722606112,0.0,0.0,0.0,68374.17828648761,7.030100193973256,,gfs_seamless,cwc,65.44761526845896,133.36538006453355
2025-06-27,Pong,0.7658858418723282,-0.8253378667176761,0.0,0.0,0.0,71356.77566090663,12.010305513927932,,gfs_seamless,model,62.781274266363766,129.10031367191326
2025-06-28,Pong,0.8224315948610892,-0.8140311017039211,0.0,0.0,0.0,65807.58828227833,11.633747511539363,,gfs_seamless,model,68.96576161945853,132.35112714565074
2025-06-29,Pong,0.9006056489327017,-0.790430784990862,0.0,0.0,0.0,94272.90374528487,17.871038809536714,,gfs_seamless,model,60.06198871386998,115.53688876923543
2025-06-30,Pong,1.0615335599711646,-0.7593995094742451,0.0,0.0,0.0,112875.54825471074,11.622600725781004,,gfs_seamless,model,46.16632496536924,83.16409768923027
2025-07-01,Pong,1.3238653138835441,-0.6996639050908495,0.0,0.0,0.0,153576.68574146557,8.503773272226098,,gfs_seamless,model,36.56043403871706,49.71960591772992
2025-07-02,Pong,1.5895464564772055,-0.6870484435791036,0.0,0.0,0.0,95086.3640072533,11.699748376657295,,gfs_seamless,model,53.92673534129956,42.595373885286925
2025-07-03,Pong,1.66912,-0.6865911061795704,0.0,0.0,0.0,81228.40269859952,2.8587330605207844,,gfs_seamless,cwc,50.47051651236481,37.287535109037954
2025-07-04,Pong,1.7749455404845507,-0.650320351168577,0.0,0.0,0.0,70250.36874040516,9.368528105003817,,gfs_seamless,model,73.04231074188593,34.08023760063488
2025-07-05,Pong,1.819627185708408,-0.6683393682009099,0.0,0.0,0.0,67389.36288828167,19.359399856879367,,gfs_seamless,model,54.41101899791065,49.48226378646109
2025-07-06,Pong,1.8652557628743422,-0.6180932569144335,0.0,0.0,0.0,89418.84744971344,44.50174945501162,,gfs_seamless,model,87.52397072560574,43.355985651167074
2025-07-07,Pong,1.897746554412689,-0.6531179227375873,0.0,0.0,0.0,65809.60449660596,31.259229583073708,,gfs_seamless,model,57.74463818631153,66.45416558891931
2025-07-08,Pong,1.9068888488070639,-0.6707679042355178,0.0,0.0,0.0,59814.127386293716,18.0558256835022,,gfs_seamless,model,41.4046718935003,61.12639366582511
2025-07-09,Pong,1.9225258606435085,-0.6796047717180302,0.0,0.0,0.0,53117.34452299653,11.638113614667024,,gfs_seamless,model,34.83478674564234,62.02979748799408
2025-07-10,Pong,1.90997,-0.668929455956022,0.0,0.0,0.0,66026.10658197103,7.664354471918386,,gfs_seamless,cwc,36.737850808879394,47.290023924842416
2025-07-11,Pong,1.963788021941937,-0.6592941483670782,0.0,0.0,0.0,54752.29414483868,2.5141960808353643,,gfs_seamless,model,43.45135093833912,41.889286706574595
2025-07-12,Pong,2.0232874957899494,-0.6164590086406855,0.0,0.0,0.0,81135.19546177748,9.277590123723304,,gfs_seamless,model,61.86523532593748,21.468820764098254
2025-07-13,Pong,2.0942779574001213,-0.6177918658653394,0.0,0.0,0.0,56332.4990993903,10.35970450334289,,gfs_seamless,model,62.49183223223526,30.44593753069569
2025-07-14,Pong,2.113402944253073,-0.6067212819762086,0.0,0.0,0.0,61837.88676911423,12.33801882419781,,gfs_seamless,model,66.32926495699671,24.327410450442326
2025-07-15,Pong,2.1377298016435824,-0.6281923352056419,0.0,0.0,0.0,55824.16796684665,14.824487809191847,,gfs_seamless,model,47.0469676692419,21.549708334434907
2025-07-16,Pong,2.1449777893047024,-0.625744339948782,0.0,0.0,0.0,54771.43972854618,13.687033276829595,,gfs_seamless,model,64.32348801795526,61.97945030653434
2025-07-17,Pong,2.1525259079104133,-0.6275935001318548,0.0,0.0,0.0,50488.20447014665,11.594090888125905,,gfs_seamless,model,53.328550798400904,79.36410833205329
2025-07-18,Pong,2.162848097907095,-0.6217313461429945,0.0,0.0,0.0,49894.47852134892,0.7817051681300761,,gfs_seamless,model,52.086051443499635,85.18859163716905
2025-07-19,Pong,2.173017915714229,-0.6117807427447567,0.0,0.0,0.0,48112.08179513413,10.523595222771531,,gfs_seamless,model,63.65518824747769,90.81574987879239
2025-07-20,Pong,2.167152093853836,-0.6221530658475241,0.0,0.0,0.0,52043.19419286768,17.98376534112286,,gfs_seamless,model,54.18615129356688,89.66018467424578
2025-07-21,Pong,2.218153304582719,-0.5915459201969125,0.0,0.0,0.0,99850.78030472883,14.212336179931624,,gfs_seamless,model,39.95812538079891,50.90199604690382
2025-07-22,Pong,2.3659028079894586,-0.5880140637790008,0.0,0.0,0.0,84625.97460665504,7.938679468378504,,gfs_seamless,model,24.849041825790415,29.98767772065587
2025-07-23,Pong,2.4796406939324633,-0.5701403963984928,0.0,0.0,0.0,77373.18512096918,1.596117528449423,,gfs_seamless,model,37.499638634709264,34.049925167514864
2025-07-24,Pong,2.5679587541348616,-0.5557033838420824,0.0,0.0,0.0,59937.82432836685,2.81110721090245,,gfs_seamless,model,46.913621567145206,65.51629202951742
2025-07-25,Pong,2.597473451249641,-0.5489684713507457,0.0,0.0,0.0,49110.57722261389,3.444439065464377,,gfs_seamless,model,58.782729120780445,93.31639019220503
2025-07-26,Pong,2.6124635837598786,-0.5306639652189885,0.0,0.0,0.0,54845.64799214265,10.848545464557988,,gfs_seamless,model,71.98989162707652,102.25017657809407
2025-07-27,Pong,2.6176737121322926,-0.5512160624327415,0.0,0.0,0.0,50508.791706107244,15.066912868662293,,gfs_seamless,model,53.57257097314476,121.22848391518406
2025-07-28,Pong,2.6371292791536747,-0.5384848790861679,0.0,0.0,0.0,71028.87137415589,21.595153755684613,,gfs_seamless,model,47.641823253281935,134.99195377849588
2025-07-29,Pong,2.723513402299222,-0.5003097333303234,0.0,0.0,0.0,97271.66667077389,13.936526015463157,,gfs_seamless,model,49.10403847582322,105.79411068059228
2025-07-30,Pong,2.878658063690432,-0.4748378896382584,0.0,0.0,0.0,96212.04002026012,3.9180118463521785,,gfs_seamless,model,46.416510069663325,89.16255977451185
2025-07-31,Pong,3.0296685422626695,-0.4447329494532291,0.0,0.0,0.0,95073.95790911301,15.858336446697097,,gfs_seamless,model,59.74954046017556,97.55986302269127
2025-08-06,Pong,4.552863073913041,-0.2114772392274634,0.0,0.0,0.0,114167.27200320561,4.72264243446739,,gfs_seamless,press,28.8736175106675,35.01308798824767
2025-08-07,Pong,4.7377656182545085,-0.20551428895508722,0.0,0.0,0.0,71257.29811010556,1.6703609773882158,,gfs_seamless,model,24.439216929678988,60.4388912075497
2025-08-08,Pong,5.11,-0.15322308835470944,0.0,0.0,0.0,58330.53043769467,6.925460711231361,,gfs_seamless,press,29.09046130115116,61.67955875523732
2025-08-09,Pong,5.148681005627195,-0.15236871609058789,0.0,0.0,0.0,62795.44414582592,8.08743352036492,,gfs_seamless,model,23.62621657851356,71.37733421128918
2025-08-10,Pong,5.189062616880792,-0.14055910061601742,0.0,0.0,0.0,66517.61024374273,19.52491802901232,,gfs_seamless,model,31.796308084643698,95.85328159234447
2025-08-11,Pong,5.212792308237794,-0.15013948512989272,0.0,0.0,0.0,49609.58046603968,3.326851382080532,,gfs_seamless,model,22.66503965148315,105.84629769181694
2025-08-12,Pong,5.27275136445348,-0.1101736125123963,0.0,0.0,0.0,82828.38808999107,2.3934391972339104,,gfs_seamless,model,35.08232939787043,106.20558987194872
2025-08-13,Pong,5.362798025507066,-0.0860832891598767,0.0,0.0,0.0,65399.32169961928,19.085597956860987,,gfs_seamless,model,59.81109373330652,122.98570409100506
2025-08-14,Pong,5.412804902572875,-0.08010916745749526,0.0,0.0,0.0,75455.95777868357,5.593166858870282,,gfs_seamless,model,49.28658377187459,116.93750303244329
2025-08-15,Pong,5.540755937053137,-0.023092983750873698,0.0,0.0,0.0,98721.7979486982,9.603659893233678,,gfs_seamless,model,61.40147632471091,101.14022100439834
2025-08-16,Pong,5.686535409815282,-0.02693150755311793,0.0,0.0,0.0,94764.44767728522,16.54922038560443,,gfs_seamless,model,41.379000387682524,90.48331537146517
2025-08-17,Pong,5.859793904313949,0.005590066126296916,0.034418037139609226,11339.242182732436,0.0,117384.25044521502,10.610151746144274,4.0,gfs_seamless,model,31.590650280804027,54.829681772462195
2025-08-18,Pong,5.233,-0.1168258765922626,0.0,0.0,0.0,93620.09036076513,6.976319086702956,,gfs_seamless,press,24.87790429543007,43.68013414009679
2025-08-19,Pong,5.37043623637049,-0.07685406398378952,0.0,0.0,0.0,91375.11105278115,12.670690203232317,,gfs_seamless,model,54.42990418954514,54.836770326975184
2025-08-20,Pong,5.4918565172115095,-0.04270047239644399,0.0,0.0,0.0,74671.99573757016,3.6389851267616287,,gfs_seamless,model,83.63493931085488,88.71315689670715
2025-08-21,Pong,5.567308509947511,-0.05926811992343337,0.0,0.0,0.0,58057.764901367984,4.050869183946232,,gfs_seamless,model,54.44442623315053,147.74794723395937
2025-08-22,Pong,5.59047687394263,-0.06690683949893413,0.0,0.0,0.0,51643.44554271411,9.242328787785572,,gfs_seamless,model,47.866448280238956,162.62845832679506
2025-08-23,Pong,5.602041591310721,-0.06453723029762515,0.0,0.0,0.0,55594.64150453337,11.621358161831903,,gfs_seamless,model,47.714294794326236,165.80453809854833
2025-08-24,Pong,5.648672963733038,-0.04550367853106301,0.0,0.0,0.0,82103.29063627175,20.467817832765903,,gfs_seamless,model,44.5849792706802,159.13668539182981
2025-08-25,Pong,5.791937673697563,0.02392410307441821,0.1473007026291917,23397.132600503293,0.0,133975.6212932176,21.72212334170758,3.0,gfs_seamless,model,55.54292796151654,138.30515896875355
2025-08-26,Pong,6.11165,0.14612557895395079,0.8996951896194734,120954.70778793603,120954.70778793603,185090.82047103238,2.177917875684503,1.0,gfs_seamless,press,83.8866308188035,90.77611373048624
2025-08-27,Pong,6.157,0.10717411933696652,0.6598710527577012,76978.2753158214,76978.2753158214,122578.27531582142,7.641820085533605,1.0,gfs_seamless,model,66.31269401083648,105.61944458785833
2025-08-28,Pong,6.157,0.10283362193536484,0.6331466102560404,75223.58682858455,75223.58682858455,120823.58682858477,21.54993743330405,1.0,gfs_seamless,model,70.7030764189221,130.38049986906458
2025-08-29,Pong,6.157,0.09432351824246439,0.5807499018188524,68733.06271086432,58940.44562078617,104540.44562078646,14.282618066270024,1.0,gfs_seamless,model,71.68727234650297,143.0107016413414
2025-08-30,Pong,6.157,0.06706673443333896,0.41292988390606755,79875.15153259807,79875.15153259807,125475.15153259812,20.084931556470934,1.0,gfs_seamless,model,44.21347926045101,137.16191748217
2025-08-31,Pong,6.157,0.0588233733506923,0.3621755097202115,59148.87401601993,59148.87401601993,104748.87401601986,31.69782219501936,1.0,gfs_seamless,model,47.85537835637419,129.8348523519528
2025-09-01,Pong,6.157,0.0863386704716416,0.5315871940938957,84213.94479519044,84213.94479519044,129813.94479519072,30.880072824481005,1.0,gfs_seamless,model,59.81490600843398,101.96333145929755
2025-09-02,Pong,6.157,0.045398682069883095,0.279519685504269,74029.35440940589,74029.35440940589,119629.3544094058,4.888546595268161,1.0,gfs_seamless,model,19.8651718829778,72.37522298733307
2025-09-03,Pong,6.157,0.04716629302756845,0.29040286617073807,76087.06164320374,76087.06164320374,121687.06164320369,3.9851955794951937,1.0,gfs_seamless,model,21.31937275356597,48.07391119095258
2025-09-04,Pong,6.157,0.05255027464811137,0.32355204100842094,58520.372561686876,58520.372561686876,104120.37256168714,2.554172126205147,1.0,gfs_seamless,model,35.07418915725208,31.70405776725262
2025-09-05,Pong,6.11165,0.028643928176407277,0.17636066578213772,24385.45816332995,19865.633729916848,84001.74641301305,9.723042487351186,1.0,gfs_seamless,press,33.515235065624815,24.278104337976398
2025-09-06,Pong,6.11165,0.002540251251804208,0.0168371088746202,4741.380258108487,0.0,55352.5222424172,2.9400561850029554,3.0,gfs_seamless,press,24.645048145741644,28.066842391637405
2025-09-07,Pong,6.1429603720172175,0.011214617452482149,0.07237618234726018,13100.993132171272,7798.243753428983,59136.725039374054,11.51506929412814,1.0,gfs_seamless,model,30.255499603408165,29.67880311081177
2025-09-08,Pong,6.157,0.001592248932684241,0.019649547560162794,5647.930788272589,5647.930788272589,51247.930788272526,5.008621613708196,1.0,gfs_seamless,model,18.729717160403993,35.06506023533033
2025-09-09,Pong,6.157,0.0037257007334816155,0.022939139416044974,4769.413056510819,4769.413056510819,50369.41305651095,5.200736230175632,1.0,gfs_seamless,model,23.098740710046386,58.19672752014556
2025-09-10,Pong,6.157,0.0010080154021126458,0.0077434123510151665,2840.8784418059054,0.0,45435.62727522973,4.000601850185008,3.0,gfs_seamless,model,22.92900635287528,66.88751020532473
2025-09-11,Pong,6.157,0.0029699096377153907,0.018285733639412882,3226.3053864385624,3226.3053864385624,48826.3053864385,4.448120912953869,1.0,gfs_seamless,model,24.14110082334325,76.9423272486509
2025-09-12,Pong,6.157,0.00847934451558057,0.05220732418242857,5740.633090919641,4633.023242004531,50233.02324200447,5.457441895099575,1.0,gfs_seamless,model,30.216310046887806,74.65289720974778
2025-09-13,Pong,6.157,0.012793814631969129,0.07947012653379115,10892.39293822867,10892.39293822867,56492.39293822875,7.01300393688056,1.0,gfs_seamless,model,28.40815932043585,70.80038973407213
2025-09-14,Pong,6.157,0.025420447479889047,0.16301727353682072,34075.78093170645,34075.78093170645,79675.78093170654,6.29820489861482,1.0,gfs_seamless,model,22.24386884876619,46.0823729319683
2025-09-15,Pong,6.157,0.01710837997632335,0.11733779315005499,23014.056089526388,23014.056089526388,68614.05608952636,9.761167247799388,1.0,gfs_seamless,model,20.086675966550043,39.40892267587957
2025-09-16,Pong,6.157,0.01060377096938666,0.09067434464490365,27536.61131325441,27536.61131325441,73136.61131325446,4.891818036029762,1.0,gfs_seamless,model,9.62828704668843,22.72468066950777
2025-09-17,Pong,6.157,-0.002072970304779024,0.028302794578236146,9031.295020959275,9031.295020959275,54631.295020959515,3.101601355444313,1.0,gfs_seamless,model,5.024281538912669,17.775060008192145
2025-09-18,Pong,6.157,-0.004550444739913723,0.022912799512435633,9365.253222661464,9365.253222661464,54965.25322266141,1.3869734342505595,1.0,gfs_seamless,model,2.2340650123149874,9.961053916467725
2025-09-19,Pong,6.157,-0.008001107834949572,0.004897653930838075,2001.8404662585083,2001.8404662585083,47601.84046625848,0.7838617008007435,1.0,gfs_seamless,model,2.226508920621286,4.695077579005638
2025-09-20,Pong,6.157,-0.009140259901692984,0.00030317670082258275,123.91879800080976,123.91879800080976,45723.91879800077,0.2334443682897538,1.0,gfs_seamless,model,2.0053009335251675,0.5974017274425241
2025-09-21,Pong,6.156945390504269,-0.011646919359284899,0.0,0.0,0.0,41181.63891310703,0.1858358386287404,,gfs_seamless,model,1.4366139644759022,0.5889156268823388
2025-09-22,Pong,6.146163654932011,-0.013821757688271694,0.0,0.0,0.0,40818.86970216144,0.6799074709511245,,gfs_seamless,model,1.3734751526440392,0.3819069818048813
2025-09-23,Pong,6.134093695950059,-0.016092930667429572,0.0,0.0,0.0,40472.344170004144,0.82945213279289,,gfs_seamless,model,1.0740249329658254,0.0275474701663485
2025-09-24,Pong,6.120613446927658,-0.01874939678422177,0.0,0.0,0.0,39979.3392804848,0.2104923744158272,,gfs_seamless,model,0.3906636777396823,0.0275474701663485
2025-09-25,Pong,6.106642218394395,-0.021124857115430187,0.0,0.0,0.0,39909.091866142015,0.1137548032267329,,gfs_seamless,model,0.1903785730569655,0.0275474701663485
2026-08-09,Pong,3.083675,-0.4682731746965517,0.0,0.0,0.0,58560.02164994038,14.31472503614496,,gfs_seamless,bbmb,60.9596124626552,49.372453832451185
2026-08-10,Pong,3.161492857142857,-0.46042688049332303,0.0,0.0,0.0,57355.894548744756,10.649604255107278,,gfs_seamless,bbmb,57.700120821734444,44.514248883973664
2026-08-11,Pong,3.161492857142857,-0.4458511792571454,0.0,0.0,0.0,74477.84493232012,4.413029843489033,,gfs_seamless,bbmb,53.12510746329571,23.13543229902195
2026-08-12,Pong,3.3085639999999996,-0.4274326189428706,0.0,0.0,0.0,51825.61126292415,5.019756469081052,,gfs_seamless,bbmb,66.05517086885837,26.38191544942393
2026-08-13,Pong,3.3531899222654924,-0.41690504815259927,0.0,0.0,0.0,53764.26281389397,9.141930876065,,gfs_seamless,bbmb,79.32046177704669,35.23791581371498
2026-08-14,Pong,3.420284,-0.4132360968824171,0.0,0.0,0.0,57660.13947046441,11.714428045073245,,gfs_seamless,bbmb,61.27995458387482,43.35305562690729
2026-08-15,Pong,3.504276,-0.3956651573406757,0.0,0.0,0.0,49536.01807994128,5.567533087387981,,gfs_seamless,bbmb,68.1954686386682,40.56900941943165
2026-08-16,Pong,3.5506384725333207,-0.4021496996143992,0.0,0.0,0.0,48485.575116760505,6.412684551587991,,gfs_seamless,bbmb,53.504107088372166,38.152321046600576
2026-08-17,Pong,3.649894261073841,-0.3804858779615306,0.0,0.0,0.0,51620.3566059652,10.950760358592042,,gfs_seamless,bbmb,55.36734388041983,38.247423993655104
2026-08-18,Pong,3.7131452029629655,-0.37080926618067855,0.0,0.0,0.0,57884.080308510696,10.32397609317932,,gfs_seamless,bbmb,46.14966565222948,29.45028200659551
2026-08-19,Pong,3.796634731142878,-0.3643280763690502,0.0,0.0,0.0,63045.21559635244,7.116961657119547,,gfs_seamless,bbmb,29.40195387010486,13.783312045135716
2026-08-20,Pong,3.968454,-0.3479804642530046,0.0,0.0,0.0,53585.84588231594,11.865204205743204,,gfs_seamless,bbmb,23.337574606156124,14.314083735760804
2026-08-21,Pong,3.9820839571200013,-0.3582200451494642,0.0,0.0,0.0,47584.99558779824,4.659921193460916,,gfs_seamless,bbmb,9.766832699698115,16.203587079018526
2026-08-22,Pong,3.9919068076799964,-0.35965403375115745,0.0,0.0,0.0,46445.83762237,1.57656037819982,,gfs_seamless,bbmb,4.428773046744013,12.990829720548133
2026-08-23,Pong,4.058954,-0.3500936006065641,0.0,0.0,0.0,43972.266556402705,0.8782625736327333,,gfs_seamless,bbmb,4.647407898267175,11.397615477442365
2026-08-24,Pong,4.0922125,-0.344988994418267,0.0,0.0,0.0,42062.65787041946,0.7507349212796205,,gfs_seamless,bbmb,6.653565282416862,12.831999361757369
2026-08-25,Pong,4.147480557419385,-0.3357319831406878,0.0,0.0,0.0,41864.28708652298,0.4692973252251686,,gfs_seamless,bbmb,7.805676993648444,17.932893803363633
2026-08-26,Pong,4.150482714516137,-0.3341159687171139,0.0,0.0,0.0,43272.18688931504,0.5061621724359405,,gfs_seamless,bbmb,8.578038976063482,20.8136893584261
2026-08-27,Pong,4.20018,-0.32426366832759107,0.0,0.0,0.0,42292.35474554221,0.1495292850633993,,gfs_seamless,bbmb,18.241951246446632,28.366579221169474
2026-08-28,Pong,4.20018,-0.3188265733457161,0.0,0.0,0.0,41818.25018503663,0.5609935642646311,,gfs_seamless,bbmb,31.646010136648,31.907252970442336
2026-08-29,Pong,4.2964657142857146,-0.30241807980025426,0.0,0.0,0.0,42579.30717633124,1.1193298349757104,,gfs_seamless,bbmb,29.999398142482235,32.127212835364276
2026-08-30,Pong,4.2964657142857146,-0.2976595547380052,0.0,0.0,0.0,46047.26439894604,1.5661083925752377,,gfs_seamless,bbmb,31.005427335482942,
