district,date,score,flooded_within_3d
Amritsar,2025-07-25,0.0025960242,0.0
Amritsar,2025-07-26,0.0021745088,0.0
Amritsar,2025-07-27,0.0012088462,0.0
Amritsar,2025-07-28,0.0010887028,0.0
Amritsar,2025-07-29,0.00038207258,0.0
Amritsar,2025-07-30,0.00039425978,0.0
Amritsar,2025-07-31,0.0003708544,0.0
Amritsar,2025-08-01,0.00029694097,0.0
Amritsar,2025-08-02,0.00045249678,0.0
Amritsar,2025-08-03,0.00021716123,0.0
Amritsar,2025-08-04,0.000532158,0.0
Amritsar,2025-08-05,0.0004930245,0.0
Amritsar,2025-08-06,0.0011516277,0.0
Amritsar,2025-08-07,0.0013330753,0.0
Amritsar,2025-08-08,0.0010747378,0.0
Amritsar,2025-08-09,0.0008378233,0.0
Amritsar,2025-08-10,0.00038424574,0.0
Amritsar,2025-08-11,0.00042041004,0.0
Amritsar,2025-08-12,0.00045704248,0.0
Amritsar,2025-08-13,0.0012644497,0.0
Amritsar,2025-08-14,0.0009023203,0.0
Amritsar,2025-08-15,0.00046881853,0.0
Amritsar,2025-08-16,0.00074193283,0.0
Amritsar,2025-08-17,0.0007777928,0.0
Amritsar,2025-08-18,0.0011865371,0.0
Amritsar,2025-08-19,0.0011456318,0.0
Amritsar,2025-08-20,0.001143746,0.0
Amritsar,2025-08-21,0.001012153,0.0
Amritsar,2025-08-22,0.0005270193,0.0
Amritsar,2025-08-23,0.00028070994,0.0
Amritsar,2025-08-24,0.00038297934,1.0
Amritsar,2025-08-25,0.00037526665,1.0
Amritsar,2025-08-26,0.00060212164,1.0
Amritsar,2025-08-28,0.006921649,0.0
Amritsar,2025-08-29,0.0063986536,0.0
Amritsar,2025-08-30,0.004218213,0.0
Amritsar,2025-08-31,0.014221041,0.0
Amritsar,2025-09-01,0.015420012,1.0
Amritsar,2025-09-02,0.02155756,1.0
Amritsar,2025-09-03,0.0027779883,1.0
Amritsar,2025-09-05,0.008453057,1.0
Amritsar,2025-09-06,0.008052121,1.0
Amritsar,2025-09-07,0.009902023,1.0
Amritsar,2025-09-09,0.0075670145,0.0
Amritsar,2025-09-10,0.0068668174,0.0
Amritsar,2025-09-11,0.008059818,0.0
Amritsar,2025-09-12,0.011136013,0.0
Amritsar,2025-09-13,0.02421127,0.0
Amritsar,2025-09-14,0.022275075,0.0
Amritsar,2025-09-15,0.008469355,0.0
Amritsar,2025-09-16,0.0013312781,0.0
Amritsar,2025-09-17,0.0008874877,0.0
Amritsar,2025-09-18,0.00097611547,0.0
Amritsar,2025-09-19,0.0020262664,0.0
Amritsar,2025-09-20,0.0007704745,0.0
Amritsar,2025-09-21,0.0008425938,0.0
Amritsar,2025-09-22,0.0009259154,0.0
Amritsar,2025-09-23,0.0016634673,0.0
Amritsar,2025-09-24,0.0009824604,0.0
Amritsar,2025-09-25,0.0009170002,0.0
Amritsar,2025-09-26,0.0008884438,0.0
Barnala,2025-07-25,0.0002247487,0.0
Barnala,2025-07-26,0.0002646743,0.0
Barnala,2025-07-27,0.00025132668,0.0
Barnala,2025-07-28,0.0007464475,0.0
Barnala,2025-07-29,0.00019721042,0.0
Barnala,2025-07-30,0.00024682048,0.0
Barnala,2025-07-31,0.0002047547,0.0
Barnala,2025-08-01,0.0002047547,0.0
Barnala,2025-08-02,0.00044223954,0.0
Barnala,2025-08-03,0.00022156145,0.0
Barnala,2025-08-04,0.00026108426,0.0
Barnala,2025-08-05,0.00025729233,0.0
Barnala,2025-08-06,0.00020187233,0.0
Barnala,2025-08-07,0.00022165528,0.0
Barnala,2025-08-08,0.00017591927,0.0
Barnala,2025-08-09,0.00047983092,0.0
Barnala,2025-08-10,0.00014890548,0.0
Barnala,2025-08-11,0.00014399353,0.0
Barnala,2025-08-12,0.00015262302,0.0
Barnala,2025-08-13,0.000682026,0.0
Barnala,2025-08-14,0.0008371147,0.0
Barnala,2025-08-15,0.00027838667,0.0
Barnala,2025-08-16,0.0005035736,0.0
Barnala,2025-08-17,0.00054300705,0.0
Barnala,2025-08-18,0.00031096223,0.0
Barnala,2025-08-19,0.00030315688,0.0
Barnala,2025-08-20,0.00029838458,0.0
Barnala,2025-08-21,0.0017196309,0.0
Barnala,2025-08-22,0.00073840533,0.0
Barnala,2025-08-23,0.00046157266,0.0
Barnala,2025-08-24,0.0007077978,0.0
Barnala,2025-08-25,0.0007077978,0.0
Barnala,2025-08-26,0.0009482639,0.0
Barnala,2025-08-27,0.00037572018,0.0
Barnala,2025-08-28,0.0003215705,0.0
Barnala,2025-08-29,0.00028614825,0.0
Barnala,2025-08-30,0.00024144494,0.0
Barnala,2025-08-31,0.0003028218,0.0
Barnala,2025-09-01,0.00022215926,0.0
Barnala,2025-09-02,0.0005238161,0.0
Barnala,2025-09-03,0.00025099263,0.0
Barnala,2025-09-04,0.0002912501,0.0
Barnala,2025-09-05,0.00032944875,0.0
Barnala,2025-09-06,0.0003379111,0.0
Barnala,2025-09-07,0.0007015808,0.0
Barnala,2025-09-08,0.0004311524,0.0
Barnala,2025-09-09,0.000326564,0.0
Barnala,2025-09-10,0.00030140413,0.0
Barnala,2025-09-11,0.00023909251,0.0
Barnala,2025-09-12,0.00023909251,0.0
Barnala,2025-09-13,0.0002511631,0.0
Barnala,2025-09-14,0.0005861558,0.0
Barnala,2025-09-15,0.00018419474,0.0
Barnala,2025-09-16,0.00017559832,0.0
Barnala,2025-09-17,0.00023909251,0.0
Barnala,2025-09-18,0.0002511631,0.0
Barnala,2025-09-19,0.0005861558,0.0
Barnala,2025-09-20,0.00018419474,0.0
Barnala,2025-09-21,0.00023909251,0.0
Barnala,2025-09-22,0.0002511631,0.0
Barnala,2025-09-23,0.00027903743,0.0
Barnala,2025-09-24,0.0002578392,0.0
Barnala,2025-09-25,0.00027646008,0.0
Barnala,2025-09-26,0.000594041,0.0
Bathinda,2025-07-25,0.000531019,0.0
Bathinda,2025-07-26,0.00046439603,0.0
Bathinda,2025-07-27,0.0003914715,0.0
Bathinda,2025-07-28,0.000792054,0.0
Bathinda,2025-07-29,0.00031503508,0.0
Bathinda,2025-07-30,0.00030968324,0.0
Bathinda,2025-07-31,0.00028139455,0.0
Bathinda,2025-08-01,0.00023940935,0.0
Bathinda,2025-08-02,0.00050195545,0.0
Bathinda,2025-08-03,0.00019822769,0.0
Bathinda,2025-08-04,0.00034541404,0.0
Bathinda,2025-08-05,0.00033716584,0.0
Bathinda,2025-08-06,0.00033714657,0.0
Bathinda,2025-08-07,0.00038404673,0.0
Bathinda,2025-08-08,0.00031250855,0.0
Bathinda,2025-08-09,0.0005504886,0.0
Bathinda,2025-08-10,0.00024105782,0.0
Bathinda,2025-08-11,0.00024105782,0.0
Bathinda,2025-08-12,0.0002675675,0.0
Bathinda,2025-08-13,0.00084154384,0.0
Bathinda,2025-08-14,0.00084154384,0.0
Bathinda,2025-08-15,0.00022678808,0.0
Bathinda,2025-08-16,0.00049230014,0.0
Bathinda,2025-08-17,0.0005035736,0.0
Bathinda,2025-08-18,0.00045616998,0.0
Bathinda,2025-08-19,0.00041964668,0.0
Bathinda,2025-08-20,0.0004000665,0.0
Bathinda,2025-08-21,0.00086537347,0.0
Bathinda,2025-08-22,0.00039253506,0.0
Bathinda,2025-08-23,0.00030857333,0.0
Bathinda,2025-08-24,0.00047321993,0.0
Bathinda,2025-08-25,0.00047321993,0.0
Bathinda,2025-08-26,0.0010466409,0.0
Bathinda,2025-08-27,0.00040617,0.0
Bathinda,2025-08-28,0.0003084848,0.0
Bathinda,2025-08-29,0.00027450334,0.0
Bathinda,2025-08-30,0.00031835234,0.0
Bathinda,2025-08-31,0.00037850096,0.0
Bathinda,2025-09-01,0.00027768553,0.0
Bathinda,2025-09-02,0.00046684608,0.0
Bathinda,2025-09-03,0.00029629478,0.0
Bathinda,2025-09-04,0.00030294195,0.0
Bathinda,2025-09-05,0.00030200847,0.0
Bathinda,2025-09-06,0.0003097665,0.0
Bathinda,2025-09-07,0.0007383501,0.0
Bathinda,2025-09-08,0.0004040412,0.0
Bathinda,2025-09-09,0.00034100996,0.0
Bathinda,2025-09-10,0.00027629908,0.0
Bathinda,2025-09-11,0.00033467685,0.0
Bathinda,2025-09-12,0.00033467685,0.0
Bathinda,2025-09-13,0.0003515718,0.0
Bathinda,2025-09-14,0.0005861558,0.0
Bathinda,2025-09-15,0.0002578392,0.0
Bathinda,2025-09-16,0.00017559832,0.0
Bathinda,2025-09-17,0.00023909251,0.0
Bathinda,2025-09-18,0.0002511631,0.0
Bathinda,2025-09-19,0.0005861558,0.0
Bathinda,2025-09-20,0.00018419474,0.0
Bathinda,2025-09-21,0.00023909251,0.0
Bathinda,2025-09-22,0.0002511631,0.0
Bathinda,2025-09-23,0.00043918178,0.0
Bathinda,2025-09-24,0.00040582172,0.0
Bathinda,2025-09-25,0.00043512587,0.0
Bathinda,2025-09-26,0.000594041,0.0
Faridkot,2025-07-25,0.0026565643,0.0
Faridkot,2025-07-26,0.007111022,0.0
Faridkot,2025-07-27,0.0064418707,0.0
Faridkot,2025-07-28,0.005065429,0.0
Faridkot,2025-07-29,0.0040978505,0.0
Faridkot,2025-07-30,0.00076533284,0.0
Faridkot,2025-07-31,0.00039703044,0.0
Faridkot,2025-08-01,0.0004035991,0.0
Faridkot,2025-08-02,0.0009680945,0.0
Faridkot,2025-08-03,0.0004699803,0.0
Faridkot,2025-08-04,0.00060439564,0.0
Faridkot,2025-08-05,0.00074376527,0.0
Faridkot,2025-08-06,0.0011793077,0.0
Faridkot,2025-08-07,0.0013330753,0.0
Faridkot,2025-08-08,0.0005193395,0.0
Faridkot,2025-08-09,0.00039089442,0.0
Faridkot,2025-08-10,0.00034901776,0.0
Faridkot,2025-08-11,0.00040561383,0.0
Faridkot,2025-08-12,0.0004147589,0.0
Faridkot,2025-08-13,0.0010212205,0.0
Faridkot,2025-08-14,0.0009436907,0.0
Faridkot,2025-08-15,0.0005520076,0.0
Faridkot,2025-08-16,0.000703953,0.0
Faridkot,2025-08-17,0.0008273977,0.0
Faridkot,2025-08-18,0.0008984422,0.0
Faridkot,2025-08-19,0.0014240538,0.0
Faridkot,2025-08-20,0.001048245,0.0
Faridkot,2025-08-21,0.00085450883,0.0
Faridkot,2025-08-22,0.00039477955,0.0
Faridkot,2025-08-23,0.0003676181,0.0
Faridkot,2025-08-24,0.00036648594,0.0
Faridkot,2025-08-25,0.00036337244,0.0
Faridkot,2025-08-26,0.00074521505,0.0
Faridkot,2025-08-27,0.00073246285,0.0
Faridkot,2025-08-28,0.00058714946,0.0
Faridkot,2025-08-29,0.0005769284,0.0
Faridkot,2025-08-30,0.00037465006,0.0
Faridkot,2025-08-31,0.0007972935,0.0
Faridkot,2025-09-01,0.0008548374,0.0
Faridkot,2025-09-02,0.0006601964,0.0
Faridkot,2025-09-03,0.0003774263,0.0
Faridkot,2025-09-04,0.00053549104,0.0
Faridkot,2025-09-05,0.00060509454,0.0
Faridkot,2025-09-06,0.0006343449,0.0
Faridkot,2025-09-07,0.00063569,0.0
Faridkot,2025-09-08,0.0007056937,0.0
Faridkot,2025-09-09,0.0006343449,0.0
Faridkot,2025-09-10,0.00060509454,0.0
Faridkot,2025-09-11,0.0005143047,0.0
Faridkot,2025-09-12,0.0008035705,0.0
Faridkot,2025-09-13,0.0008839112,0.0
Faridkot,2025-09-14,0.0007216917,0.0
Faridkot,2025-09-15,0.00028703682,0.0
Faridkot,2025-09-16,0.0002582577,0.0
Faridkot,2025-09-17,0.00031228608,0.0
Faridkot,2025-09-18,0.00036707302,0.0
Faridkot,2025-09-19,0.00080711936,0.0
Faridkot,2025-09-20,0.0003996068,0.0
Faridkot,2025-09-21,0.00032168577,0.0
Faridkot,2025-09-22,0.00031228608,0.0
Faridkot,2025-09-23,0.00048638126,0.0
Faridkot,2025-09-24,0.0009380964,0.0
Faridkot,2025-09-25,0.00074830814,0.0
Faridkot,2025-09-26,0.00060797855,0.0
Fatehgarh Sahib,2025-07-25,0.016219122,0.0
Fatehgarh Sahib,2025-07-26,0.016483722,0.0
Fatehgarh Sahib,2025-07-27,0.0030475133,0.0
Fatehgarh Sahib,2025-07-28,0.011406578,0.0
Fatehgarh Sahib,2025-07-29,0.0013758654,0.0
Fatehgarh Sahib,2025-07-30,0.0021757095,0.0
Fatehgarh Sahib,2025-07-31,0.002138831,0.0
Fatehgarh Sahib,2025-08-01,0.0019752814,0.0
Fatehgarh Sahib,2025-08-02,0.005550098,0.0
Fatehgarh Sahib,2025-08-03,0.00018225239,0.0
Fatehgarh Sahib,2025-08-04,0.00018946288,0.0
Fatehgarh Sahib,2025-08-05,0.00019845102,0.0
Fatehgarh Sahib,2025-08-06,0.00019340431,0.0
Fatehgarh Sahib,2025-08-07,0.00020215122,0.0
Fatehgarh Sahib,2025-08-08,0.00020215122,0.0
Fatehgarh Sahib,2025-08-09,0.00041311482,0.0
Fatehgarh Sahib,2025-08-10,0.0021644372,0.0
Fatehgarh Sahib,2025-08-11,0.002093179,0.0
Fatehgarh Sahib,2025-08-12,0.0022391204,0.0
Fatehgarh Sahib,2025-08-13,0.01801521,0.0
Fatehgarh Sahib,2025-08-14,0.019614007,0.0
Fatehgarh Sahib,2025-08-15,0.013455895,0.0
Fatehgarh Sahib,2025-08-16,0.015216727,0.0
Fatehgarh Sahib,2025-08-17,0.009550785,0.0
Fatehgarh Sahib,2025-08-18,0.0028247838,0.0
Fatehgarh Sahib,2025-08-19,0.0057156654,0.0
Fatehgarh Sahib,2025-08-20,0.005969845,0.0
Fatehgarh Sahib,2025-08-21,0.020201698,0.0
Fatehgarh Sahib,2025-08-22,0.005087975,0.0
Fatehgarh Sahib,2025-08-23,0.0028535665,0.0
Fatehgarh Sahib,2025-08-24,0.00026665654,0.0
Fatehgarh Sahib,2025-08-25,0.00028386037,0.0
Fatehgarh Sahib,2025-08-26,0.00031767227,0.0
Fatehgarh Sahib,2025-08-27,0.00024993427,0.0
Fatehgarh Sahib,2025-08-28,0.0004927034,0.0
Fatehgarh Sahib,2025-08-29,0.0005780923,0.0
Fatehgarh Sahib,2025-08-30,0.0003757381,0.0
Fatehgarh Sahib,2025-08-31,0.0003623076,0.0
Fatehgarh Sahib,2025-09-01,0.0002991836,0.0
Fatehgarh Sahib,2025-09-02,0.00064041617,0.0
Fatehgarh Sahib,2025-09-03,0.00030559095,0.0
Fatehgarh Sahib,2025-09-04,0.00035232943,0.0
Fatehgarh Sahib,2025-09-05,0.0003110992,0.0
Fatehgarh Sahib,2025-09-06,0.00037097037,0.0
Fatehgarh Sahib,2025-09-07,0.0007805694,0.0
Fatehgarh Sahib,2025-09-08,0.00046377472,0.0
Fatehgarh Sahib,2025-09-09,0.00045309545,0.0
Fatehgarh Sahib,2025-09-10,0.00032562268,0.0
Fatehgarh Sahib,2025-09-11,0.00021247569,0.0
Fatehgarh Sahib,2025-09-12,0.00020255969,0.0
Fatehgarh Sahib,2025-09-13,0.00020255969,0.0
Fatehgarh Sahib,2025-09-14,0.0004950846,0.0
Fatehgarh Sahib,2025-09-15,0.00016376315,0.0
Fatehgarh Sahib,2025-09-16,0.00014448412,0.0
Fatehgarh Sahib,2025-09-17,0.00014328501,0.0
Fatehgarh Sahib,2025-09-18,0.00019990995,0.0
Fatehgarh Sahib,2025-09-19,0.0003102953,0.0
Fatehgarh Sahib,2025-09-20,0.00019990995,0.0
Fatehgarh Sahib,2025-09-21,0.00019990995,0.0
Fatehgarh Sahib,2025-09-22,0.00019990995,0.0
Fatehgarh Sahib,2025-09-23,0.00014601593,0.0
Fatehgarh Sahib,2025-09-24,0.00015635641,0.0
Fatehgarh Sahib,2025-09-25,0.00015635641,0.0
Fatehgarh Sahib,2025-09-26,0.00038344125,0.0
Firozpur,2025-07-25,0.023208939,0.0
Firozpur,2025-07-26,0.04946526,0.0
Firozpur,2025-07-27,0.012575852,0.0
Firozpur,2025-07-28,0.04152363,0.0
Firozpur,2025-07-29,0.012854645,0.0
Firozpur,2025-07-30,0.029766733,0.0
Firozpur,2025-07-31,0.026626417,1.0
Firozpur,2025-08-01,0.015241584,1.0
Firozpur,2025-08-02,0.020363107,1.0
Firozpur,2025-08-05,0.11232863,0.0
Firozpur,2025-08-06,0.116478965,0.0
Firozpur,2025-08-07,0.23322661,0.0
Firozpur,2025-08-08,0.11855636,0.0
Firozpur,2025-08-09,0.28908974,0.0
Firozpur,2025-08-10,0.3291956,0.0
Firozpur,2025-08-11,0.59207153,0.0
Firozpur,2025-08-12,0.5876414,1.0
Firozpur,2025-08-13,0.18265964,1.0
Firozpur,2025-08-14,0.106662944,1.0
Firozpur,2025-08-16,0.30248547,0.0
Firozpur,2025-08-17,0.26810387,0.0
Firozpur,2025-08-18,0.28762472,0.0
Firozpur,2025-08-19,0.36084473,0.0
Firozpur,2025-08-20,0.42196277,1.0
Firozpur,2025-08-21,0.5673394,1.0
Firozpur,2025-08-22,0.12965745,1.0
Firozpur,2025-08-24,0.094042756,1.0
Firozpur,2025-08-25,0.08455107,1.0
Firozpur,2025-08-26,0.33257395,1.0
Firozpur,2025-08-29,0.2519853,0.0
Firozpur,2025-08-30,0.057789315,0.0
Firozpur,2025-08-31,0.53058404,0.0
Firozpur,2025-09-01,0.52317375,1.0
Firozpur,2025-09-02,0.7685261,1.0
Firozpur,2025-09-03,0.90888906,1.0
Firozpur,2025-09-05,0.6393945,1.0
Firozpur,2025-09-06,0.6393945,1.0
Firozpur,2025-09-07,0.009902023,1.0
Firozpur,2025-09-10,0.009044676,0.0
Firozpur,2025-09-11,0.0034703456,0.0
Firozpur,2025-09-12,0.0046896017,0.0
Firozpur,2025-09-13,0.0038208992,1.0
Firozpur,2025-09-14,0.011250521,1.0
Firozpur,2025-09-15,0.0118205715,1.0
Firozpur,2025-09-17,0.0034619507,1.0
Firozpur,2025-09-18,0.0034028953,1.0
Firozpur,2025-09-19,0.010089948,1.0
Firozpur,2025-09-21,0.0032633303,0.0
Firozpur,2025-09-22,0.0032793402,0.0
Firozpur,2025-09-23,0.00283523,0.0
Firozpur,2025-09-24,0.005717451,0.0
Firozpur,2025-09-25,0.008934656,0.0
Firozpur,2025-09-26,0.016284907,0.0
Gurdaspur,2025-07-25,0.0012112436,0.0
Gurdaspur,2025-07-26,0.00076484215,0.0
Gurdaspur,2025-07-27,0.00064443756,0.0
Gurdaspur,2025-07-28,0.0006600696,0.0
Gurdaspur,2025-07-29,0.00019858654,0.0
Gurdaspur,2025-07-30,0.00025452086,0.0
Gurdaspur,2025-07-31,0.00023940935,0.0
Gurdaspur,2025-08-01,0.0001916892,0.0
Gurdaspur,2025-08-02,0.00031520813,0.0
Gurdaspur,2025-08-03,0.00020125942,0.0
Gurdaspur,2025-08-04,0.00038376657,0.0
Gurdaspur,2025-08-05,0.0004012842,0.0
Gurdaspur,2025-08-06,0.0008581754,0.0
Gurdaspur,2025-08-07,0.00081374496,0.0
Gurdaspur,2025-08-08,0.00081290444,0.0
Gurdaspur,2025-08-09,0.00057252066,0.0
Gurdaspur,2025-08-10,0.00028942784,0.0
Gurdaspur,2025-08-11,0.00032753934,0.0
Gurdaspur,2025-08-12,0.0003668264,0.0
Gurdaspur,2025-08-13,0.0012294733,0.0
Gurdaspur,2025-08-14,0.00082838495,0.0
Gurdaspur,2025-08-15,0.0004835639,0.0
Gurdaspur,2025-08-16,0.0006231142,0.0
Gurdaspur,2025-08-17,0.00073664327,0.0
Gurdaspur,2025-08-18,0.00089056394,0.0
Gurdaspur,2025-08-19,0.00080261193,0.0
Gurdaspur,2025-08-20,0.00064191147,0.0
Gurdaspur,2025-08-21,0.0007770416,0.0
Gurdaspur,2025-08-22,0.00036694968,0.0
Gurdaspur,2025-08-23,0.00030533233,0.0
Gurdaspur,2025-08-24,0.00035841306,1.0
Gurdaspur,2025-08-25,0.00037898548,1.0
Gurdaspur,2025-08-26,0.0007341061,1.0
Gurdaspur,2025-08-28,0.0073560667,0.0
Gurdaspur,2025-08-29,0.006800475,0.0
Gurdaspur,2025-08-30,0.0031882825,0.0
Gurdaspur,2025-08-31,0.010462099,1.0
Gurdaspur,2025-09-01,0.011703402,1.0
Gurdaspur,2025-09-02,0.026172793,1.0
Gurdaspur,2025-09-05,0.0077838534,0.0
Gurdaspur,2025-09-06,0.008150067,0.0
Gurdaspur,2025-09-07,0.007671078,0.0
Gurdaspur,2025-09-08,0.008514664,0.0
Gurdaspur,2025-09-09,0.009711989,0.0
Gurdaspur,2025-09-10,0.017578613,0.0
Gurdaspur,2025-09-11,0.012896541,0.0
Gurdaspur,2025-09-12,0.014638851,0.0
Gurdaspur,2025-09-13,0.0023357149,0.0
Gurdaspur,2025-09-14,0.0022586046,0.0
Gurdaspur,2025-09-15,0.00083870674,0.0
Gurdaspur,2025-09-16,0.0007164153,0.0
Gurdaspur,2025-09-17,0.00074374786,0.0
Gurdaspur,2025-09-18,0.00086173,0.0
Gurdaspur,2025-09-19,0.0019597823,0.0
Gurdaspur,2025-09-20,0.000863368,0.0
Gurdaspur,2025-09-21,0.0004789264,0.0
Gurdaspur,2025-09-22,0.00046493378,0.0
Gurdaspur,2025-09-23,0.0010749814,0.0
Gurdaspur,2025-09-24,0.0011552579,0.0
Gurdaspur,2025-09-25,0.00096193113,0.0
Gurdaspur,2025-09-26,0.00078157237,0.0
Hoshiarpur,2025-07-25,0.0003507215,0.0
Hoshiarpur,2025-07-26,0.00039535447,0.0
Hoshiarpur,2025-07-27,0.0003853753,0.0
Hoshiarpur,2025-07-28,0.0006120507,0.0
Hoshiarpur,2025-07-29,0.0002673115,0.0
Hoshiarpur,2025-07-30,0.0002355579,0.0
Hoshiarpur,2025-07-31,0.00016655096,0.0
Hoshiarpur,2025-08-01,0.00016022527,0.0
Hoshiarpur,2025-08-02,0.00034860492,0.0
Hoshiarpur,2025-08-03,0.00014926656,0.0
Hoshiarpur,2025-08-04,0.00028817725,0.0
Hoshiarpur,2025-08-05,0.00030133256,0.0
Hoshiarpur,2025-08-06,0.00038517214,0.0
Hoshiarpur,2025-08-07,0.00037630484,0.0
Hoshiarpur,2025-08-08,0.00036539734,0.0
Hoshiarpur,2025-08-09,0.0005192717,0.0
Hoshiarpur,2025-08-10,0.00025626872,0.0
Hoshiarpur,2025-08-11,0.0002900151,0.0
Hoshiarpur,2025-08-12,0.00031015716,0.0
Hoshiarpur,2025-08-13,0.0010649449,0.0
Hoshiarpur,2025-08-14,0.0008619632,0.0
Hoshiarpur,2025-08-15,0.000503172,0.0
Hoshiarpur,2025-08-16,0.00064837723,0.0
Hoshiarpur,2025-08-17,0.0007665057,0.0
Hoshiarpur,2025-08-18,0.00042283002,0.0
Hoshiarpur,2025-08-19,0.0003983101,0.0
Hoshiarpur,2025-08-20,0.0003197174,0.0
Hoshiarpur,2025-08-21,0.0008085404,0.0
Hoshiarpur,2025-08-22,0.000381831,0.0
Hoshiarpur,2025-08-23,0.0003177159,0.0
Hoshiarpur,2025-08-24,0.00037294827,1.0
Hoshiarpur,2025-08-25,0.00039435472,1.0
Hoshiarpur,2025-08-26,0.0007638657,1.0
Hoshiarpur,2025-08-28,0.0059961993,0.0
Hoshiarpur,2025-08-29,0.0060831737,0.0
Hoshiarpur,2025-08-30,0.0018931662,0.0
Hoshiarpur,2025-08-31,0.0059912815,0.0
Hoshiarpur,2025-09-01,0.0062058815,0.0
Hoshiarpur,2025-09-02,0.022330621,0.0
Hoshiarpur,2025-09-03,0.0029367218,0.0
Hoshiarpur,2025-09-04,0.0032239535,0.0
Hoshiarpur,2025-09-05,0.001605245,0.0
Hoshiarpur,2025-09-06,0.001605245,0.0
Hoshiarpur,2025-09-07,0.001478204,0.0
Hoshiarpur,2025-09-08,0.0014306859,0.0
Hoshiarpur,2025-09-09,0.0013659839,0.0
Hoshiarpur,2025-09-10,0.0014997856,0.0
Hoshiarpur,2025-09-11,0.0004467891,0.0
Hoshiarpur,2025-09-12,0.0003214589,0.0
Hoshiarpur,2025-09-13,0.00038166525,0.0
Hoshiarpur,2025-09-14,0.0011286739,0.0
Hoshiarpur,2025-09-15,0.0005849481,0.0
Hoshiarpur,2025-09-16,0.00045048905,0.0
Hoshiarpur,2025-09-17,0.0004421822,0.0
Hoshiarpur,2025-09-18,0.0005045862,0.0
Hoshiarpur,2025-09-19,0.0010749814,0.0
Hoshiarpur,2025-09-20,0.0005880483,0.0
Hoshiarpur,2025-09-21,0.0004594397,0.0
Hoshiarpur,2025-09-22,0.00044601614,0.0
Hoshiarpur,2025-09-23,0.00046884065,0.0
Hoshiarpur,2025-09-24,0.00049767696,0.0
Hoshiarpur,2025-09-25,0.00039565493,0.0
Hoshiarpur,2025-09-26,0.00067374087,0.0
Jalandhar,2025-07-25,0.109687895,0.0
Jalandhar,2025-07-26,0.25047454,0.0
Jalandhar,2025-07-27,0.21121365,0.0
Jalandhar,2025-07-28,0.38280758,0.0
Jalandhar,2025-07-29,0.020650791,0.0
Jalandhar,2025-07-30,0.09339299,0.0
Jalandhar,2025-07-31,0.052252967,0.0
Jalandhar,2025-08-01,0.027792148,0.0
Jalandhar,2025-08-02,0.027179863,0.0
Jalandhar,2025-08-03,0.0063249436,0.0
Jalandhar,2025-08-04,0.036271118,0.0
Jalandhar,2025-08-05,0.036055867,0.0
Jalandhar,2025-08-06,0.035441175,0.0
Jalandhar,2025-08-07,0.014216283,0.0
Jalandhar,2025-08-08,0.013905327,0.0
Jalandhar,2025-08-09,0.029254982,0.0
Jalandhar,2025-08-10,0.031777147,0.0
Jalandhar,2025-08-11,0.028699229,0.0
Jalandhar,2025-08-12,0.018326437,0.0
Jalandhar,2025-08-13,0.0548106,0.0
Jalandhar,2025-08-14,0.04400584,0.0
Jalandhar,2025-08-15,0.026689332,0.0
Jalandhar,2025-08-16,0.05388695,0.0
Jalandhar,2025-08-17,0.12599948,0.0
Jalandhar,2025-08-18,0.078681625,0.0
Jalandhar,2025-08-19,0.046811417,0.0
Jalandhar,2025-08-20,0.05873991,0.0
Jalandhar,2025-08-21,0.2285537,0.0
Jalandhar,2025-08-22,0.11895944,0.0
Jalandhar,2025-08-23,0.11302566,0.0
Jalandhar,2025-08-24,0.016216757,0.0
Jalandhar,2025-08-25,0.016487734,0.0
Jalandhar,2025-08-26,0.04035289,0.0
Jalandhar,2025-08-27,0.032765735,0.0
Jalandhar,2025-08-28,0.027372457,0.0
Jalandhar,2025-08-29,0.027372457,0.0
Jalandhar,2025-08-30,0.0068833763,0.0
Jalandhar,2025-08-31,0.00025226295,1.0
Jalandhar,2025-09-01,0.0002742606,1.0
Jalandhar,2025-09-02,0.00068512955,1.0
Jalandhar,2025-09-05,0.008437245,0.0
Jalandhar,2025-09-06,0.008437245,0.0
Jalandhar,2025-09-07,0.0073578497,0.0
Jalandhar,2025-09-08,0.012466155,0.0
Jalandhar,2025-09-09,0.009930163,0.0
Jalandhar,2025-09-10,0.016795913,0.0
Jalandhar,2025-09-11,0.009369171,0.0
Jalandhar,2025-09-12,0.007162175,0.0
Jalandhar,2025-09-13,0.0011577769,0.0
Jalandhar,2025-09-14,0.0020352043,0.0
Jalandhar,2025-09-15,0.00077480637,0.0
Jalandhar,2025-09-16,0.00077502243,0.0
Jalandhar,2025-09-17,0.0008749435,0.0
Jalandhar,2025-09-18,0.00096231984,0.0
Jalandhar,2025-09-19,0.0018893246,0.0
Jalandhar,2025-09-20,0.0006806766,0.0
Jalandhar,2025-09-21,0.0005027324,0.0
Jalandhar,2025-09-22,0.0005524647,0.0
Jalandhar,2025-09-23,0.00042841033,0.0
Jalandhar,2025-09-24,0.00031044916,0.0
Jalandhar,2025-09-25,0.00030356526,0.0
Jalandhar,2025-09-26,0.0008884438,0.0
Kapurthala,2025-07-25,0.14999264,0.0
Kapurthala,2025-07-26,0.2323652,0.0
Kapurthala,2025-07-27,0.26954406,0.0
Kapurthala,2025-07-28,0.33843794,0.0
Kapurthala,2025-07-29,0.36462557,0.0
Kapurthala,2025-07-30,0.047923107,0.0
Kapurthala,2025-07-31,0.041452873,1.0
Kapurthala,2025-08-01,0.026734788,1.0
Kapurthala,2025-08-02,0.032770403,1.0
Kapurthala,2025-08-04,0.6048695,0.0
Kapurthala,2025-08-05,0.44584304,0.0
Kapurthala,2025-08-06,0.60282725,0.0
Kapurthala,2025-08-07,0.47431237,1.0
Kapurthala,2025-08-08,0.49711695,1.0
Kapurthala,2025-08-09,0.4747069,1.0
Kapurthala,2025-08-11,0.40857092,0.0
Kapurthala,2025-08-12,0.3886472,1.0
Kapurthala,2025-08-13,0.34916738,1.0
Kapurthala,2025-08-14,0.320869,1.0
Kapurthala,2025-08-16,0.4145354,0.0
Kapurthala,2025-08-17,0.42708573,0.0
Kapurthala,2025-08-18,0.57736963,0.0
Kapurthala,2025-08-19,0.44262668,1.0
Kapurthala,2025-08-20,0.47781876,1.0
Kapurthala,2025-08-21,0.63520455,1.0
Kapurthala,2025-08-24,0.09444295,1.0
Kapurthala,2025-08-25,0.09304733,1.0
Kapurthala,2025-08-26,0.21615066,1.0
Kapurthala,2025-08-28,0.32518315,0.0
Kapurthala,2025-08-29,0.32518315,0.0
Kapurthala,2025-08-30,0.066159695,0.0
Kapurthala,2025-08-31,0.43678,1.0
Kapurthala,2025-09-01,0.4505303,1.0
Kapurthala,2025-09-02,0.71975166,1.0
Kapurthala,2025-09-05,0.9173851,1.0
Kapurthala,2025-09-06,0.920167,1.0
Kapurthala,2025-09-07,0.34075332,1.0
Kapurthala,2025-09-09,0.35223827,0.0
Kapurthala,2025-09-10,0.35223827,0.0
Kapurthala,2025-09-11,0.16228671,0.0
Kapurthala,2025-09-12,0.20457876,0.0
Kapurthala,2025-09-13,0.20008096,1.0
Kapurthala,2025-09-14,0.85025215,1.0
Kapurthala,2025-09-15,0.7994861,1.0
Kapurthala,2025-09-17,0.63024634,1.0
Kapurthala,2025-09-18,0.6329416,1.0
Kapurthala,2025-09-19,0.797387,1.0
Kapurthala,2025-09-21,0.37968174,0.0
Kapurthala,2025-09-22,0.38878036,0.0
Kapurthala,2025-09-23,0.47552606,0.0
Kapurthala,2025-09-24,0.5475482,0.0
Kapurthala,2025-09-25,0.697775,1.0
Kapurthala,2025-09-26,0.79979277,1.0
Kapurthala,2025-09-27,0.60499465,1.0
Ludhiana,2025-07-25,0.0021116443,0.0
Ludhiana,2025-07-26,0.0031468915,0.0
Ludhiana,2025-07-27,0.003705691,0.0
Ludhiana,2025-07-28,0.011466414,0.0
Ludhiana,2025-07-29,0.0005452938,0.0
Ludhiana,2025-07-30,0.00076533284,0.0
Ludhiana,2025-07-31,0.00039703044,0.0
Ludhiana,2025-08-01,0.0004035991,0.0
Ludhiana,2025-08-02,0.0008779864,0.0
Ludhiana,2025-08-03,0.00025494274,0.0
Ludhiana,2025-08-04,0.00027299792,0.0
Ludhiana,2025-08-05,0.00028060048,0.0
Ludhiana,2025-08-06,0.00038060462,0.0
Ludhiana,2025-08-07,0.0002809994,0.0
Ludhiana,2025-08-08,0.0003062419,0.0
Ludhiana,2025-08-09,0.0007174015,0.0
Ludhiana,2025-08-10,0.0037189284,0.0
Ludhiana,2025-08-11,0.004404803,0.0
Ludhiana,2025-08-12,0.005002522,0.0
Ludhiana,2025-08-13,0.031581726,0.0
Ludhiana,2025-08-14,0.037414704,0.0
Ludhiana,2025-08-15,0.008206091,0.0
Ludhiana,2025-08-16,0.009545901,0.0
Ludhiana,2025-08-17,0.006397556,0.0
Ludhiana,2025-08-18,0.00441777,0.0
Ludhiana,2025-08-19,0.005025008,0.0
Ludhiana,2025-08-20,0.0042247334,0.0
Ludhiana,2025-08-21,0.03824613,0.0
Ludhiana,2025-08-22,0.008317254,0.0
Ludhiana,2025-08-23,0.00853603,0.0
Ludhiana,2025-08-24,0.000643271,0.0
Ludhiana,2025-08-25,0.00060788385,0.0
Ludhiana,2025-08-26,0.0012952756,0.0
Ludhiana,2025-08-27,0.0005050082,0.0
Ludhiana,2025-08-28,0.00038637896,0.0
Ludhiana,2025-08-29,0.00035544726,0.0
Ludhiana,2025-08-30,0.0002647528,0.0
Ludhiana,2025-08-31,0.00026220884,0.0
Ludhiana,2025-09-01,0.00029887116,0.0
Ludhiana,2025-09-02,0.000775087,0.0
Ludhiana,2025-09-03,0.00046091797,0.0
Ludhiana,2025-09-04,0.00033711796,0.0
Ludhiana,2025-09-05,0.0003089183,0.0
Ludhiana,2025-09-06,0.00032032334,0.0
Ludhiana,2025-09-07,0.00065481826,0.0
Ludhiana,2025-09-08,0.00035671072,0.0
Ludhiana,2025-09-09,0.00031800923,0.0
Ludhiana,2025-09-10,0.00031800923,0.0
Ludhiana,2025-09-11,0.00023928547,0.0
Ludhiana,2025-09-12,0.00023668083,0.0
Ludhiana,2025-09-13,0.000218444,0.0
Ludhiana,2025-09-14,0.0006398634,0.0
Ludhiana,2025-09-15,0.00024411688,0.0
Ludhiana,2025-09-16,0.0002255705,0.0
Ludhiana,2025-09-17,0.00024130617,0.0
Ludhiana,2025-09-18,0.0002748776,0.0
Ludhiana,2025-09-19,0.0005842614,0.0
Ludhiana,2025-09-20,0.00029860315,0.0
Ludhiana,2025-09-21,0.00024130617,0.0
Ludhiana,2025-09-22,0.00024130617,0.0
Ludhiana,2025-09-23,0.0002464212,0.0
Ludhiana,2025-09-24,0.00025032394,0.0
Ludhiana,2025-09-25,0.00020464502,0.0
Ludhiana,2025-09-26,0.0005416377,0.0
Mansa,2025-07-25,0.004891323,0.0
Mansa,2025-07-26,0.0044725523,0.0
Mansa,2025-07-27,0.0030529744,0.0
Mansa,2025-07-28,0.020318149,0.0
Mansa,2025-07-29,0.0029072836,0.0
Mansa,2025-07-30,0.007975513,0.0
Mansa,2025-07-31,0.007846506,0.0
Mansa,2025-08-01,0.008296336,0.0
Mansa,2025-08-02,0.020372003,0.0
Mansa,2025-08-03,0.00033414605,0.0
Mansa,2025-08-04,0.000330698,0.0
Mansa,2025-08-05,0.0002947067,0.0
Mansa,2025-08-06,0.00019589759,0.0
Mansa,2025-08-07,0.00020865934,0.0
Mansa,2025-08-08,0.00021783978,0.0
Mansa,2025-08-09,0.00068793114,0.0
Mansa,2025-08-10,0.00028565625,0.0
Mansa,2025-08-11,0.00028565625,0.0
Mansa,2025-08-12,0.00030028436,0.0
Mansa,2025-08-13,0.0012729008,0.0
Mansa,2025-08-14,0.0012508729,0.0
Mansa,2025-08-15,0.00046483605,0.0
Mansa,2025-08-16,0.0004742443,0.0
Mansa,2025-08-17,0.0004742443,0.0
Mansa,2025-08-18,0.00031460737,0.0
Mansa,2025-08-19,0.00032015206,0.0
Mansa,2025-08-20,0.00033451355,0.0
Mansa,2025-08-21,0.00070032023,0.0
Mansa,2025-08-22,0.00048542206,0.0
Mansa,2025-08-23,0.0002070497,0.0
Mansa,2025-08-24,0.00019830538,1.0
Mansa,2025-08-25,0.00019306144,1.0
Mansa,2025-08-26,0.0003340502,1.0
Mansa,2025-08-28,0.0024592716,0.0
Mansa,2025-08-29,0.0021481253,0.0
Mansa,2025-08-30,0.0028877517,0.0
Mansa,2025-08-31,0.0053886375,0.0
Mansa,2025-09-01,0.0053886375,0.0
Mansa,2025-09-02,0.0077291685,0.0
Mansa,2025-09-03,0.00061155594,0.0
Mansa,2025-09-04,0.0014631595,0.0
Mansa,2025-09-05,0.00075589493,0.0
Mansa,2025-09-06,0.00075589493,0.0
Mansa,2025-09-07,0.002014628,0.0
Mansa,2025-09-08,0.00075025676,0.0
Mansa,2025-09-09,0.0006704269,0.0
Mansa,2025-09-10,0.0006704269,0.0
Mansa,2025-09-11,0.0005412001,0.0
Mansa,2025-09-12,0.00034289242,0.0
Mansa,2025-09-13,0.00032310147,0.0
Mansa,2025-09-14,0.00087719655,0.0
Mansa,2025-09-15,0.00027184474,0.0
Mansa,2025-09-16,0.00026958887,0.0
Mansa,2025-09-17,0.00027603444,0.0
Mansa,2025-09-18,0.00027603444,0.0
Mansa,2025-09-19,0.00054731756,0.0
Mansa,2025-09-20,0.00027603444,0.0
Mansa,2025-09-21,0.00027603444,0.0
Mansa,2025-09-22,0.00028918814,0.0
Mansa,2025-09-23,0.00044957382,0.0
Mansa,2025-09-24,0.00046129533,0.0
Mansa,2025-09-25,0.00046129533,0.0
Mansa,2025-09-26,0.0005050318,0.0
Moga,2025-07-25,0.0025236283,0.0
Moga,2025-07-26,0.0043233987,0.0
Moga,2025-07-27,0.006390252,0.0
Moga,2025-07-28,0.0052448437,0.0
Moga,2025-07-29,0.002804552,0.0
Moga,2025-07-30,0.0008161807,0.0
Moga,2025-07-31,0.0004349376,0.0
Moga,2025-08-01,0.00038672643,0.0
Moga,2025-08-02,0.0009416936,0.0
Moga,2025-08-03,0.00037789362,0.0
Moga,2025-08-04,0.00060439564,0.0
Moga,2025-08-05,0.00074376527,0.0
Moga,2025-08-06,0.0011793077,0.0
Moga,2025-08-07,0.0006214444,0.0
Moga,2025-08-08,0.0005043446,0.0
Moga,2025-08-09,0.00039089442,0.0
Moga,2025-08-10,0.00024330383,0.0
Moga,2025-08-11,0.00027343608,0.0
Moga,2025-08-12,0.00027960198,0.0
Moga,2025-08-13,0.0010212205,0.0
Moga,2025-08-14,0.0009436907,0.0
Moga,2025-08-15,0.0005708296,0.0
Moga,2025-08-16,0.000703953,0.0
Moga,2025-08-17,0.0008273977,0.0
Moga,2025-08-18,0.0008984422,0.0
Moga,2025-08-19,0.00064907037,0.0
Moga,2025-08-20,0.0004882402,0.0
Moga,2025-08-21,0.0008212207,0.0
Moga,2025-08-22,0.00028028552,0.0
Moga,2025-08-23,0.00037506045,0.0
Moga,2025-08-24,0.0003615742,0.0
Moga,2025-08-25,0.00035850244,0.0
Moga,2025-08-26,0.00071618153,0.0
Moga,2025-08-27,0.00069052534,0.0
Moga,2025-08-28,0.00058589526,0.0
Moga,2025-08-29,0.00057569606,0.0
Moga,2025-08-30,0.0003600485,0.0
Moga,2025-08-31,0.00035876004,0.0
Moga,2025-09-01,0.0003638862,1.0
Moga,2025-09-02,0.00077710307,1.0
Moga,2025-09-03,0.00032020058,1.0
Moga,2025-09-05,0.007597319,0.0
Moga,2025-09-06,0.007577341,0.0
Moga,2025-09-07,0.011739687,0.0
Moga,2025-09-08,0.020409446,0.0
Moga,2025-09-09,0.018413253,0.0
Moga,2025-09-10,0.017578613,0.0
Moga,2025-09-11,0.002267813,0.0
Moga,2025-09-12,0.0017945092,0.0
Moga,2025-09-13,0.0009631807,0.0
Moga,2025-09-14,0.0019936697,0.0
Moga,2025-09-15,0.00066319597,0.0
Moga,2025-09-16,0.0007532154,0.0
Moga,2025-09-17,0.0007134937,0.0
Moga,2025-09-18,0.00082668045,0.0
Moga,2025-09-19,0.001637521,0.0
Moga,2025-09-20,0.0005829942,0.0
Moga,2025-09-21,0.00045549043,0.0
Moga,2025-09-22,0.0004421822,0.0
Moga,2025-09-23,0.0006083623,0.0
Moga,2025-09-24,0.0005670746,0.0
Moga,2025-09-25,0.00045899954,0.0
Moga,2025-09-26,0.00078157237,0.0
Muktsar,2025-07-25,0.0022390469,0.0
Muktsar,2025-07-26,0.0070843534,0.0
Muktsar,2025-07-27,0.005272358,0.0
Muktsar,2025-07-28,0.004965349,0.0
Muktsar,2025-07-29,0.0037889243,0.0
Muktsar,2025-07-30,0.00067414297,0.0
Muktsar,2025-07-31,0.0003876254,0.0
Muktsar,2025-08-01,0.00039703044,0.0
Muktsar,2025-08-02,0.0009680945,0.0
Muktsar,2025-08-03,0.018758653,0.0
Muktsar,2025-08-04,0.040187065,0.0
Muktsar,2025-08-05,0.060106058,0.0
Muktsar,2025-08-06,0.111112125,0.0
Muktsar,2025-08-07,0.11858208,0.0
Muktsar,2025-08-08,0.043737616,0.0
Muktsar,2025-08-09,0.034240603,0.0
Muktsar,2025-08-10,0.00034901776,0.0
Muktsar,2025-08-11,0.00077111984,0.0
Muktsar,2025-08-12,0.0008220443,0.0
Muktsar,2025-08-13,0.0010212205,0.0
Muktsar,2025-08-14,0.0009436907,0.0
Muktsar,2025-08-15,0.0005708296,0.0
Muktsar,2025-08-16,0.000703953,0.0
Muktsar,2025-08-17,0.0008273977,0.0
Muktsar,2025-08-18,0.0008984422,0.0
Muktsar,2025-08-19,0.001368609,0.0
Muktsar,2025-08-20,0.0010074174,0.0
Muktsar,2025-08-21,0.0008212207,0.0
Muktsar,2025-08-22,0.00078291824,0.0
Muktsar,2025-08-23,0.00035329055,0.0
Muktsar,2025-08-24,0.00035220248,0.0
Muktsar,2025-08-25,0.00034921028,0.0
Muktsar,2025-08-26,0.00071618153,0.0
Muktsar,2025-08-27,0.0007039258,0.0
Muktsar,2025-08-28,0.0005642707,0.0
Muktsar,2025-08-29,0.0005544477,0.0
Muktsar,2025-08-30,0.0003600485,0.0
Muktsar,2025-08-31,0.00076623255,0.0
Muktsar,2025-09-01,0.0008215365,0.0
Muktsar,2025-09-02,0.00063447305,0.0
Muktsar,2025-09-03,0.00057278865,0.0
Muktsar,2025-09-04,0.0005146242,0.0
Muktsar,2025-09-05,0.00059181923,0.0
Muktsar,2025-09-06,0.00059181923,0.0
Muktsar,2025-09-07,0.0006136195,0.0
Muktsar,2025-09-08,0.00057819317,0.0
Muktsar,2025-09-09,0.0006096282,0.0
Muktsar,2025-09-10,0.0005815169,0.0
Muktsar,2025-09-11,0.00049426296,0.0
Muktsar,2025-09-12,0.00079229526,0.0
Muktsar,2025-09-13,0.00084947876,0.0
Muktsar,2025-09-14,0.000656057,0.0
Muktsar,2025-09-15,0.0005922754,0.0
Muktsar,2025-09-16,0.0002481913,0.0
Muktsar,2025-09-17,0.00030011436,0.0
Muktsar,2025-09-18,0.00035276668,0.0
Muktsar,2025-09-19,0.0007756759,0.0
Muktsar,2025-09-20,0.00038403302,0.0
Muktsar,2025-09-21,0.00030914813,0.0
Muktsar,2025-09-22,0.00030011436,0.0
Muktsar,2025-09-23,0.0004674272,0.0
Muktsar,2025-09-24,0.000901555,0.0
Muktsar,2025-09-25,0.0007191542,0.0
Muktsar,2025-09-26,0.0005842887,0.0
Nawanshahr,2025-07-25,0.0003330717,0.0
Nawanshahr,2025-07-26,0.0003330717,0.0
Nawanshahr,2025-07-27,0.00034492766,0.0
Nawanshahr,2025-07-28,0.00047714243,0.0
Nawanshahr,2025-07-29,0.00034492766,0.0
Nawanshahr,2025-07-30,0.00034492766,0.0
Nawanshahr,2025-07-31,0.00034492766,0.0
Nawanshahr,2025-08-01,0.00034492766,0.0
Nawanshahr,2025-08-02,0.0004568436,0.0
Nawanshahr,2025-08-03,0.0004568436,0.0
Nawanshahr,2025-08-04,0.00046990125,0.0
Nawanshahr,2025-08-05,0.00046990125,0.0
Nawanshahr,2025-08-06,0.00041982013,0.0
Nawanshahr,2025-08-07,0.0004258791,0.0
Nawanshahr,2025-08-08,0.0004258791,0.0
Nawanshahr,2025-08-09,0.00057638896,0.0
Nawanshahr,2025-08-10,0.010660081,0.0
Nawanshahr,2025-08-11,0.010660081,0.0
Nawanshahr,2025-08-12,0.01111001,0.0
Nawanshahr,2025-08-13,0.03592668,0.0
Nawanshahr,2025-08-14,0.037902128,0.0
Nawanshahr,2025-08-15,0.04847452,0.0
Nawanshahr,2025-08-16,0.04847452,0.0
Nawanshahr,2025-08-17,0.020982526,0.0
Nawanshahr,2025-08-18,0.00896524,0.0
Nawanshahr,2025-08-19,0.008637687,0.0
Nawanshahr,2025-08-20,0.008915432,0.0
Nawanshahr,2025-08-21,0.013181077,0.0
Nawanshahr,2025-08-22,0.008865647,0.0
Nawanshahr,2025-08-23,0.006218301,0.0
Nawanshahr,2025-08-24,0.00047940714,0.0
Nawanshahr,2025-08-25,0.00047259667,0.0
Nawanshahr,2025-08-26,0.0005810449,0.0
Nawanshahr,2025-08-27,0.0005810449,0.0
Nawanshahr,2025-08-28,0.0005810449,0.0
Nawanshahr,2025-08-29,0.0005810449,0.0
Nawanshahr,2025-08-30,0.00043935011,0.0
Nawanshahr,2025-08-31,0.00046714855,0.0
Nawanshahr,2025-09-01,0.00046714855,0.0
Nawanshahr,2025-09-02,0.000617803,0.0
Nawanshahr,2025-09-03,0.00046714855,0.0
Nawanshahr,2025-09-04,0.00046714855,0.0
Nawanshahr,2025-09-05,0.00046714855,0.0
Nawanshahr,2025-09-06,0.00046714855,0.0
Nawanshahr,2025-09-07,0.000617803,0.0
Nawanshahr,2025-09-08,0.000617803,0.0
Nawanshahr,2025-09-09,0.000617803,0.0
Nawanshahr,2025-09-10,0.000617803,0.0
Nawanshahr,2025-09-11,0.00048304308,0.0
Nawanshahr,2025-09-12,0.00048304308,0.0
Nawanshahr,2025-09-13,0.00048304308,0.0
Nawanshahr,2025-09-14,0.00063882023,0.0
Nawanshahr,2025-09-15,0.00048304308,0.0
Nawanshahr,2025-09-16,0.00048304308,0.0
Nawanshahr,2025-09-17,0.00048304308,0.0
Nawanshahr,2025-09-18,0.00048304308,0.0
Nawanshahr,2025-09-19,0.00063882023,0.0
Nawanshahr,2025-09-20,0.00063882023,0.0
Nawanshahr,2025-09-21,0.00063882023,0.0
Nawanshahr,2025-09-22,0.00063882023,0.0
Nawanshahr,2025-09-23,0.00048304308,0.0
Nawanshahr,2025-09-24,0.00048304308,0.0
Nawanshahr,2025-09-25,0.00048304308,0.0
Nawanshahr,2025-09-26,0.00063882023,0.0
Patiala,2025-07-25,0.008855621,0.0
Patiala,2025-07-26,0.0057946425,0.0
Patiala,2025-07-27,0.002748308,0.0
Patiala,2025-07-28,0.019113602,0.0
Patiala,2025-07-29,0.0027693887,0.0
Patiala,2025-07-30,0.0026053505,0.0
Patiala,2025-07-31,0.0019817755,0.0
Patiala,2025-08-01,0.0016361738,0.0
Patiala,2025-08-02,0.004543463,0.0
Patiala,2025-08-03,0.0010829628,0.0
Patiala,2025-08-04,0.0015236427,0.0
Patiala,2025-08-05,0.00156602,0.0
Patiala,2025-08-06,0.0031673189,0.0
Patiala,2025-08-07,0.0037859199,0.0
Patiala,2025-08-08,0.0041370415,0.0
Patiala,2025-08-09,0.016297853,0.0
Patiala,2025-08-10,0.0038830065,0.0
Patiala,2025-08-11,0.00673472,0.0
Patiala,2025-08-12,0.007020147,0.0
Patiala,2025-08-13,0.050048858,0.0
Patiala,2025-08-14,0.040518988,0.0
Patiala,2025-08-15,0.028546883,0.0
Patiala,2025-08-16,0.025930787,0.0
Patiala,2025-08-17,0.0135314865,0.0
Patiala,2025-08-18,0.005057785,0.0
Patiala,2025-08-19,0.004814025,0.0
Patiala,2025-08-20,0.0050830096,0.0
Patiala,2025-08-21,0.0144735,0.0
Patiala,2025-08-22,0.002803248,0.0
Patiala,2025-08-23,0.0016131587,0.0
Patiala,2025-08-24,0.00017189184,0.0
Patiala,2025-08-25,0.00025141417,0.0
Patiala,2025-08-26,0.0002787468,0.0
Patiala,2025-08-27,0.00017359528,0.0
Patiala,2025-08-28,0.00042133324,0.0
Patiala,2025-08-29,0.0003344112,0.0
Patiala,2025-08-30,0.00023283905,0.0
Patiala,2025-08-31,0.00021984057,1.0
Patiala,2025-09-01,0.00021984057,1.0
Patiala,2025-09-02,0.00060278486,1.0
Patiala,2025-09-04,0.0037308445,0.0
Patiala,2025-09-05,0.003065159,0.0
Patiala,2025-09-06,0.0044655744,0.0
Patiala,2025-09-07,0.0153196845,0.0
Patiala,2025-09-08,0.007195215,0.0
Patiala,2025-09-09,0.0064147073,0.0
Patiala,2025-09-10,0.0007996141,0.0
Patiala,2025-09-11,0.0007076679,0.0
Patiala,2025-09-12,0.00043536507,0.0
Patiala,2025-09-13,0.00043536507,0.0
Patiala,2025-09-14,0.0008884429,0.0
Patiala,2025-09-15,0.00040608292,0.0
Patiala,2025-09-16,0.00042484977,0.0
Patiala,2025-09-17,0.00043284264,0.0
Patiala,2025-09-18,0.0003823803,0.0
Patiala,2025-09-19,0.0005220745,0.0
Patiala,2025-09-20,0.0002758713,0.0
Patiala,2025-09-21,0.0002758713,0.0
Patiala,2025-09-22,0.0002791553,0.0
Patiala,2025-09-23,0.00028757646,0.0
Patiala,2025-09-24,0.00034536264,0.0
Patiala,2025-09-25,0.00035327254,0.0
Patiala,2025-09-26,0.000698426,0.0
Rupnagar,2025-07-25,0.00018827828,0.0
Rupnagar,2025-07-26,0.00020734919,0.0
Rupnagar,2025-07-27,0.00021687114,0.0
Rupnagar,2025-07-28,0.0006069804,0.0
Rupnagar,2025-07-29,0.00012638717,0.0
Rupnagar,2025-07-30,0.00017470418,0.0
Rupnagar,2025-07-31,0.00016655096,0.0
Rupnagar,2025-08-01,0.00016655096,0.0
Rupnagar,2025-08-02,0.0003583842,0.0
Rupnagar,2025-08-03,0.00015778161,0.0
Rupnagar,2025-08-04,0.00025034425,0.0
Rupnagar,2025-08-05,0.0002573161,0.0
Rupnagar,2025-08-06,0.000164866,0.0
Rupnagar,2025-08-07,0.0001625531,0.0
Rupnagar,2025-08-08,0.0001549667,0.0
Rupnagar,2025-08-09,0.00045744388,0.0
Rupnagar,2025-08-10,0.0019438483,0.0
Rupnagar,2025-08-11,0.0031239442,0.0
Rupnagar,2025-08-12,0.003887027,0.0
Rupnagar,2025-08-13,0.030440133,0.0
Rupnagar,2025-08-14,0.029498199,0.0
Rupnagar,2025-08-15,0.012802066,0.0
Rupnagar,2025-08-16,0.01825912,0.0
Rupnagar,2025-08-17,0.009353093,0.0
Rupnagar,2025-08-18,0.0029449626,0.0
Rupnagar,2025-08-19,0.0056109196,0.0
Rupnagar,2025-08-20,0.005523049,0.0
Rupnagar,2025-08-21,0.02688802,0.0
Rupnagar,2025-08-22,0.005690287,0.0
Rupnagar,2025-08-23,0.005834949,0.0
Rupnagar,2025-08-24,0.0005434236,0.0
Rupnagar,2025-08-25,0.00075492234,0.0
Rupnagar,2025-08-26,0.0010866496,0.0
Rupnagar,2025-08-27,0.0005460875,0.0
Rupnagar,2025-08-28,0.00041206385,0.0
Rupnagar,2025-08-29,0.0004623111,0.0
Rupnagar,2025-08-30,0.00027355365,0.0
Rupnagar,2025-08-31,0.0003028218,0.0
Rupnagar,2025-09-01,0.00022215926,0.0
Rupnagar,2025-09-02,0.0005238161,0.0
Rupnagar,2025-09-03,0.00026138563,0.0
Rupnagar,2025-09-04,0.0003525618,0.0
Rupnagar,2025-09-05,0.00036161797,0.0
Rupnagar,2025-09-06,0.00029751225,0.0
Rupnagar,2025-09-07,0.0006854293,0.0
Rupnagar,2025-09-08,0.00030766477,0.0
Rupnagar,2025-09-09,0.00030766477,0.0
Rupnagar,2025-09-10,0.00028396078,0.0
Rupnagar,2025-09-11,0.00025382705,0.0
Rupnagar,2025-09-12,0.00025784704,0.0
Rupnagar,2025-09-13,0.00025784704,0.0
Rupnagar,2025-09-14,0.0005741765,0.0
Rupnagar,2025-09-15,0.00019047779,0.0
Rupnagar,2025-09-16,0.00017559832,0.0
Rupnagar,2025-09-17,0.00023909251,0.0
Rupnagar,2025-09-18,0.0002511631,0.0
Rupnagar,2025-09-19,0.0005861558,0.0
Rupnagar,2025-09-20,0.0002578392,0.0
Rupnagar,2025-09-21,0.00033467685,0.0
Rupnagar,2025-09-22,0.0003515718,0.0
Rupnagar,2025-09-23,0.00020613943,0.0
Rupnagar,2025-09-24,0.00020716622,0.0
Rupnagar,2025-09-25,0.00020202211,0.0
Rupnagar,2025-09-26,0.00059587,0.0
Sahibzada Ajit Singh Nagar,2025-07-25,0.00017416528,0.0
Sahibzada Ajit Singh Nagar,2025-07-26,0.00016429163,0.0
Sahibzada Ajit Singh Nagar,2025-07-27,0.00015936393,0.0
Sahibzada Ajit Singh Nagar,2025-07-28,0.00043549913,0.0
Sahibzada Ajit Singh Nagar,2025-07-29,0.00013448528,0.0
Sahibzada Ajit Singh Nagar,2025-07-30,0.0001308147,0.0
Sahibzada Ajit Singh Nagar,2025-07-31,0.00010798827,0.0
Sahibzada Ajit Singh Nagar,2025-08-01,0.00015179228,0.0
Sahibzada Ajit Singh Nagar,2025-08-02,0.00023548627,0.0
Sahibzada Ajit Singh Nagar,2025-08-03,0.00015590325,0.0
Sahibzada Ajit Singh Nagar,2025-08-04,0.00015590325,0.0
Sahibzada Ajit Singh Nagar,2025-08-05,0.00016024559,0.0
Sahibzada Ajit Singh Nagar,2025-08-06,0.000125925,0.0
Sahibzada Ajit Singh Nagar,2025-08-07,0.00013162049,0.0
Sahibzada Ajit Singh Nagar,2025-08-08,0.00016488155,0.0
Sahibzada Ajit Singh Nagar,2025-08-09,0.00035976234,0.0
Sahibzada Ajit Singh Nagar,2025-08-10,0.00016650443,0.0
Sahibzada Ajit Singh Nagar,2025-08-11,0.00017420117,0.0
Sahibzada Ajit Singh Nagar,2025-08-12,0.00018505292,0.0
Sahibzada Ajit Singh Nagar,2025-08-13,0.0007430185,0.0
Sahibzada Ajit Singh Nagar,2025-08-14,0.00076379365,0.0
Sahibzada Ajit Singh Nagar,2025-08-15,0.0021163025,0.0
Sahibzada Ajit Singh Nagar,2025-08-16,0.0021163025,0.0
Sahibzada Ajit Singh Nagar,2025-08-17,0.0021414482,0.0
Sahibzada Ajit Singh Nagar,2025-08-18,0.0004921415,0.0
Sahibzada Ajit Singh Nagar,2025-08-19,0.00046382227,0.0
Sahibzada Ajit Singh Nagar,2025-08-20,0.00045257228,0.0
Sahibzada Ajit Singh Nagar,2025-08-21,0.0007081665,0.0
Sahibzada Ajit Singh Nagar,2025-08-22,0.00029456173,0.0
Sahibzada Ajit Singh Nagar,2025-08-23,0.00017410469,0.0
Sahibzada Ajit Singh Nagar,2025-08-24,0.00017410469,0.0
Sahibzada Ajit Singh Nagar,2025-08-25,0.00034324304,0.0
Sahibzada Ajit Singh Nagar,2025-08-26,0.00028233486,0.0
Sahibzada Ajit Singh Nagar,2025-08-27,0.00021311906,0.0
Sahibzada Ajit Singh Nagar,2025-08-28,0.00044666138,0.0
Sahibzada Ajit Singh Nagar,2025-08-29,0.00035451542,0.0
Sahibzada Ajit Singh Nagar,2025-08-30,0.0002755635,0.0
Sahibzada Ajit Singh Nagar,2025-08-31,0.0002690543,1.0
Sahibzada Ajit Singh Nagar,2025-09-01,0.0002690543,1.0
Sahibzada Ajit Singh Nagar,2025-09-02,0.00068503484,1.0
Sahibzada Ajit Singh Nagar,2025-09-04,0.0033943614,0.0
Sahibzada Ajit Singh Nagar,2025-09-05,0.002883408,0.0
Sahibzada Ajit Singh Nagar,2025-09-06,0.005040134,0.0
Sahibzada Ajit Singh Nagar,2025-09-07,0.01410635,0.0
Sahibzada Ajit Singh Nagar,2025-09-08,0.0076100314,0.0
Sahibzada Ajit Singh Nagar,2025-09-09,0.0067848302,0.0
Sahibzada Ajit Singh Nagar,2025-09-10,0.00091986166,0.0
Sahibzada Ajit Singh Nagar,2025-09-11,0.0008268113,0.0
Sahibzada Ajit Singh Nagar,2025-09-12,0.0005260324,0.0
Sahibzada Ajit Singh Nagar,2025-09-13,0.0005260324,0.0
Sahibzada Ajit Singh Nagar,2025-09-14,0.0008884429,0.0
Sahibzada Ajit Singh Nagar,2025-09-15,0.00040608292,0.0
Sahibzada Ajit Singh Nagar,2025-09-16,0.00042484977,0.0
Sahibzada Ajit Singh Nagar,2025-09-17,0.00043284264,0.0
Sahibzada Ajit Singh Nagar,2025-09-18,0.000523469,0.0
Sahibzada Ajit Singh Nagar,2025-09-19,0.0005220745,0.0
Sahibzada Ajit Singh Nagar,2025-09-20,0.0005316455,0.0
Sahibzada Ajit Singh Nagar,2025-09-21,0.0005316455,0.0
Sahibzada Ajit Singh Nagar,2025-09-22,0.00053797255,0.0
Sahibzada Ajit Singh Nagar,2025-09-23,0.00028757646,0.0
Sahibzada Ajit Singh Nagar,2025-09-24,0.00034536264,0.0
Sahibzada Ajit Singh Nagar,2025-09-25,0.00035327254,0.0
Sahibzada Ajit Singh Nagar,2025-09-26,0.0006798507,0.0
Sangrur,2025-07-25,0.01861835,0.0
Sangrur,2025-07-26,0.02006361,0.0
Sangrur,2025-07-27,0.009250813,0.0
Sangrur,2025-07-28,0.038275186,0.0
Sangrur,2025-07-29,0.0044214227,0.0
Sangrur,2025-07-30,0.009238768,0.0
Sangrur,2025-07-31,0.009686532,0.0
Sangrur,2025-08-01,0.008911468,0.0
Sangrur,2025-08-02,0.017804656,0.0
Sangrur,2025-08-03,0.005115299,0.0
Sangrur,2025-08-04,0.0046545644,0.0
Sangrur,2025-08-05,0.004480987,0.0
Sangrur,2025-08-06,0.003490977,0.0
Sangrur,2025-08-07,0.004367403,0.0
Sangrur,2025-08-08,0.0033010573,0.0
Sangrur,2025-08-09,0.0114542525,0.0
Sangrur,2025-08-10,0.00018047297,0.0
Sangrur,2025-08-11,0.00017451988,0.0
Sangrur,2025-08-12,0.0001867131,0.0
Sangrur,2025-08-13,0.0006586761,0.0
Sangrur,2025-08-14,0.0007984769,0.0
Sangrur,2025-08-15,0.0005818107,0.0
Sangrur,2025-08-16,0.00044287762,0.0
Sangrur,2025-08-17,0.0004851482,0.0
Sangrur,2025-08-18,0.0003652408,0.0
Sangrur,2025-08-19,0.0005973596,0.0
Sangrur,2025-08-20,0.0006526635,0.0
Sangrur,2025-08-21,0.0012830531,0.0
Sangrur,2025-08-22,0.00057421287,0.0
Sangrur,2025-08-23,0.00035922753,0.0
Sangrur,2025-08-24,0.0003126996,0.0
Sangrur,2025-08-25,0.00023277516,0.0
Sangrur,2025-08-26,0.00031363528,0.0
Sangrur,2025-08-27,0.0002455614,0.0
Sangrur,2025-08-28,0.00024785762,0.0
Sangrur,2025-08-29,0.00025422472,0.0
Sangrur,2025-08-30,0.00021453192,0.0
Sangrur,2025-08-31,0.00027348794,0.0
Sangrur,2025-09-01,0.00026398554,0.0
Sangrur,2025-09-02,0.00026113304,0.0
Sangrur,2025-09-03,0.00025324157,0.0
Sangrur,2025-09-04,0.00038149935,0.0
Sangrur,2025-09-05,0.00037839398,0.0
Sangrur,2025-09-06,0.00033315583,0.0
Sangrur,2025-09-07,0.000669147,0.0
Sangrur,2025-09-08,0.00036717136,0.0
Sangrur,2025-09-09,0.00036296496,0.0
Sangrur,2025-09-10,0.00026434974,0.0
Sangrur,2025-09-11,0.00025748348,0.0
Sangrur,2025-09-12,0.00025894016,0.0
Sangrur,2025-09-13,0.00025894016,0.0
Sangrur,2025-09-14,0.00050445565,0.0
Sangrur,2025-09-15,0.00019331012,0.0
Sangrur,2025-09-16,0.00018693363,0.0
Sangrur,2025-09-17,0.00016492762,0.0
Sangrur,2025-09-18,0.00016355887,0.0
Sangrur,2025-09-19,0.00029820087,0.0
Sangrur,2025-09-20,0.00016667598,0.0
Sangrur,2025-09-21,0.00016667598,0.0
Sangrur,2025-09-22,0.00016667598,0.0
Sangrur,2025-09-23,0.00016667598,0.0
Sangrur,2025-09-24,0.00020073814,0.0
Sangrur,2025-09-25,0.00020533634,0.0
Sangrur,2025-09-26,0.00038843142,0.0
Tarn Taran,2025-07-25,0.014807081,0.0
Tarn Taran,2025-07-26,0.033772286,0.0
Tarn Taran,2025-07-27,0.016237302,0.0
Tarn Taran,2025-07-28,0.016839024,0.0
Tarn Taran,2025-07-29,0.0076856436,0.0
Tarn Taran,2025-07-30,0.02398366,0.0
Tarn Taran,2025-07-31,0.019319367,1.0
Tarn Taran,2025-08-01,0.020413382,1.0
Tarn Taran,2025-08-02,0.018741501,1.0
Tarn Taran,2025-08-04,0.5481843,0.0
Tarn Taran,2025-08-05,0.40511233,0.0
Tarn Taran,2025-08-06,0.5614091,0.0
Tarn Taran,2025-08-07,0.68736666,0.0
Tarn Taran,2025-08-08,0.46994388,0.0
Tarn Taran,2025-08-09,0.4607869,0.0
Tarn Taran,2025-08-10,0.13178734,0.0
Tarn Taran,2025-08-11,0.13398096,0.0
Tarn Taran,2025-08-12,0.0935712,1.0
Tarn Taran,2025-08-13,0.118144654,1.0
Tarn Taran,2025-08-14,0.10045032,1.0
Tarn Taran,2025-08-16,0.38650435,0.0
Tarn Taran,2025-08-17,0.24271034,0.0
Tarn Taran,2025-08-18,0.42872113,0.0
Tarn Taran,2025-08-19,0.66763294,0.0
Tarn Taran,2025-08-20,0.66169566,1.0
Tarn Taran,2025-08-21,0.65390444,1.0
Tarn Taran,2025-08-22,0.09405437,1.0
Tarn Taran,2025-08-24,0.08350316,1.0
Tarn Taran,2025-08-25,0.07498717,1.0
Tarn Taran,2025-08-26,0.24840927,1.0
Tarn Taran,2025-08-28,0.18845056,0.0
Tarn Taran,2025-08-29,0.2483139,0.0
Tarn Taran,2025-08-30,0.09604045,0.0
Tarn Taran,2025-08-31,0.74978477,0.0
Tarn Taran,2025-09-01,0.7892151,1.0
Tarn Taran,2025-09-02,0.8925287,1.0
Tarn Taran,2025-09-03,0.95834637,1.0
Tarn Taran,2025-09-05,0.82732093,1.0
Tarn Taran,2025-09-06,0.8222646,1.0
Tarn Taran,2025-09-07,0.23777077,1.0
Tarn Taran,2025-09-09,0.3049441,0.0
Tarn Taran,2025-09-10,0.36664522,0.0
Tarn Taran,2025-09-11,0.15567264,0.0
Tarn Taran,2025-09-12,0.3828689,0.0
Tarn Taran,2025-09-13,0.60769504,1.0
Tarn Taran,2025-09-14,0.88905704,1.0
Tarn Taran,2025-09-15,0.81204134,1.0
Tarn Taran,2025-09-17,0.65580356,1.0
Tarn Taran,2025-09-18,0.62133646,1.0
Tarn Taran,2025-09-19,0.7777741,1.0
Tarn Taran,2025-09-21,0.33443794,0.0
Tarn Taran,2025-09-22,0.33629236,0.0
Tarn Taran,2025-09-23,0.4196015,0.0
Tarn Taran,2025-09-24,0.62837625,0.0
Tarn Taran,2025-09-25,0.78768367,1.0
Tarn Taran,2025-09-26,0.7738935,1.0
Tarn Taran,2025-09-27,0.66241026,1.0
