date,station,discharge_cusecs,as_of_time,ambiguous,source_title,source_url,quote
2023-08-17,Dhilwan,234000,unspecified,False,"Monsoon fury: 44K in 130 Punjab villages hit by flood, 9,000 shifted, Gurdaspur bears brunt - The Tribune",https://www.tribuneindia.com/news/punjab/monsoon-fury-44k-in-130-punjab-villages-hit-by-flood-9-000-shifted-gurdaspur-bears-brunt-535781,"Flow in the Beas at Passi (Hoshiarpur) and Dhilwan (Kapurthala) recorded at 2.41 lakh cusecs and 2.34 lakh cusecs, respectively"
2023-08-18,Dhilwan,220000,unspecified,False,"23 dead, 1,018 villages hit, 16K rescued as Punjab sees worst floods in decades - The Tribune",https://www.tribuneindia.com/news/punjab/monsoon-fury-22k-more-marooned-fazilka-ferozepur-tarn-taran-worst-hit-536063,"The flow at Passi (Hoshiarpur) was recorded at 2,07,500 cusecs and Dhilwan (Kapurthala) at 2,20,000 cusecs."
2023-08-20,Dhilwan,155500,"unspecified (""yesterday"")",False,"Rising dam water causes widespread flooding, loss assessment ordered - The Tribune",https://www.tribuneindia.com/news/punjab/rising-dam-water-causes-widespread-flooding-loss-assessment-ordered/,"at Dhilwan it came down from 1,55,500 cusecs to 1,39,000 cusecs"
2023-08-21,Dhilwan,139000,"unspecified (""today"")",False,"Rising dam water causes widespread flooding, loss assessment ordered - The Tribune",https://www.tribuneindia.com/news/punjab/rising-dam-water-causes-widespread-flooding-loss-assessment-ordered/,"at Dhilwan it came down from 1,55,500 cusecs to 1,39,000 cusecs"
2023-08-23,Dhilwan,136000,unspecified,False,"Pong, Bhakra levels up, Punjab put on high alert - The Tribune",https://www.tribuneindia.com/news/punjab/pong-bhakra-levels-up-punjab-put-on-high-alert-537778/,"The Beas too continued to have a high water level of 1,37,200 cusecs at Hoshiarpur (Passi) and of 1,36,000 cusecs at Kapurthala (Dhilwan)."
2025-08-21,Dhilwan,119403,AMBIGUOUS - see quote/flag note,True,"Rising dam water causes widespread flooding, loss assessment ordered - The Tribune",https://www.tribuneindia.com/news/punjab/rising-dam-water-causes-widespread-flooding-loss-assessment-ordered/,"1,19,403 cusec at Dhilwan. [FLAG: article's Dhilwan sentence does not restate the date; dated by proximity to the Thursday Aug 21 Harike/Hussainiwala readings in the same report, not fully confirmed]"
2025-08-24,Dhilwan,130000,yesterday,False,25 Sultanpur Lodhi villages on alert as incessant rain raises Beas level - The Tribune,https://www.tribuneindia.com/news/punjab/25-sultanpur-lodhi-villages-on-alert-as-incessant-rain-raises-beas-level/,"Water accumulation at the Dhilwan gauge was 1.30 lakh cusecs yesterday, which has increased to 1.40 lakh cusecs today."
2025-08-25,Dhilwan,140000,today,False,25 Sultanpur Lodhi villages on alert as incessant rain raises Beas level - The Tribune,https://www.tribuneindia.com/news/punjab/25-sultanpur-lodhi-villages-on-alert-as-incessant-rain-raises-beas-level/,"Water accumulation at the Dhilwan gauge was 1.30 lakh cusecs yesterday, which has increased to 1.40 lakh cusecs today."
2023-08-18,Ferozepur Head Works,258910,unspecified,False,"23 dead, 1,018 villages hit, 16K rescued as Punjab sees worst floods in decades - The Tribune",https://www.tribuneindia.com/news/punjab/monsoon-fury-22k-more-marooned-fazilka-ferozepur-tarn-taran-worst-hit-536063,"However, as the river re-enters India, the discharge at Hussainiwala was recorded at 2,58,910 cusecs."
2023-08-20,Ferozepur Head Works,225000,"unspecified (""yesterday"")",False,"Rising dam water causes widespread flooding, loss assessment ordered - The Tribune",https://www.tribuneindia.com/news/punjab/rising-dam-water-causes-widespread-flooding-loss-assessment-ordered/,The flow of the Sutlej water dropped from 2.25 lakh cusecs yesterday to 1.56 lakh cusecs today at Hussainiwala (Ferozepur)
2023-08-21,Ferozepur Head Works,156000,"unspecified (""today"")",False,"Rising dam water causes widespread flooding, loss assessment ordered - The Tribune",https://www.tribuneindia.com/news/punjab/rising-dam-water-causes-widespread-flooding-loss-assessment-ordered/,The flow of the Sutlej water dropped from 2.25 lakh cusecs yesterday to 1.56 lakh cusecs today at Hussainiwala (Ferozepur)
2023-08-23,Ferozepur Head Works,133224,unspecified,False,"Pong, Bhakra levels up, Punjab put on high alert - The Tribune",https://www.tribuneindia.com/news/punjab/pong-bhakra-levels-up-punjab-put-on-high-alert-537778/,"The water level of the Sutlej continued to remain high at Harike at 1,42,766 cusecs and at Hussainiwala at 1,33,224 cusecs."
2025-08-21,Ferozepur Head Works,82725,Thursday,False,"Rising dam water causes widespread flooding, loss assessment ordered - The Tribune",https://www.tribuneindia.com/news/punjab/rising-dam-water-causes-widespread-flooding-loss-assessment-ordered/,"while it was 82,725 cusec at Hussainiwala."
2025-09-03,Ferozepur Head Works,324000,during the day,False,"Flood situation turns grim in Punjab; Ravi, Beas and Satluj rivers in spate - The Tribune",https://www.tribuneindia.com/news/punjab/flood-situation-turns-grim-in-punjab-ravi-beas-and-satluj-rivers-in-spate/,3.24 lakh cusecs at Hussainiwala
2025-09-03,Ferozepur Head Works,302508,unspecified (upstream gauge),False,"High flood levels recorded at Harike and Hussainiwala Headworks, Villages on alert - Babushahi.com",https://www.babushahi.com/view-news.php?id=210079,"the upstream gauge was 646.50 feet with a discharge of 3,02,508 cusecs"
2025-09-03,Ferozepur Head Works,301918,unspecified (downstream gauge),False,"High flood levels recorded at Harike and Hussainiwala Headworks, Villages on alert - Babushahi.com",https://www.babushahi.com/view-news.php?id=210079,"downstream recorded 646.15 feet with 3,01,918 cusecs discharge"
2023-08-17,Harike Head Works,235000,unspecified,False,"Monsoon fury: 44K in 130 Punjab villages hit by flood, 9,000 shifted, Gurdaspur bears brunt - The Tribune",https://www.tribuneindia.com/news/punjab/monsoon-fury-44k-in-130-punjab-villages-hit-by-flood-9-000-shifted-gurdaspur-bears-brunt-535781,The Sutlej is brimming near Harike and Hussainiwala; the water flow at Harike was recorded at an unprecedented 2.35 lakh cusecs
2023-08-17,Harike Head Works,215000,unspecified,False,"Monsoon fury: 44K in 130 Punjab villages hit by flood, 9,000 shifted, Gurdaspur bears brunt - The Tribune",https://www.tribuneindia.com/news/punjab/monsoon-fury-44k-in-130-punjab-villages-hit-by-flood-9-000-shifted-gurdaspur-bears-brunt-535781,Around 2.15 lakh cusecs of water is also being released from Harike headworks towards Pakistan.
2023-08-18,Harike Head Works,284987,unspecified,False,"23 dead, 1,018 villages hit, 16K rescued as Punjab sees worst floods in decades - The Tribune",https://www.tribuneindia.com/news/punjab/monsoon-fury-22k-more-marooned-fazilka-ferozepur-tarn-taran-worst-hit-536063,"Outflow at the Harike headworks, from where the Sutlej flows into Pakistan, stood at 2,84,987 cusecs."
2023-08-20,Harike Head Works,169000,"unspecified (""yesterday"" per Aug-21 article)",False,"Rising dam water causes widespread flooding, loss assessment ordered - The Tribune",https://www.tribuneindia.com/news/punjab/rising-dam-water-causes-widespread-flooding-loss-assessment-ordered/,from 1.69 lakh cusecs to 1.60 lakh cusecs at Harike (Tarn Taran)
2023-08-21,Harike Head Works,160000,"unspecified (""today"")",False,"Rising dam water causes widespread flooding, loss assessment ordered - The Tribune",https://www.tribuneindia.com/news/punjab/rising-dam-water-causes-widespread-flooding-loss-assessment-ordered/,from 1.69 lakh cusecs to 1.60 lakh cusecs at Harike (Tarn Taran)
2023-08-23,Harike Head Works,142766,unspecified,False,"Pong, Bhakra levels up, Punjab put on high alert - The Tribune",https://www.tribuneindia.com/news/punjab/pong-bhakra-levels-up-punjab-put-on-high-alert-537778/,"The water level of the Sutlej continued to remain high at Harike at 1,42,766 cusecs and at Hussainiwala at 1,33,224 cusecs."
2025-08-21,Harike Head Works,94929,Thursday,False,"Rising dam water causes widespread flooding, loss assessment ordered - The Tribune",https://www.tribuneindia.com/news/punjab/rising-dam-water-causes-widespread-flooding-loss-assessment-ordered/,"the water flow at Harike, where the Beas and the Sutlej meet, reached 94,929 cusec"
2025-08-30,Harike Head Works,244000,AMBIGUOUS - evening (published 10:03pm IST),True,"Water discharge from Harike headworks reduced by 19,000 cusecs, says Punjab minister - ThePrint",https://theprint.in/india/water-discharge-from-harike-headworks-reduced-by-19000-cusecs-says-punjab-minister/2732572/,"The water discharge from Harike headworks has reduced by 19,000 cusecs, and currently 2,44,000 cusecs of water is being released, Khuddian said."
2025-09-03,Harike Head Works,330000,during the day,False,"Flood situation turns grim in Punjab; Ravi, Beas and Satluj rivers in spate - The Tribune",https://www.tribuneindia.com/news/punjab/flood-situation-turns-grim-in-punjab-ravi-beas-and-satluj-rivers-in-spate/,the water level at the Harike headworks was 3.30 lakh cusecs
2025-09-03,Harike Head Works,335030,unspecified (upstream gauge),False,"High flood levels recorded at Harike and Hussainiwala Headworks, Villages on alert - Babushahi.com",https://www.babushahi.com/view-news.php?id=210079,"the upstream gauge stood at 686.50 feet with a discharge of 3,35,030 cusecs"
2025-09-03,Harike Head Works,318159,unspecified (downstream gauge),False,"High flood levels recorded at Harike and Hussainiwala Headworks, Villages on alert - Babushahi.com",https://www.babushahi.com/view-news.php?id=210079,"downstream recorded 686.48 feet with 3,18,159 cusecs discharge"
