year,window,district,pred,lo80,hi80,lo95,hi95
2015,2015-07-25,Amritsar,0.00054,0.0,0.002568,0.0,0.009737
2015,2015-07-25,Barnala,0.000156,0.0,0.002184,0.0,0.009353
2015,2015-07-25,Bathinda,-3.4e-05,0.0,0.001994,0.0,0.009163
2015,2015-07-25,Faridkot,-3.6e-05,0.0,0.001993,0.0,0.009162
2015,2015-07-25,Fatehgarh Sahib,2e-06,0.0,0.00203,0.0,0.009199
2015,2015-07-25,Firozpur,0.000533,0.0,0.002561,0.0,0.00973
2015,2015-07-25,Gurdaspur,0.000348,0.0,0.002376,0.0,0.009545
2015,2015-07-25,Hoshiarpur,-2.2e-05,0.0,0.002007,0.0,0.009175
2015,2015-07-25,Jalandhar,0.000394,0.0,0.002422,0.0,0.009591
2015,2015-07-25,Kapurthala,0.00139,0.0,0.003418,0.0,0.010587
2015,2015-07-25,Ludhiana,3.6e-05,0.0,0.002064,0.0,0.009233
2015,2015-07-25,Mansa,-2.4e-05,0.0,0.002004,0.0,0.009173
2015,2015-07-25,Moga,4.7e-05,0.0,0.002075,0.0,0.009244
2015,2015-07-25,Muktsar,-2.4e-05,0.0,0.002004,0.0,0.009173
2015,2015-07-25,Nawanshahr,9.4e-05,0.0,0.002123,0.0,0.009291
2015,2015-07-25,Patiala,2.7e-05,0.0,0.002056,0.0,0.009225
2015,2015-07-25,Rupnagar,1e-06,0.0,0.002029,0.0,0.009198
2015,2015-07-25,Sahibzada Ajit Singh Nagar,-1e-05,0.0,0.002018,0.0,0.009187
2015,2015-07-25,Sangrur,0.001747,0.0,0.003775,0.0,0.010944
2015,2015-07-25,Tarn Taran,0.001876,0.0,0.003904,0.0,0.011073
2015,2015-08-04,Amritsar,3.6e-05,0.0,0.002065,0.0,0.009233
2015,2015-08-04,Barnala,-1.1e-05,0.0,0.002017,0.0,0.009186
2015,2015-08-04,Bathinda,-4e-06,0.0,0.002024,0.0,0.009193
2015,2015-08-04,Faridkot,-1.5e-05,0.0,0.002013,0.0,0.009182
2015,2015-08-04,Fatehgarh Sahib,-4e-06,0.0,0.002024,0.0,0.009193
2015,2015-08-04,Firozpur,-0.000228,0.0,0.0018,0.0,0.008969
2015,2015-08-04,Gurdaspur,0.000105,0.0,0.002134,0.0,0.009303
2015,2015-08-04,Hoshiarpur,8e-06,0.0,0.002036,0.0,0.009205
2015,2015-08-04,Jalandhar,3.6e-05,0.0,0.002065,0.0,0.009233
2015,2015-08-04,Kapurthala,0.00035,0.0,0.002379,0.0,0.009547
2015,2015-08-04,Ludhiana,4.2e-05,0.0,0.00207,0.0,0.009239
2015,2015-08-04,Mansa,8e-06,0.0,0.002036,0.0,0.009205
2015,2015-08-04,Moga,4.4e-05,0.0,0.002072,0.0,0.009241
2015,2015-08-04,Muktsar,8e-06,0.0,0.002036,0.0,0.009205
2015,2015-08-04,Nawanshahr,1.8e-05,0.0,0.002047,0.0,0.009216
2015,2015-08-04,Patiala,1.6e-05,0.0,0.002044,0.0,0.009213
2015,2015-08-04,Rupnagar,-4e-06,0.0,0.002024,0.0,0.009193
2015,2015-08-04,Sahibzada Ajit Singh Nagar,-1.5e-05,0.0,0.002013,0.0,0.009182
2015,2015-08-04,Sangrur,1.6e-05,0.0,0.002045,0.0,0.009214
2015,2015-08-04,Tarn Taran,0.00084,0.0,0.002868,0.0,0.010037
2015,2015-08-14,Amritsar,0.000654,0.0,0.002683,0.0,0.009852
2015,2015-08-14,Barnala,6.5e-05,0.0,0.002093,0.0,0.009262
2015,2015-08-14,Bathinda,0.000195,0.0,0.002224,0.0,0.009392
2015,2015-08-14,Faridkot,-5.6e-05,0.0,0.001973,0.0,0.009142
2015,2015-08-14,Fatehgarh Sahib,0.000195,0.0,0.002224,0.0,0.009392
2015,2015-08-14,Firozpur,0.000991,0.0,0.003019,0.0,0.010188
2015,2015-08-14,Gurdaspur,0.000361,0.0,0.002389,0.0,0.009558
2015,2015-08-14,Hoshiarpur,-0.000135,0.0,0.001893,0.0,0.009062
2015,2015-08-14,Jalandhar,0.000717,0.0,0.002745,0.0,0.009914
2015,2015-08-14,Kapurthala,0.002755,0.000727,0.004784,0.0,0.011953
2015,2015-08-14,Ludhiana,0.000303,0.0,0.002331,0.0,0.0095
2015,2015-08-14,Mansa,-8.3e-05,0.0,0.001945,0.0,0.009114
2015,2015-08-14,Moga,0.000344,0.0,0.002372,0.0,0.009541
2015,2015-08-14,Muktsar,0.000208,0.0,0.002236,0.0,0.009405
2015,2015-08-14,Nawanshahr,0.000408,0.0,0.002436,0.0,0.009605
2015,2015-08-14,Patiala,9.4e-05,0.0,0.002122,0.0,0.009291
2015,2015-08-14,Rupnagar,0.000195,0.0,0.002224,0.0,0.009392
2015,2015-08-14,Sahibzada Ajit Singh Nagar,-5.6e-05,0.0,0.001973,0.0,0.009142
2015,2015-08-14,Sangrur,0.000217,0.0,0.002245,0.0,0.009414
2015,2015-08-14,Tarn Taran,0.006036,0.004008,0.008064,0.0,0.015233
2015,2015-08-24,Amritsar,0.002075,4.7e-05,0.004104,0.0,0.011273
2015,2015-08-24,Barnala,0.000536,0.0,0.002564,0.0,0.009733
2015,2015-08-24,Bathinda,0.001176,0.0,0.003205,0.0,0.010374
2015,2015-08-24,Faridkot,0.000813,0.0,0.002841,0.0,0.01001
2015,2015-08-24,Fatehgarh Sahib,0.001928,0.0,0.003957,0.0,0.011126
2015,2015-08-24,Firozpur,0.008996,0.006967,0.011024,0.0,0.018193
2015,2015-08-24,Gurdaspur,0.003105,0.001076,0.005133,0.0,0.012302
2015,2015-08-24,Hoshiarpur,0.001324,0.0,0.003352,0.0,0.010521
2015,2015-08-24,Jalandhar,0.002317,0.000289,0.004345,0.0,0.011514
2015,2015-08-24,Kapurthala,0.014123,0.012095,0.016151,0.004926,0.02332
2015,2015-08-24,Ludhiana,0.001545,0.0,0.003573,0.0,0.010742
2015,2015-08-24,Mansa,0.001079,0.0,0.003107,0.0,0.010276
2015,2015-08-24,Moga,0.001465,0.0,0.003493,0.0,0.010662
2015,2015-08-24,Muktsar,0.001027,0.0,0.003055,0.0,0.010224
2015,2015-08-24,Nawanshahr,0.00191,0.0,0.003939,0.0,0.011107
2015,2015-08-24,Patiala,-0.000296,0.0,0.001732,0.0,0.008901
2015,2015-08-24,Rupnagar,0.001655,0.0,0.003683,0.0,0.010852
2015,2015-08-24,Sahibzada Ajit Singh Nagar,0.000743,0.0,0.002772,0.0,0.009941
2015,2015-08-24,Sangrur,0.000265,0.0,0.002294,0.0,0.009462
2015,2015-08-24,Tarn Taran,0.0114,0.009372,0.013428,0.002203,0.020597
2015,2015-09-03,Amritsar,0.001388,0.0,0.003416,0.0,0.010585
2015,2015-09-03,Barnala,-0.000242,0.0,0.001786,0.0,0.008955
2015,2015-09-03,Bathinda,8e-05,0.0,0.002108,0.0,0.009277
2015,2015-09-03,Faridkot,-0.000241,0.0,0.001787,0.0,0.008956
2015,2015-09-03,Fatehgarh Sahib,0.000223,0.0,0.002251,0.0,0.00942
2015,2015-09-03,Firozpur,0.003085,0.001057,0.005113,0.0,0.012282
2015,2015-09-03,Gurdaspur,0.001387,0.0,0.003415,0.0,0.010584
2015,2015-09-03,Hoshiarpur,-0.000452,0.0,0.001577,0.0,0.008745
2015,2015-09-03,Jalandhar,0.001473,0.0,0.003501,0.0,0.01067
2015,2015-09-03,Kapurthala,0.004066,0.002038,0.006095,0.0,0.013263
2015,2015-09-03,Ludhiana,0.000239,0.0,0.002267,0.0,0.009436
2015,2015-09-03,Mansa,-0.000612,0.0,0.001416,0.0,0.008585
2015,2015-09-03,Moga,7.2e-05,0.0,0.0021,0.0,0.009269
2015,2015-09-03,Muktsar,-7.2e-05,0.0,0.001957,0.0,0.009125
2015,2015-09-03,Nawanshahr,0.000482,0.0,0.00251,0.0,0.009679
2015,2015-09-03,Patiala,-0.000781,0.0,0.001247,0.0,0.008416
2015,2015-09-03,Rupnagar,0.000558,0.0,0.002586,0.0,0.009755
2015,2015-09-03,Sahibzada Ajit Singh Nagar,-3.4e-05,0.0,0.001994,0.0,0.009163
2015,2015-09-03,Sangrur,-0.00044,0.0,0.001589,0.0,0.008758
2015,2015-09-03,Tarn Taran,0.004201,0.002173,0.006229,0.0,0.013398
2015,2015-09-13,Amritsar,0.001881,0.0,0.003909,0.0,0.011078
2015,2015-09-13,Barnala,-0.000247,0.0,0.001782,0.0,0.008951
2015,2015-09-13,Bathinda,-4.2e-05,0.0,0.001986,0.0,0.009155
2015,2015-09-13,Faridkot,-0.000957,0.0,0.001071,0.0,0.00824
2015,2015-09-13,Fatehgarh Sahib,0.000225,0.0,0.002253,0.0,0.009422
2015,2015-09-13,Firozpur,-0.000753,0.0,0.001276,0.0,0.008444
2015,2015-09-13,Gurdaspur,0.000284,0.0,0.002313,0.0,0.009482
2015,2015-09-13,Hoshiarpur,-0.000985,0.0,0.001043,0.0,0.008212
2015,2015-09-13,Jalandhar,0.002397,0.000369,0.004425,0.0,0.011594
2015,2015-09-13,Kapurthala,0.003774,0.001745,0.005802,0.0,0.012971
2015,2015-09-13,Ludhiana,0.000123,0.0,0.002151,0.0,0.00932
2015,2015-09-13,Mansa,6.9e-05,0.0,0.002097,0.0,0.009266
2015,2015-09-13,Moga,1.1e-05,0.0,0.002039,0.0,0.009208
2015,2015-09-13,Muktsar,-0.000194,0.0,0.001834,0.0,0.009003
2015,2015-09-13,Nawanshahr,0.000921,0.0,0.002949,0.0,0.010118
2015,2015-09-13,Patiala,-0.000515,0.0,0.001514,0.0,0.008682
2015,2015-09-13,Rupnagar,0.00056,0.0,0.002589,0.0,0.009758
2015,2015-09-13,Sahibzada Ajit Singh Nagar,1.8e-05,0.0,0.002046,0.0,0.009215
2015,2015-09-13,Sangrur,-0.000555,0.0,0.001474,0.0,0.008643
2015,2015-09-13,Tarn Taran,0.001738,0.0,0.003766,0.0,0.010935
2015,2015-09-23,Amritsar,0.001054,0.0,0.003082,0.0,0.010251
2015,2015-09-23,Barnala,-0.000201,0.0,0.001828,0.0,0.008997
2015,2015-09-23,Bathinda,4e-06,0.0,0.002032,0.0,0.009201
2015,2015-09-23,Faridkot,-0.0002,0.0,0.001829,0.0,0.008998
2015,2015-09-23,Fatehgarh Sahib,0.000271,0.0,0.002299,0.0,0.009468
2015,2015-09-23,Firozpur,-0.000517,0.0,0.001511,0.0,0.00868
2015,2015-09-23,Gurdaspur,-0.000529,0.0,0.001499,0.0,0.008668
2015,2015-09-23,Hoshiarpur,1.3e-05,0.0,0.002042,0.0,0.00921
2015,2015-09-23,Jalandhar,0.00148,0.0,0.003508,0.0,0.010677
2015,2015-09-23,Kapurthala,0.002911,0.000883,0.004939,0.0,0.012108
2015,2015-09-23,Ludhiana,0.000169,0.0,0.002197,0.0,0.009366
2015,2015-09-23,Mansa,-9.6e-05,0.0,0.001932,0.0,0.009101
2015,2015-09-23,Moga,5.7e-05,0.0,0.002085,0.0,0.009254
2015,2015-09-23,Muktsar,-0.000148,0.0,0.00188,0.0,0.009049
2015,2015-09-23,Nawanshahr,0.001029,0.0,0.003057,0.0,0.010226
2015,2015-09-23,Patiala,-0.000568,0.0,0.00146,0.0,0.008629
2015,2015-09-23,Rupnagar,0.000606,0.0,0.002635,0.0,0.009803
2015,2015-09-23,Sahibzada Ajit Singh Nagar,6.4e-05,0.0,0.002092,0.0,0.009261
2015,2015-09-23,Sangrur,-0.000626,0.0,0.001403,0.0,0.008572
2015,2015-09-23,Tarn Taran,-0.000321,0.0,0.001707,0.0,0.008876
2016,2016-07-25,Amritsar,3.2e-05,0.0,0.002031,0.0,0.008926
2016,2016-07-25,Barnala,0.000162,0.0,0.002162,0.0,0.009057
2016,2016-07-25,Bathinda,-1.6e-05,0.0,0.001983,0.0,0.008878
2016,2016-07-25,Faridkot,-4e-06,0.0,0.001995,0.0,0.00889
2016,2016-07-25,Fatehgarh Sahib,7e-05,0.0,0.002069,0.0,0.008964
2016,2016-07-25,Firozpur,7.2e-05,0.0,0.002071,0.0,0.008966
2016,2016-07-25,Gurdaspur,0.000268,0.0,0.002268,0.0,0.009162
2016,2016-07-25,Hoshiarpur,3.8e-05,0.0,0.002037,0.0,0.008932
2016,2016-07-25,Jalandhar,0.000276,0.0,0.002275,0.0,0.00917
2016,2016-07-25,Kapurthala,0.004416,0.002416,0.006415,0.0,0.01331
2016,2016-07-25,Ludhiana,0.000233,0.0,0.002232,0.0,0.009127
2016,2016-07-25,Mansa,0.000411,0.0,0.002411,0.0,0.009305
2016,2016-07-25,Moga,1.2e-05,0.0,0.002012,0.0,0.008906
2016,2016-07-25,Muktsar,4.1e-05,0.0,0.00204,0.0,0.008935
2016,2016-07-25,Nawanshahr,8.3e-05,0.0,0.002082,0.0,0.008977
2016,2016-07-25,Patiala,0.000267,0.0,0.002266,0.0,0.009161
2016,2016-07-25,Rupnagar,1e-06,0.0,0.002,0.0,0.008895
2016,2016-07-25,Sahibzada Ajit Singh Nagar,-4e-06,0.0,0.001995,0.0,0.00889
2016,2016-07-25,Sangrur,0.000195,0.0,0.002195,0.0,0.009089
2016,2016-07-25,Tarn Taran,0.000872,0.0,0.002871,0.0,0.009766
2016,2016-08-04,Amritsar,0.008082,0.006082,0.010081,0.0,0.016976
2016,2016-08-04,Barnala,0.003865,0.001866,0.005865,0.0,0.012759
2016,2016-08-04,Bathinda,0.007657,0.005657,0.009656,0.0,0.016551
2016,2016-08-04,Faridkot,0.000862,0.0,0.002861,0.0,0.009756
2016,2016-08-04,Fatehgarh Sahib,0.007618,0.005618,0.009617,0.0,0.016512
2016,2016-08-04,Firozpur,0.005757,0.003758,0.007757,0.0,0.014651
2016,2016-08-04,Gurdaspur,0.009148,0.007148,0.011147,0.000254,0.018042
2016,2016-08-04,Hoshiarpur,0.013369,0.01137,0.015369,0.004475,0.022263
2016,2016-08-04,Jalandhar,0.007879,0.00588,0.009879,0.0,0.016773
2016,2016-08-04,Kapurthala,0.011126,0.009126,0.013125,0.002232,0.02002
2016,2016-08-04,Ludhiana,0.006199,0.004199,0.008198,0.0,0.015093
2016,2016-08-04,Mansa,0.008251,0.006251,0.01025,0.0,0.017145
2016,2016-08-04,Moga,0.006362,0.004362,0.008361,0.0,0.015256
2016,2016-08-04,Muktsar,0.004058,0.002058,0.006057,0.0,0.012952
2016,2016-08-04,Nawanshahr,0.015166,0.013167,0.017166,0.006272,0.02406
2016,2016-08-04,Patiala,0.005117,0.003117,0.007116,0.0,0.014011
2016,2016-08-04,Rupnagar,0.01113,0.00913,0.013129,0.002236,0.020024
2016,2016-08-04,Sahibzada Ajit Singh Nagar,0.000613,0.0,0.002612,0.0,0.009507
2016,2016-08-04,Sangrur,0.00495,0.00295,0.006949,0.0,0.013844
2016,2016-08-04,Tarn Taran,0.009501,0.007502,0.011501,0.000607,0.018395
2016,2016-08-14,Amritsar,-1e-06,0.0,0.001998,0.0,0.008893
2016,2016-08-14,Barnala,-4.9e-05,0.0,0.001951,0.0,0.008845
2016,2016-08-14,Bathinda,-3.8e-05,0.0,0.001961,0.0,0.008856
2016,2016-08-14,Faridkot,-4.9e-05,0.0,0.001951,0.0,0.008845
2016,2016-08-14,Fatehgarh Sahib,-4.7e-05,0.0,0.001952,0.0,0.008847
2016,2016-08-14,Firozpur,0.000338,0.0,0.002338,0.0,0.009232
2016,2016-08-14,Gurdaspur,-0.000103,0.0,0.001896,0.0,0.008791
2016,2016-08-14,Hoshiarpur,-3.8e-05,0.0,0.001961,0.0,0.008856
2016,2016-08-14,Jalandhar,2e-05,0.0,0.00202,0.0,0.008914
2016,2016-08-14,Kapurthala,0.001788,0.0,0.003787,0.0,0.010682
2016,2016-08-14,Ludhiana,-2.6e-05,0.0,0.001973,0.0,0.008868
2016,2016-08-14,Mansa,-3e-05,0.0,0.001969,0.0,0.008864
2016,2016-08-14,Moga,-2.6e-05,0.0,0.001973,0.0,0.008868
2016,2016-08-14,Muktsar,-3.8e-05,0.0,0.001961,0.0,0.008856
2016,2016-08-14,Nawanshahr,-2.4e-05,0.0,0.001975,0.0,0.00887
2016,2016-08-14,Patiala,-0.000102,0.0,0.001897,0.0,0.008792
2016,2016-08-14,Rupnagar,-4.4e-05,0.0,0.001955,0.0,0.00885
2016,2016-08-14,Sahibzada Ajit Singh Nagar,-4.6e-05,0.0,0.001953,0.0,0.008848
2016,2016-08-14,Sangrur,-9.8e-05,0.0,0.001902,0.0,0.008796
2016,2016-08-14,Tarn Taran,0.001155,0.0,0.003155,0.0,0.010049
2016,2016-08-24,Amritsar,0.000186,0.0,0.002185,0.0,0.00908
2016,2016-08-24,Barnala,-7.4e-05,0.0,0.001925,0.0,0.00882
2016,2016-08-24,Bathinda,0.000508,0.0,0.002508,0.0,0.009402
2016,2016-08-24,Faridkot,8.9e-05,0.0,0.002088,0.0,0.008983
2016,2016-08-24,Fatehgarh Sahib,0.000464,0.0,0.002463,0.0,0.009358
2016,2016-08-24,Firozpur,-0.000135,0.0,0.001865,0.0,0.008759
2016,2016-08-24,Gurdaspur,7.6e-05,0.0,0.002076,0.0,0.008971
2016,2016-08-24,Hoshiarpur,-0.000114,0.0,0.001885,0.0,0.00878
2016,2016-08-24,Jalandhar,-2.8e-05,0.0,0.001972,0.0,0.008866
2016,2016-08-24,Kapurthala,0.001052,0.0,0.003051,0.0,0.009946
2016,2016-08-24,Ludhiana,0.000142,0.0,0.002142,0.0,0.009036
2016,2016-08-24,Mansa,0.000142,0.0,0.002142,0.0,0.009036
2016,2016-08-24,Moga,0.000508,0.0,0.002507,0.0,0.009402
2016,2016-08-24,Muktsar,-0.000114,0.0,0.001885,0.0,0.00878
2016,2016-08-24,Nawanshahr,0.000546,0.0,0.002545,0.0,0.00944
2016,2016-08-24,Patiala,0.000429,0.0,0.002428,0.0,0.009323
2016,2016-08-24,Rupnagar,0.000508,0.0,0.002508,0.0,0.009402
2016,2016-08-24,Sahibzada Ajit Singh Nagar,-3.3e-05,0.0,0.001966,0.0,0.008861
2016,2016-08-24,Sangrur,0.00047,0.0,0.00247,0.0,0.009364
2016,2016-08-24,Tarn Taran,0.001109,0.0,0.003109,0.0,0.010003
2016,2016-09-03,Amritsar,0.000102,0.0,0.002101,0.0,0.008996
2016,2016-09-03,Barnala,-8e-06,0.0,0.001991,0.0,0.008886
2016,2016-09-03,Bathinda,7e-06,0.0,0.002007,0.0,0.008901
2016,2016-09-03,Faridkot,-8e-06,0.0,0.001991,0.0,0.008886
2016,2016-09-03,Fatehgarh Sahib,-7e-06,0.0,0.001993,0.0,0.008887
2016,2016-09-03,Firozpur,-7.1e-05,0.0,0.001929,0.0,0.008824
2016,2016-09-03,Gurdaspur,3.2e-05,0.0,0.002031,0.0,0.008926
2016,2016-09-03,Hoshiarpur,7e-06,0.0,0.002007,0.0,0.008901
2016,2016-09-03,Jalandhar,0.000115,0.0,0.002115,0.0,0.009009
2016,2016-09-03,Kapurthala,3e-06,0.0,0.002002,0.0,0.008897
2016,2016-09-03,Ludhiana,4.3e-05,0.0,0.002043,0.0,0.008937
2016,2016-09-03,Mansa,1.5e-05,0.0,0.002015,0.0,0.008909
2016,2016-09-03,Moga,4.3e-05,0.0,0.002043,0.0,0.008937
2016,2016-09-03,Muktsar,7e-06,0.0,0.002007,0.0,0.008901
2016,2016-09-03,Nawanshahr,4.4e-05,0.0,0.002044,0.0,0.008939
2016,2016-09-03,Patiala,4.3e-05,0.0,0.002042,0.0,0.008937
2016,2016-09-03,Rupnagar,-4e-06,0.0,0.001996,0.0,0.00889
2016,2016-09-03,Sahibzada Ajit Singh Nagar,-8e-06,0.0,0.001991,0.0,0.008886
2016,2016-09-03,Sangrur,6e-05,0.0,0.00206,0.0,0.008955
2016,2016-09-03,Tarn Taran,0.000731,0.0,0.00273,0.0,0.009625
2016,2016-09-13,Amritsar,3.2e-05,0.0,0.002032,0.0,0.008926
2016,2016-09-13,Barnala,-2.1e-05,0.0,0.001979,0.0,0.008873
2016,2016-09-13,Bathinda,-1.6e-05,0.0,0.001983,0.0,0.008878
2016,2016-09-13,Faridkot,-2.1e-05,0.0,0.001979,0.0,0.008873
2016,2016-09-13,Fatehgarh Sahib,-2e-05,0.0,0.00198,0.0,0.008875
2016,2016-09-13,Firozpur,-0.000188,0.0,0.001812,0.0,0.008706
2016,2016-09-13,Gurdaspur,-3.8e-05,0.0,0.001962,0.0,0.008856
2016,2016-09-13,Hoshiarpur,-1.6e-05,0.0,0.001983,0.0,0.008878
2016,2016-09-13,Jalandhar,5.4e-05,0.0,0.002053,0.0,0.008948
2016,2016-09-13,Kapurthala,-0.000263,0.0,0.001737,0.0,0.008631
2016,2016-09-13,Ludhiana,-3e-06,0.0,0.001996,0.0,0.008891
2016,2016-09-13,Mansa,-1.6e-05,0.0,0.001983,0.0,0.008878
2016,2016-09-13,Moga,-3e-06,0.0,0.001996,0.0,0.008891
2016,2016-09-13,Muktsar,-1.6e-05,0.0,0.001983,0.0,0.008878
2016,2016-09-13,Nawanshahr,1.3e-05,0.0,0.002012,0.0,0.008907
2016,2016-09-13,Patiala,-1.9e-05,0.0,0.001981,0.0,0.008875
2016,2016-09-13,Rupnagar,-1.6e-05,0.0,0.001983,0.0,0.008878
2016,2016-09-13,Sahibzada Ajit Singh Nagar,-2.1e-05,0.0,0.001979,0.0,0.008873
2016,2016-09-13,Sangrur,-1e-06,0.0,0.001999,0.0,0.008893
2016,2016-09-13,Tarn Taran,0.000162,0.0,0.002161,0.0,0.009056
2016,2016-09-23,Amritsar,3.2e-05,0.0,0.002031,0.0,0.008926
2016,2016-09-23,Barnala,-2.9e-05,0.0,0.001971,0.0,0.008865
2016,2016-09-23,Bathinda,-2.5e-05,0.0,0.001975,0.0,0.008869
2016,2016-09-23,Faridkot,-2.9e-05,0.0,0.001971,0.0,0.008865
2016,2016-09-23,Fatehgarh Sahib,-2.8e-05,0.0,0.001972,0.0,0.008866
2016,2016-09-23,Firozpur,-0.000102,0.0,0.001897,0.0,0.008792
2016,2016-09-23,Gurdaspur,-1.3e-05,0.0,0.001987,0.0,0.008882
2016,2016-09-23,Hoshiarpur,-2.5e-05,0.0,0.001975,0.0,0.008869
2016,2016-09-23,Jalandhar,4.5e-05,0.0,0.002045,0.0,0.00894
2016,2016-09-23,Kapurthala,-0.000109,0.0,0.00189,0.0,0.008785
2016,2016-09-23,Ludhiana,-1.1e-05,0.0,0.001988,0.0,0.008883
2016,2016-09-23,Mansa,-1.7e-05,0.0,0.001983,0.0,0.008877
2016,2016-09-23,Moga,-1.1e-05,0.0,0.001988,0.0,0.008883
2016,2016-09-23,Muktsar,-2.5e-05,0.0,0.001975,0.0,0.00887
2016,2016-09-23,Nawanshahr,5e-06,0.0,0.002004,0.0,0.008899
2016,2016-09-23,Patiala,-2.7e-05,0.0,0.001972,0.0,0.008867
2016,2016-09-23,Rupnagar,-2.5e-05,0.0,0.001975,0.0,0.008869
2016,2016-09-23,Sahibzada Ajit Singh Nagar,-2.9e-05,0.0,0.001971,0.0,0.008865
2016,2016-09-23,Sangrur,-9e-06,0.0,0.00199,0.0,0.008885
2016,2016-09-23,Tarn Taran,0.000579,0.0,0.002578,0.0,0.009473
2017,2017-07-25,Amritsar,0.001518,0.0,0.003684,0.0,0.010856
2017,2017-07-25,Barnala,0.000181,0.0,0.002347,0.0,0.009519
2017,2017-07-25,Bathinda,8e-06,0.0,0.002174,0.0,0.009346
2017,2017-07-25,Faridkot,-2.2e-05,0.0,0.002144,0.0,0.009316
2017,2017-07-25,Fatehgarh Sahib,-3e-06,0.0,0.002163,0.0,0.009335
2017,2017-07-25,Firozpur,0.000413,0.0,0.002579,0.0,0.009751
2017,2017-07-25,Gurdaspur,0.000303,0.0,0.002469,0.0,0.009641
2017,2017-07-25,Hoshiarpur,1.1e-05,0.0,0.002177,0.0,0.009349
2017,2017-07-25,Jalandhar,9.3e-05,0.0,0.002259,0.0,0.009431
2017,2017-07-25,Kapurthala,0.00075,0.0,0.002916,0.0,0.010088
2017,2017-07-25,Ludhiana,4.2e-05,0.0,0.002208,0.0,0.00938
2017,2017-07-25,Mansa,-2.7e-05,0.0,0.002139,0.0,0.009311
2017,2017-07-25,Moga,0.000111,0.0,0.002277,0.0,0.009449
2017,2017-07-25,Muktsar,2.4e-05,0.0,0.00219,0.0,0.009362
2017,2017-07-25,Nawanshahr,4.7e-05,0.0,0.002213,0.0,0.009384
2017,2017-07-25,Patiala,4.7e-05,0.0,0.002213,0.0,0.009385
2017,2017-07-25,Rupnagar,8e-06,0.0,0.002174,0.0,0.009346
2017,2017-07-25,Sahibzada Ajit Singh Nagar,-2.2e-05,0.0,0.002144,0.0,0.009316
2017,2017-07-25,Sangrur,0.000132,0.0,0.002298,0.0,0.00947
2017,2017-07-25,Tarn Taran,0.001038,0.0,0.003204,0.0,0.010376
2017,2017-08-04,Amritsar,6e-05,0.0,0.002226,0.0,0.009398
2017,2017-08-04,Barnala,-8.2e-05,0.0,0.002084,0.0,0.009256
2017,2017-08-04,Bathinda,2.4e-05,0.0,0.002189,0.0,0.009361
2017,2017-08-04,Faridkot,-7e-06,0.0,0.002159,0.0,0.009331
2017,2017-08-04,Fatehgarh Sahib,1.2e-05,0.0,0.002178,0.0,0.00935
2017,2017-08-04,Firozpur,0.000312,0.0,0.002478,0.0,0.00965
2017,2017-08-04,Gurdaspur,2.1e-05,0.0,0.002187,0.0,0.009359
2017,2017-08-04,Hoshiarpur,-5.8e-05,0.0,0.002108,0.0,0.00928
2017,2017-08-04,Jalandhar,0.000124,0.0,0.00229,0.0,0.009462
2017,2017-08-04,Kapurthala,0.004519,0.002353,0.006685,0.0,0.013857
2017,2017-08-04,Ludhiana,-2e-06,0.0,0.002164,0.0,0.009336
2017,2017-08-04,Mansa,-4.4e-05,0.0,0.002122,0.0,0.009294
2017,2017-08-04,Moga,-2e-06,0.0,0.002164,0.0,0.009336
2017,2017-08-04,Muktsar,3.9e-05,0.0,0.002205,0.0,0.009377
2017,2017-08-04,Nawanshahr,1.5e-05,0.0,0.002181,0.0,0.009353
2017,2017-08-04,Patiala,4e-06,0.0,0.00217,0.0,0.009342
2017,2017-08-04,Rupnagar,2.4e-05,0.0,0.002189,0.0,0.009361
2017,2017-08-04,Sahibzada Ajit Singh Nagar,-7e-06,0.0,0.002159,0.0,0.009331
2017,2017-08-04,Sangrur,5.9e-05,0.0,0.002225,0.0,0.009397
2017,2017-08-04,Tarn Taran,0.001037,0.0,0.003203,0.0,0.010375
2017,2017-08-14,Amritsar,0.00048,0.0,0.002646,0.0,0.009818
2017,2017-08-14,Barnala,-2.8e-05,0.0,0.002138,0.0,0.00931
2017,2017-08-14,Bathinda,4e-05,0.0,0.002206,0.0,0.009378
2017,2017-08-14,Faridkot,2.9e-05,0.0,0.002195,0.0,0.009367
2017,2017-08-14,Fatehgarh Sahib,-7.3e-05,0.0,0.002093,0.0,0.009265
2017,2017-08-14,Firozpur,0.00187,0.0,0.004036,0.0,0.011208
2017,2017-08-14,Gurdaspur,0.000889,0.0,0.003055,0.0,0.010227
2017,2017-08-14,Hoshiarpur,9.7e-05,0.0,0.002263,0.0,0.009435
2017,2017-08-14,Jalandhar,0.000187,0.0,0.002353,0.0,0.009525
2017,2017-08-14,Kapurthala,0.011577,0.009411,0.013743,0.002239,0.020915
2017,2017-08-14,Ludhiana,8.4e-05,0.0,0.00225,0.0,0.009422
2017,2017-08-14,Mansa,4.1e-05,0.0,0.002207,0.0,0.009379
2017,2017-08-14,Moga,1.3e-05,0.0,0.002179,0.0,0.009351
2017,2017-08-14,Muktsar,-5.7e-05,0.0,0.002109,0.0,0.009281
2017,2017-08-14,Nawanshahr,3e-05,0.0,0.002196,0.0,0.009368
2017,2017-08-14,Patiala,5e-06,0.0,0.002171,0.0,0.009343
2017,2017-08-14,Rupnagar,4e-05,0.0,0.002206,0.0,0.009378
2017,2017-08-14,Sahibzada Ajit Singh Nagar,2.9e-05,0.0,0.002195,0.0,0.009367
2017,2017-08-14,Sangrur,1.2e-05,0.0,0.002178,0.0,0.00935
2017,2017-08-14,Tarn Taran,0.010017,0.007851,0.012183,0.000679,0.019355
2017,2017-08-24,Amritsar,0.000729,0.0,0.002895,0.0,0.010067
2017,2017-08-24,Barnala,0.000401,0.0,0.002567,0.0,0.009739
2017,2017-08-24,Bathinda,0.000415,0.0,0.002581,0.0,0.009753
2017,2017-08-24,Faridkot,0.000394,0.0,0.00256,0.0,0.009732
2017,2017-08-24,Fatehgarh Sahib,0.000401,0.0,0.002567,0.0,0.009739
2017,2017-08-24,Firozpur,0.000822,0.0,0.002988,0.0,0.010159
2017,2017-08-24,Gurdaspur,0.000521,0.0,0.002687,0.0,0.009859
2017,2017-08-24,Hoshiarpur,0.000189,0.0,0.002355,0.0,0.009527
2017,2017-08-24,Jalandhar,0.001241,0.0,0.003407,0.0,0.010579
2017,2017-08-24,Kapurthala,0.004237,0.002071,0.006403,0.0,0.013575
2017,2017-08-24,Ludhiana,0.000498,0.0,0.002664,0.0,0.009836
2017,2017-08-24,Mansa,0.000201,0.0,0.002367,0.0,0.009539
2017,2017-08-24,Moga,0.000272,0.0,0.002438,0.0,0.009609
2017,2017-08-24,Muktsar,0.000427,0.0,0.002593,0.0,0.009765
2017,2017-08-24,Nawanshahr,0.000761,0.0,0.002927,0.0,0.010099
2017,2017-08-24,Patiala,0.000351,0.0,0.002517,0.0,0.009689
2017,2017-08-24,Rupnagar,0.000415,0.0,0.002581,0.0,0.009753
2017,2017-08-24,Sahibzada Ajit Singh Nagar,0.000394,0.0,0.00256,0.0,0.009732
2017,2017-08-24,Sangrur,0.000447,0.0,0.002613,0.0,0.009785
2017,2017-08-24,Tarn Taran,0.003741,0.001575,0.005907,0.0,0.013079
2017,2017-09-03,Amritsar,0.000219,0.0,0.002385,0.0,0.009557
2017,2017-09-03,Barnala,0.000109,0.0,0.002275,0.0,0.009447
2017,2017-09-03,Bathinda,0.000123,0.0,0.002289,0.0,0.009461
2017,2017-09-03,Faridkot,0.000102,0.0,0.002268,0.0,0.00944
2017,2017-09-03,Fatehgarh Sahib,0.000109,0.0,0.002275,0.0,0.009447
2017,2017-09-03,Firozpur,0.000505,0.0,0.002671,0.0,0.009843
2017,2017-09-03,Gurdaspur,-7.8e-05,0.0,0.002088,0.0,0.00926
2017,2017-09-03,Hoshiarpur,0.000359,0.0,0.002525,0.0,0.009697
2017,2017-09-03,Jalandhar,0.000516,0.0,0.002682,0.0,0.009854
2017,2017-09-03,Kapurthala,0.001109,0.0,0.003275,0.0,0.010447
2017,2017-09-03,Ludhiana,0.000135,0.0,0.002301,0.0,0.009473
2017,2017-09-03,Mansa,7.6e-05,0.0,0.002242,0.0,0.009414
2017,2017-09-03,Moga,0.000135,0.0,0.002301,0.0,0.009473
2017,2017-09-03,Muktsar,0.000132,0.0,0.002298,0.0,0.00947
2017,2017-09-03,Nawanshahr,0.00022,0.0,0.002386,0.0,0.009558
2017,2017-09-03,Patiala,-0.000279,0.0,0.001886,0.0,0.009058
2017,2017-09-03,Rupnagar,8.6e-05,0.0,0.002252,0.0,0.009424
2017,2017-09-03,Sahibzada Ajit Singh Nagar,0.000336,0.0,0.002502,0.0,0.009674
2017,2017-09-03,Sangrur,-0.000257,0.0,0.001909,0.0,0.009081
2017,2017-09-03,Tarn Taran,0.003002,0.000836,0.005168,0.0,0.01234
2017,2017-09-13,Amritsar,0.000198,0.0,0.002364,0.0,0.009536
2017,2017-09-13,Barnala,0.000134,0.0,0.0023,0.0,0.009472
2017,2017-09-13,Bathinda,0.000148,0.0,0.002314,0.0,0.009486
2017,2017-09-13,Faridkot,0.000127,0.0,0.002293,0.0,0.009465
2017,2017-09-13,Fatehgarh Sahib,9.7e-05,0.0,0.002263,0.0,0.009435
2017,2017-09-13,Firozpur,0.001149,0.0,0.003315,0.0,0.010487
2017,2017-09-13,Gurdaspur,0.000294,0.0,0.00246,0.0,0.009632
2017,2017-09-13,Hoshiarpur,0.000111,0.0,0.002277,0.0,0.009449
2017,2017-09-13,Jalandhar,0.000226,0.0,0.002392,0.0,0.009564
2017,2017-09-13,Kapurthala,0.002236,7e-05,0.004402,0.0,0.011574
2017,2017-09-13,Ludhiana,0.000162,0.0,0.002328,0.0,0.0095
2017,2017-09-13,Mansa,0.000123,0.0,0.002289,0.0,0.009461
2017,2017-09-13,Moga,0.000162,0.0,0.002328,0.0,0.0095
2017,2017-09-13,Muktsar,0.000158,0.0,0.002324,0.0,0.009496
2017,2017-09-13,Nawanshahr,0.000159,0.0,0.002325,0.0,0.009497
2017,2017-09-13,Patiala,1.6e-05,0.0,0.002182,0.0,0.009354
2017,2017-09-13,Rupnagar,0.000148,0.0,0.002314,0.0,0.009486
2017,2017-09-13,Sahibzada Ajit Singh Nagar,0.000127,0.0,0.002293,0.0,0.009465
2017,2017-09-13,Sangrur,0.000407,0.0,0.002573,0.0,0.009745
2017,2017-09-13,Tarn Taran,0.00275,0.000584,0.004916,0.0,0.012088
2017,2017-09-23,Amritsar,7e-05,0.0,0.002236,0.0,0.009408
2017,2017-09-23,Barnala,1.2e-05,0.0,0.002178,0.0,0.00935
2017,2017-09-23,Bathinda,2.6e-05,0.0,0.002192,0.0,0.009364
2017,2017-09-23,Faridkot,5e-06,0.0,0.002171,0.0,0.009343
2017,2017-09-23,Fatehgarh Sahib,1.2e-05,0.0,0.002178,0.0,0.00935
2017,2017-09-23,Firozpur,-7e-06,0.0,0.002159,0.0,0.009331
2017,2017-09-23,Gurdaspur,8.6e-05,0.0,0.002252,0.0,0.009424
2017,2017-09-23,Hoshiarpur,2.7e-05,0.0,0.002193,0.0,0.009365
2017,2017-09-23,Jalandhar,9.8e-05,0.0,0.002264,0.0,0.009436
2017,2017-09-23,Kapurthala,0.000197,0.0,0.002363,0.0,0.009535
2017,2017-09-23,Ludhiana,4.6e-05,0.0,0.002212,0.0,0.009384
2017,2017-09-23,Mansa,3.9e-05,0.0,0.002205,0.0,0.009377
2017,2017-09-23,Moga,4.6e-05,0.0,0.002212,0.0,0.009384
2017,2017-09-23,Muktsar,3.8e-05,0.0,0.002204,0.0,0.009376
2017,2017-09-23,Nawanshahr,6.1e-05,0.0,0.002227,0.0,0.009399
2017,2017-09-23,Patiala,6e-05,0.0,0.002226,0.0,0.009398
2017,2017-09-23,Rupnagar,2.6e-05,0.0,0.002192,0.0,0.009364
2017,2017-09-23,Sahibzada Ajit Singh Nagar,5e-06,0.0,0.002171,0.0,0.009343
2017,2017-09-23,Sangrur,5.3e-05,0.0,0.002219,0.0,0.009391
2017,2017-09-23,Tarn Taran,0.001916,0.0,0.004082,0.0,0.011254
2018,2018-07-25,Amritsar,0.000418,0.0,0.002167,0.0,0.009263
2018,2018-07-25,Barnala,0.002947,0.001198,0.004696,0.0,0.011792
2018,2018-07-25,Bathinda,0.000119,0.0,0.001868,0.0,0.008965
2018,2018-07-25,Faridkot,0.000253,0.0,0.002001,0.0,0.009098
2018,2018-07-25,Fatehgarh Sahib,0.002978,0.001229,0.004727,0.0,0.011823
2018,2018-07-25,Firozpur,0.000246,0.0,0.001995,0.0,0.009092
2018,2018-07-25,Gurdaspur,0.000316,0.0,0.002065,0.0,0.009162
2018,2018-07-25,Hoshiarpur,0.000209,0.0,0.001957,0.0,0.009054
2018,2018-07-25,Jalandhar,0.001632,0.0,0.003381,0.0,0.010477
2018,2018-07-25,Kapurthala,0.000375,0.0,0.002124,0.0,0.00922
2018,2018-07-25,Ludhiana,0.002971,0.001222,0.00472,0.0,0.011817
2018,2018-07-25,Mansa,0.000217,0.0,0.001966,0.0,0.009062
2018,2018-07-25,Moga,0.00039,0.0,0.002139,0.0,0.009235
2018,2018-07-25,Muktsar,0.000381,0.0,0.00213,0.0,0.009226
2018,2018-07-25,Nawanshahr,0.000713,0.0,0.002462,0.0,0.009559
2018,2018-07-25,Patiala,0.002542,0.000793,0.004291,0.0,0.011388
2018,2018-07-25,Rupnagar,0.000745,0.0,0.002494,0.0,0.00959
2018,2018-07-25,Sahibzada Ajit Singh Nagar,0.000312,0.0,0.002061,0.0,0.009157
2018,2018-07-25,Sangrur,0.003274,0.001525,0.005023,0.0,0.012119
2018,2018-07-25,Tarn Taran,0.00056,0.0,0.002309,0.0,0.009405
2018,2018-08-04,Amritsar,0.005508,0.003759,0.007257,0.0,0.014353
2018,2018-08-04,Barnala,0.001224,0.0,0.002973,0.0,0.010069
2018,2018-08-04,Bathinda,0.005777,0.004028,0.007526,0.0,0.014622
2018,2018-08-04,Faridkot,0.001127,0.0,0.002876,0.0,0.009972
2018,2018-08-04,Fatehgarh Sahib,0.003155,0.001406,0.004904,0.0,0.012001
2018,2018-08-04,Firozpur,0.004932,0.003183,0.006681,0.0,0.013777
2018,2018-08-04,Gurdaspur,0.007587,0.005839,0.009336,0.0,0.016433
2018,2018-08-04,Hoshiarpur,0.001133,0.0,0.002882,0.0,0.009978
2018,2018-08-04,Jalandhar,0.006879,0.00513,0.008628,0.0,0.015725
2018,2018-08-04,Kapurthala,0.008537,0.006788,0.010286,0.0,0.017382
2018,2018-08-04,Ludhiana,0.004337,0.002588,0.006086,0.0,0.013182
2018,2018-08-04,Mansa,0.003723,0.001974,0.005472,0.0,0.012568
2018,2018-08-04,Moga,0.005039,0.00329,0.006788,0.0,0.013884
2018,2018-08-04,Muktsar,0.002332,0.000583,0.004081,0.0,0.011177
2018,2018-08-04,Nawanshahr,0.005071,0.003322,0.006819,0.0,0.013916
2018,2018-08-04,Patiala,0.004798,0.003049,0.006547,0.0,0.013643
2018,2018-08-04,Rupnagar,0.00329,0.001541,0.005039,0.0,0.012136
2018,2018-08-04,Sahibzada Ajit Singh Nagar,0.002243,0.000494,0.003992,0.0,0.011088
2018,2018-08-04,Sangrur,0.006324,0.004575,0.008073,0.0,0.01517
2018,2018-08-04,Tarn Taran,0.004722,0.002973,0.006471,0.0,0.013568
2018,2018-08-14,Amritsar,1.3e-05,0.0,0.001762,0.0,0.008859
2018,2018-08-14,Barnala,-0.000111,0.0,0.001637,0.0,0.008734
2018,2018-08-14,Bathinda,-0.000124,0.0,0.001625,0.0,0.008721
2018,2018-08-14,Faridkot,-0.000114,0.0,0.001635,0.0,0.008731
2018,2018-08-14,Fatehgarh Sahib,-0.000137,0.0,0.001611,0.0,0.008708
2018,2018-08-14,Firozpur,0.00014,0.0,0.001889,0.0,0.008986
2018,2018-08-14,Gurdaspur,0.000297,0.0,0.002045,0.0,0.009142
2018,2018-08-14,Hoshiarpur,-0.000116,0.0,0.001633,0.0,0.008729
2018,2018-08-14,Jalandhar,0.000244,0.0,0.001993,0.0,0.009089
2018,2018-08-14,Kapurthala,0.000425,0.0,0.002174,0.0,0.009271
2018,2018-08-14,Ludhiana,0.000126,0.0,0.001875,0.0,0.008971
2018,2018-08-14,Mansa,-8.6e-05,0.0,0.001663,0.0,0.00876
2018,2018-08-14,Moga,5e-06,0.0,0.001753,0.0,0.00885
2018,2018-08-14,Muktsar,-1.5e-05,0.0,0.001734,0.0,0.008831
2018,2018-08-14,Nawanshahr,-9e-05,0.0,0.001659,0.0,0.008755
2018,2018-08-14,Patiala,3.5e-05,0.0,0.001784,0.0,0.00888
2018,2018-08-14,Rupnagar,-0.000124,0.0,0.001625,0.0,0.008721
2018,2018-08-14,Sahibzada Ajit Singh Nagar,0.000111,0.0,0.001859,0.0,0.008956
2018,2018-08-14,Sangrur,6e-05,0.0,0.001809,0.0,0.008905
2018,2018-08-14,Tarn Taran,0.00012,0.0,0.001869,0.0,0.008965
2018,2018-08-24,Amritsar,-8.3e-05,0.0,0.001666,0.0,0.008762
2018,2018-08-24,Barnala,-4.3e-05,0.0,0.001705,0.0,0.008802
2018,2018-08-24,Bathinda,-2.6e-05,0.0,0.001722,0.0,0.008819
2018,2018-08-24,Faridkot,-5.2e-05,0.0,0.001697,0.0,0.008793
2018,2018-08-24,Fatehgarh Sahib,-4.3e-05,0.0,0.001706,0.0,0.008802
2018,2018-08-24,Firozpur,-0.00042,0.0,0.001328,0.0,0.008425
2018,2018-08-24,Gurdaspur,-9.7e-05,0.0,0.001652,0.0,0.008748
2018,2018-08-24,Hoshiarpur,-2.6e-05,0.0,0.001723,0.0,0.008819
2018,2018-08-24,Jalandhar,-1.8e-05,0.0,0.001731,0.0,0.008828
2018,2018-08-24,Kapurthala,0.000495,0.0,0.002243,0.0,0.00934
2018,2018-08-24,Ludhiana,-8.7e-05,0.0,0.001661,0.0,0.008758
2018,2018-08-24,Mansa,-8.8e-05,0.0,0.001661,0.0,0.008758
2018,2018-08-24,Moga,-1.5e-05,0.0,0.001734,0.0,0.00883
2018,2018-08-24,Muktsar,-9.9e-05,0.0,0.00165,0.0,0.008747
2018,2018-08-24,Nawanshahr,-5e-06,0.0,0.001744,0.0,0.00884
2018,2018-08-24,Patiala,-0.000138,0.0,0.00161,0.0,0.008707
2018,2018-08-24,Rupnagar,-2.6e-05,0.0,0.001722,0.0,0.008819
2018,2018-08-24,Sahibzada Ajit Singh Nagar,-5.2e-05,0.0,0.001697,0.0,0.008793
2018,2018-08-24,Sangrur,-0.000135,0.0,0.001614,0.0,0.008711
2018,2018-08-24,Tarn Taran,0.000741,0.0,0.00249,0.0,0.009587
2018,2018-09-03,Amritsar,0.000109,0.0,0.001857,0.0,0.008954
2018,2018-09-03,Barnala,4.5e-05,0.0,0.001794,0.0,0.008891
2018,2018-09-03,Bathinda,5.1e-05,0.0,0.0018,0.0,0.008897
2018,2018-09-03,Faridkot,4.1e-05,0.0,0.00179,0.0,0.008887
2018,2018-09-03,Fatehgarh Sahib,4.6e-05,0.0,0.001795,0.0,0.008891
2018,2018-09-03,Firozpur,6.2e-05,0.0,0.001811,0.0,0.008907
2018,2018-09-03,Gurdaspur,0.00016,0.0,0.001909,0.0,0.009005
2018,2018-09-03,Hoshiarpur,5.9e-05,0.0,0.001808,0.0,0.008905
2018,2018-09-03,Jalandhar,0.000129,0.0,0.001878,0.0,0.008974
2018,2018-09-03,Kapurthala,7.5e-05,0.0,0.001824,0.0,0.00892
2018,2018-09-03,Ludhiana,8.9e-05,0.0,0.001838,0.0,0.008934
2018,2018-09-03,Mansa,6.7e-05,0.0,0.001816,0.0,0.008913
2018,2018-09-03,Moga,8.9e-05,0.0,0.001838,0.0,0.008934
2018,2018-09-03,Muktsar,6.7e-05,0.0,0.001816,0.0,0.008913
2018,2018-09-03,Nawanshahr,9.6e-05,0.0,0.001845,0.0,0.008941
2018,2018-09-03,Patiala,0.000123,0.0,0.001872,0.0,0.008968
2018,2018-09-03,Rupnagar,5.1e-05,0.0,0.0018,0.0,0.008897
2018,2018-09-03,Sahibzada Ajit Singh Nagar,4.1e-05,0.0,0.00179,0.0,0.008887
2018,2018-09-03,Sangrur,6.9e-05,0.0,0.001818,0.0,0.008914
2018,2018-09-03,Tarn Taran,0.000484,0.0,0.002232,0.0,0.009329
2018,2018-09-13,Amritsar,4e-05,0.0,0.001789,0.0,0.008885
2018,2018-09-13,Barnala,1.5e-05,0.0,0.001764,0.0,0.00886
2018,2018-09-13,Bathinda,2.1e-05,0.0,0.00177,0.0,0.008866
2018,2018-09-13,Faridkot,1e-05,0.0,0.001759,0.0,0.008856
2018,2018-09-13,Fatehgarh Sahib,1.5e-05,0.0,0.001764,0.0,0.00886
2018,2018-09-13,Firozpur,-0.000135,0.0,0.001614,0.0,0.00871
2018,2018-09-13,Gurdaspur,3.8e-05,0.0,0.001786,0.0,0.008883
2018,2018-09-13,Hoshiarpur,2.1e-05,0.0,0.00177,0.0,0.008866
2018,2018-09-13,Jalandhar,8e-05,0.0,0.001828,0.0,0.008925
2018,2018-09-13,Kapurthala,-5.6e-05,0.0,0.001693,0.0,0.008789
2018,2018-09-13,Ludhiana,3.6e-05,0.0,0.001784,0.0,0.008881
2018,2018-09-13,Mansa,4.2e-05,0.0,0.001791,0.0,0.008888
2018,2018-09-13,Moga,3.6e-05,0.0,0.001784,0.0,0.008881
2018,2018-09-13,Muktsar,4.2e-05,0.0,0.001791,0.0,0.008888
2018,2018-09-13,Nawanshahr,4.2e-05,0.0,0.001791,0.0,0.008887
2018,2018-09-13,Patiala,1e-06,0.0,0.00175,0.0,0.008846
2018,2018-09-13,Rupnagar,2.1e-05,0.0,0.00177,0.0,0.008866
2018,2018-09-13,Sahibzada Ajit Singh Nagar,1e-05,0.0,0.001759,0.0,0.008856
2018,2018-09-13,Sangrur,6e-06,0.0,0.001755,0.0,0.008852
2018,2018-09-13,Tarn Taran,0.000215,0.0,0.001964,0.0,0.00906
2018,2018-09-23,Amritsar,0.00083,0.0,0.002579,0.0,0.009676
2018,2018-09-23,Barnala,0.009197,0.007448,0.010946,0.000352,0.018043
2018,2018-09-23,Bathinda,0.009338,0.007589,0.011087,0.000493,0.018183
2018,2018-09-23,Faridkot,0.000568,0.0,0.002317,0.0,0.009414
2018,2018-09-23,Fatehgarh Sahib,0.011083,0.009334,0.012832,0.002238,0.019929
2018,2018-09-23,Firozpur,0.003892,0.002144,0.005641,0.0,0.012738
2018,2018-09-23,Gurdaspur,0.002831,0.001082,0.00458,0.0,0.011677
2018,2018-09-23,Hoshiarpur,0.000592,0.0,0.002341,0.0,0.009437
2018,2018-09-23,Jalandhar,0.000749,0.0,0.002497,0.0,0.009594
2018,2018-09-23,Kapurthala,0.016522,0.014773,0.018271,0.007676,0.025367
2018,2018-09-23,Ludhiana,-0.000353,0.0,0.001396,0.0,0.008492
2018,2018-09-23,Mansa,0.011814,0.010065,0.013563,0.002968,0.020659
2018,2018-09-23,Moga,0.011233,0.009484,0.012982,0.002388,0.020078
2018,2018-09-23,Muktsar,-0.001813,0.0,-6.4e-05,0.0,0.007032
2018,2018-09-23,Nawanshahr,0.011628,0.009879,0.013377,0.002783,0.020473
2018,2018-09-23,Patiala,0.006212,0.004463,0.007961,0.0,0.015057
2018,2018-09-23,Rupnagar,0.012572,0.010823,0.014321,0.003726,0.021417
2018,2018-09-23,Sahibzada Ajit Singh Nagar,0.00023,0.0,0.001979,0.0,0.009076
2018,2018-09-23,Sangrur,0.006264,0.004515,0.008013,0.0,0.015109
2018,2018-09-23,Tarn Taran,0.007354,0.005605,0.009103,0.0,0.0162
2019,2019-07-25,Amritsar,0.000187,0.0,0.001935,0.0,0.00899
2019,2019-07-25,Barnala,0.000713,0.0,0.002462,0.0,0.009516
2019,2019-07-25,Bathinda,0.002504,0.000756,0.004253,0.0,0.011308
2019,2019-07-25,Faridkot,0.00182,7.2e-05,0.003569,0.0,0.010624
2019,2019-07-25,Fatehgarh Sahib,3e-06,0.0,0.001752,0.0,0.008806
2019,2019-07-25,Firozpur,0.002112,0.000363,0.003861,0.0,0.010916
2019,2019-07-25,Gurdaspur,0.000229,0.0,0.001977,0.0,0.009032
2019,2019-07-25,Hoshiarpur,8e-06,0.0,0.001757,0.0,0.008812
2019,2019-07-25,Jalandhar,0.000229,0.0,0.001978,0.0,0.009033
2019,2019-07-25,Kapurthala,0.000259,0.0,0.002008,0.0,0.009063
2019,2019-07-25,Ludhiana,0.00013,0.0,0.001879,0.0,0.008934
2019,2019-07-25,Mansa,0.00301,0.001261,0.004759,0.0,0.011813
2019,2019-07-25,Moga,0.000212,0.0,0.001961,0.0,0.009016
2019,2019-07-25,Muktsar,0.00281,0.001062,0.004559,0.0,0.011614
2019,2019-07-25,Nawanshahr,1.2e-05,0.0,0.001761,0.0,0.008815
2019,2019-07-25,Patiala,2.5e-05,0.0,0.001774,0.0,0.008829
2019,2019-07-25,Rupnagar,3e-06,0.0,0.001752,0.0,0.008806
2019,2019-07-25,Sahibzada Ajit Singh Nagar,3e-06,0.0,0.001752,0.0,0.008806
2019,2019-07-25,Sangrur,0.001332,0.0,0.003081,0.0,0.010136
2019,2019-07-25,Tarn Taran,0.001344,0.0,0.003093,0.0,0.010148
2019,2019-08-04,Amritsar,-2.6e-05,0.0,0.001722,0.0,0.008777
2019,2019-08-04,Barnala,-5.1e-05,0.0,0.001698,0.0,0.008753
2019,2019-08-04,Bathinda,0.000205,0.0,0.001954,0.0,0.009009
2019,2019-08-04,Faridkot,0.000162,0.0,0.001911,0.0,0.008966
2019,2019-08-04,Fatehgarh Sahib,-5.1e-05,0.0,0.001698,0.0,0.008753
2019,2019-08-04,Firozpur,6.7e-05,0.0,0.001816,0.0,0.008871
2019,2019-08-04,Gurdaspur,8.8e-05,0.0,0.001837,0.0,0.008892
2019,2019-08-04,Hoshiarpur,-5.1e-05,0.0,0.001698,0.0,0.008752
2019,2019-08-04,Jalandhar,9.2e-05,0.0,0.001841,0.0,0.008896
2019,2019-08-04,Kapurthala,0.000365,0.0,0.002113,0.0,0.009168
2019,2019-08-04,Ludhiana,-2.6e-05,0.0,0.001723,0.0,0.008778
2019,2019-08-04,Mansa,0.000166,0.0,0.001915,0.0,0.008969
2019,2019-08-04,Moga,-2.6e-05,0.0,0.001723,0.0,0.008778
2019,2019-08-04,Muktsar,0.00047,0.0,0.002219,0.0,0.009273
2019,2019-08-04,Nawanshahr,0.000206,0.0,0.001955,0.0,0.009009
2019,2019-08-04,Patiala,0.000364,0.0,0.002113,0.0,0.009167
2019,2019-08-04,Rupnagar,-5.1e-05,0.0,0.001698,0.0,0.008753
2019,2019-08-04,Sahibzada Ajit Singh Nagar,-5.1e-05,0.0,0.001698,0.0,0.008753
2019,2019-08-04,Sangrur,0.001398,0.0,0.003147,0.0,0.010202
2019,2019-08-04,Tarn Taran,0.000343,0.0,0.002092,0.0,0.009146
2019,2019-08-14,Amritsar,6.1e-05,0.0,0.00181,0.0,0.008864
2019,2019-08-14,Barnala,2.9e-05,0.0,0.001778,0.0,0.008832
2019,2019-08-14,Bathinda,2.9e-05,0.0,0.001778,0.0,0.008832
2019,2019-08-14,Faridkot,2.9e-05,0.0,0.001778,0.0,0.008832
2019,2019-08-14,Fatehgarh Sahib,2.9e-05,0.0,0.001778,0.0,0.008832
2019,2019-08-14,Firozpur,0.000213,0.0,0.001961,0.0,0.009016
2019,2019-08-14,Gurdaspur,0.000402,0.0,0.00215,0.0,0.009205
2019,2019-08-14,Hoshiarpur,4.4e-05,0.0,0.001793,0.0,0.008848
2019,2019-08-14,Jalandhar,0.000524,0.0,0.002273,0.0,0.009328
2019,2019-08-14,Kapurthala,0.000938,0.0,0.002687,0.0,0.009742
2019,2019-08-14,Ludhiana,3.8e-05,0.0,0.001787,0.0,0.008842
2019,2019-08-14,Mansa,4.8e-05,0.0,0.001797,0.0,0.008851
2019,2019-08-14,Moga,0.00033,0.0,0.002079,0.0,0.009134
2019,2019-08-14,Muktsar,0.000415,0.0,0.002164,0.0,0.009219
2019,2019-08-14,Nawanshahr,7e-05,0.0,0.001819,0.0,0.008874
2019,2019-08-14,Patiala,-0.000154,0.0,0.001595,0.0,0.00865
2019,2019-08-14,Rupnagar,2.9e-05,0.0,0.001778,0.0,0.008832
2019,2019-08-14,Sahibzada Ajit Singh Nagar,2.9e-05,0.0,0.001778,0.0,0.008832
2019,2019-08-14,Sangrur,-7.6e-05,0.0,0.001673,0.0,0.008728
2019,2019-08-14,Tarn Taran,0.001011,0.0,0.00276,0.0,0.009814
2019,2019-08-24,Amritsar,0.00124,0.0,0.002989,0.0,0.010043
2019,2019-08-24,Barnala,0.000222,0.0,0.001971,0.0,0.009025
2019,2019-08-24,Bathinda,0.000222,0.0,0.001971,0.0,0.009025
2019,2019-08-24,Faridkot,0.000222,0.0,0.001971,0.0,0.009025
2019,2019-08-24,Fatehgarh Sahib,0.007249,0.005501,0.008998,0.0,0.016053
2019,2019-08-24,Firozpur,0.007845,0.006097,0.009594,0.0,0.016649
2019,2019-08-24,Gurdaspur,0.001329,0.0,0.003078,0.0,0.010133
2019,2019-08-24,Hoshiarpur,0.000494,0.0,0.002242,0.0,0.009297
2019,2019-08-24,Jalandhar,0.009227,0.007478,0.010976,0.000423,0.01803
2019,2019-08-24,Kapurthala,0.029355,0.027606,0.031104,0.020552,0.038159
2019,2019-08-24,Ludhiana,0.00799,0.006241,0.009739,0.0,0.016794
2019,2019-08-24,Mansa,0.000214,0.0,0.001963,0.0,0.009017
2019,2019-08-24,Moga,0.004233,0.002484,0.005982,0.0,0.013036
2019,2019-08-24,Muktsar,0.000214,0.0,0.001963,0.0,0.009017
2019,2019-08-24,Nawanshahr,0.010842,0.009093,0.012591,0.002038,0.019645
2019,2019-08-24,Patiala,0.004479,0.00273,0.006227,0.0,0.013282
2019,2019-08-24,Rupnagar,0.00909,0.007341,0.010839,0.000287,0.017894
2019,2019-08-24,Sahibzada Ajit Singh Nagar,0.000514,0.0,0.002263,0.0,0.009318
2019,2019-08-24,Sangrur,0.002713,0.000964,0.004462,0.0,0.011516
2019,2019-08-24,Tarn Taran,0.007792,0.006043,0.009541,0.0,0.016596
2019,2019-09-03,Amritsar,0.000471,0.0,0.00222,0.0,0.009274
2019,2019-09-03,Barnala,9.1e-05,0.0,0.00184,0.0,0.008895
2019,2019-09-03,Bathinda,9.1e-05,0.0,0.00184,0.0,0.008895
2019,2019-09-03,Faridkot,9.1e-05,0.0,0.00184,0.0,0.008895
2019,2019-09-03,Fatehgarh Sahib,9.1e-05,0.0,0.00184,0.0,0.008895
2019,2019-09-03,Firozpur,0.002678,0.000929,0.004427,0.0,0.011482
2019,2019-09-03,Gurdaspur,0.000669,0.0,0.002418,0.0,0.009472
2019,2019-09-03,Hoshiarpur,0.000107,0.0,0.001856,0.0,0.00891
2019,2019-09-03,Jalandhar,0.002731,0.000982,0.00448,0.0,0.011535
2019,2019-09-03,Kapurthala,0.011456,0.009707,0.013205,0.002653,0.02026
2019,2019-09-03,Ludhiana,0.000425,0.0,0.002174,0.0,0.009229
2019,2019-09-03,Mansa,0.00011,0.0,0.001859,0.0,0.008914
2019,2019-09-03,Moga,0.000459,0.0,0.002208,0.0,0.009263
2019,2019-09-03,Muktsar,0.00011,0.0,0.001859,0.0,0.008914
2019,2019-09-03,Nawanshahr,0.00086,0.0,0.002609,0.0,0.009664
2019,2019-09-03,Patiala,0.000474,0.0,0.002223,0.0,0.009278
2019,2019-09-03,Rupnagar,0.000237,0.0,0.001986,0.0,0.00904
2019,2019-09-03,Sahibzada Ajit Singh Nagar,9.1e-05,0.0,0.00184,0.0,0.008895
2019,2019-09-03,Sangrur,0.000391,0.0,0.00214,0.0,0.009195
2019,2019-09-03,Tarn Taran,0.004031,0.002282,0.00578,0.0,0.012834
2019,2019-09-13,Amritsar,0.000471,0.0,0.00222,0.0,0.009275
2019,2019-09-13,Barnala,0.000102,0.0,0.001851,0.0,0.008905
2019,2019-09-13,Bathinda,0.000102,0.0,0.001851,0.0,0.008905
2019,2019-09-13,Faridkot,0.000102,0.0,0.001851,0.0,0.008905
2019,2019-09-13,Fatehgarh Sahib,0.000102,0.0,0.001851,0.0,0.008905
2019,2019-09-13,Firozpur,0.001909,0.00016,0.003658,0.0,0.010712
2019,2019-09-13,Gurdaspur,0.000407,0.0,0.002156,0.0,0.009211
2019,2019-09-13,Hoshiarpur,0.000107,0.0,0.001856,0.0,0.008911
2019,2019-09-13,Jalandhar,0.003552,0.001803,0.005301,0.0,0.012356
2019,2019-09-13,Kapurthala,0.007164,0.005415,0.008913,0.0,0.015967
2019,2019-09-13,Ludhiana,0.000448,0.0,0.002197,0.0,0.009252
2019,2019-09-13,Mansa,0.000111,0.0,0.00186,0.0,0.008914
2019,2019-09-13,Moga,0.000478,0.0,0.002227,0.0,0.009282
2019,2019-09-13,Muktsar,0.000111,0.0,0.00186,0.0,0.008914
2019,2019-09-13,Nawanshahr,0.000638,0.0,0.002387,0.0,0.009441
2019,2019-09-13,Patiala,0.00047,0.0,0.002219,0.0,0.009274
2019,2019-09-13,Rupnagar,0.000102,0.0,0.001851,0.0,0.008905
2019,2019-09-13,Sahibzada Ajit Singh Nagar,0.000102,0.0,0.001851,0.0,0.008905
2019,2019-09-13,Sangrur,0.000415,0.0,0.002164,0.0,0.009218
2019,2019-09-13,Tarn Taran,0.003355,0.001606,0.005104,0.0,0.012158
2019,2019-09-23,Amritsar,0.000466,0.0,0.002214,0.0,0.009269
2019,2019-09-23,Barnala,9.6e-05,0.0,0.001845,0.0,0.008899
2019,2019-09-23,Bathinda,9.6e-05,0.0,0.001845,0.0,0.008899
2019,2019-09-23,Faridkot,9.6e-05,0.0,0.001845,0.0,0.008899
2019,2019-09-23,Fatehgarh Sahib,9.6e-05,0.0,0.001845,0.0,0.008899
2019,2019-09-23,Firozpur,0.002202,0.000453,0.003951,0.0,0.011006
2019,2019-09-23,Gurdaspur,0.000402,0.0,0.00215,0.0,0.009205
2019,2019-09-23,Hoshiarpur,0.000101,0.0,0.00185,0.0,0.008905
2019,2019-09-23,Jalandhar,0.002328,0.000579,0.004076,0.0,0.011131
2019,2019-09-23,Kapurthala,0.007292,0.005543,0.009041,0.0,0.016095
2019,2019-09-23,Ludhiana,0.000123,0.0,0.001872,0.0,0.008926
2019,2019-09-23,Mansa,0.000105,0.0,0.001854,0.0,0.008909
2019,2019-09-23,Moga,0.000123,0.0,0.001872,0.0,0.008926
2019,2019-09-23,Muktsar,0.000105,0.0,0.001854,0.0,0.008909
2019,2019-09-23,Nawanshahr,0.000479,0.0,0.002228,0.0,0.009283
2019,2019-09-23,Patiala,0.000373,0.0,0.002122,0.0,0.009177
2019,2019-09-23,Rupnagar,9.6e-05,0.0,0.001845,0.0,0.008899
2019,2019-09-23,Sahibzada Ajit Singh Nagar,9.6e-05,0.0,0.001845,0.0,0.008899
2019,2019-09-23,Sangrur,0.000409,0.0,0.002158,0.0,0.009213
2019,2019-09-23,Tarn Taran,0.003494,0.001745,0.005242,0.0,0.012297
2020,2020-07-25,Amritsar,6.3e-05,0.0,0.002245,0.0,0.009455
2020,2020-07-25,Barnala,8.4e-05,0.0,0.002267,0.0,0.009477
2020,2020-07-25,Bathinda,0.000153,0.0,0.002336,0.0,0.009546
2020,2020-07-25,Faridkot,0.000128,0.0,0.002311,0.0,0.009521
2020,2020-07-25,Fatehgarh Sahib,0.000778,0.0,0.002961,0.0,0.010171
2020,2020-07-25,Firozpur,0.000624,0.0,0.002807,0.0,0.010017
2020,2020-07-25,Gurdaspur,0.000135,0.0,0.002318,0.0,0.009528
2020,2020-07-25,Hoshiarpur,9e-06,0.0,0.002192,0.0,0.009402
2020,2020-07-25,Jalandhar,0.001269,0.0,0.003452,0.0,0.010662
2020,2020-07-25,Kapurthala,0.002356,0.000173,0.004539,0.0,0.011749
2020,2020-07-25,Ludhiana,0.000427,0.0,0.00261,0.0,0.00982
2020,2020-07-25,Mansa,0.000424,0.0,0.002606,0.0,0.009816
2020,2020-07-25,Moga,0.000265,0.0,0.002448,0.0,0.009658
2020,2020-07-25,Muktsar,0.000427,0.0,0.00261,0.0,0.00982
2020,2020-07-25,Nawanshahr,0.000293,0.0,0.002476,0.0,0.009686
2020,2020-07-25,Patiala,0.000188,0.0,0.002371,0.0,0.009581
2020,2020-07-25,Rupnagar,9e-06,0.0,0.002192,0.0,0.009402
2020,2020-07-25,Sahibzada Ajit Singh Nagar,-1.5e-05,0.0,0.002168,0.0,0.009378
2020,2020-07-25,Sangrur,0.001177,0.0,0.00336,0.0,0.01057
2020,2020-07-25,Tarn Taran,0.002156,0.0,0.004339,0.0,0.011549
2020,2020-08-04,Amritsar,8.1e-05,0.0,0.002264,0.0,0.009474
2020,2020-08-04,Barnala,1e-05,0.0,0.002193,0.0,0.009403
2020,2020-08-04,Bathinda,3.5e-05,0.0,0.002218,0.0,0.009428
2020,2020-08-04,Faridkot,3e-06,0.0,0.002185,0.0,0.009395
2020,2020-08-04,Fatehgarh Sahib,0.000156,0.0,0.002339,0.0,0.009549
2020,2020-08-04,Firozpur,2.3e-05,0.0,0.002205,0.0,0.009415
2020,2020-08-04,Gurdaspur,0.000391,0.0,0.002573,0.0,0.009783
2020,2020-08-04,Hoshiarpur,3.5e-05,0.0,0.002218,0.0,0.009428
2020,2020-08-04,Jalandhar,0.00022,0.0,0.002403,0.0,0.009613
2020,2020-08-04,Kapurthala,0.000141,0.0,0.002323,0.0,0.009533
2020,2020-08-04,Ludhiana,5.1e-05,0.0,0.002234,0.0,0.009444
2020,2020-08-04,Mansa,0.000368,0.0,0.00255,0.0,0.00976
2020,2020-08-04,Moga,5e-05,0.0,0.002233,0.0,0.009443
2020,2020-08-04,Muktsar,5e-05,0.0,0.002233,0.0,0.009443
2020,2020-08-04,Nawanshahr,6.1e-05,0.0,0.002244,0.0,0.009454
2020,2020-08-04,Patiala,0.000915,0.0,0.003098,0.0,0.010308
2020,2020-08-04,Rupnagar,3.5e-05,0.0,0.002218,0.0,0.009428
2020,2020-08-04,Sahibzada Ajit Singh Nagar,3e-06,0.0,0.002185,0.0,0.009395
2020,2020-08-04,Sangrur,0.000396,0.0,0.002578,0.0,0.009788
2020,2020-08-04,Tarn Taran,0.000383,0.0,0.002566,0.0,0.009776
2020,2020-08-14,Amritsar,9.6e-05,0.0,0.002278,0.0,0.009488
2020,2020-08-14,Barnala,2.4e-05,0.0,0.002206,0.0,0.009416
2020,2020-08-14,Bathinda,4.2e-05,0.0,0.002224,0.0,0.009434
2020,2020-08-14,Faridkot,9e-06,0.0,0.002192,0.0,0.009402
2020,2020-08-14,Fatehgarh Sahib,0.0002,0.0,0.002382,0.0,0.009592
2020,2020-08-14,Firozpur,-2e-05,0.0,0.002162,0.0,0.009372
2020,2020-08-14,Gurdaspur,9.8e-05,0.0,0.00228,0.0,0.00949
2020,2020-08-14,Hoshiarpur,4.2e-05,0.0,0.002224,0.0,0.009434
2020,2020-08-14,Jalandhar,0.000145,0.0,0.002328,0.0,0.009538
2020,2020-08-14,Kapurthala,0.000112,0.0,0.002295,0.0,0.009505
2020,2020-08-14,Ludhiana,5e-05,0.0,0.002232,0.0,0.009442
2020,2020-08-14,Mansa,0.000114,0.0,0.002297,0.0,0.009507
2020,2020-08-14,Moga,4.9e-05,0.0,0.002232,0.0,0.009442
2020,2020-08-14,Muktsar,5.8e-05,0.0,0.00224,0.0,0.00945
2020,2020-08-14,Nawanshahr,8.4e-05,0.0,0.002266,0.0,0.009476
2020,2020-08-14,Patiala,0.000194,0.0,0.002377,0.0,0.009587
2020,2020-08-14,Rupnagar,4.2e-05,0.0,0.002224,0.0,0.009434
2020,2020-08-14,Sahibzada Ajit Singh Nagar,3e-06,0.0,0.002185,0.0,0.009395
2020,2020-08-14,Sangrur,0.000136,0.0,0.002319,0.0,0.009529
2020,2020-08-14,Tarn Taran,0.00034,0.0,0.002523,0.0,0.009733
2020,2020-08-24,Amritsar,0.000116,0.0,0.002299,0.0,0.009509
2020,2020-08-24,Barnala,3.7e-05,0.0,0.00222,0.0,0.00943
2020,2020-08-24,Bathinda,5.6e-05,0.0,0.002238,0.0,0.009448
2020,2020-08-24,Faridkot,2.3e-05,0.0,0.002205,0.0,0.009415
2020,2020-08-24,Fatehgarh Sahib,0.000147,0.0,0.002329,0.0,0.009539
2020,2020-08-24,Firozpur,0.00028,0.0,0.002463,0.0,0.009673
2020,2020-08-24,Gurdaspur,0.000147,0.0,0.002329,0.0,0.009539
2020,2020-08-24,Hoshiarpur,5.6e-05,0.0,0.002238,0.0,0.009448
2020,2020-08-24,Jalandhar,0.000165,0.0,0.002348,0.0,0.009558
2020,2020-08-24,Kapurthala,0.000421,0.0,0.002603,0.0,0.009813
2020,2020-08-24,Ludhiana,7e-05,0.0,0.002252,0.0,0.009462
2020,2020-08-24,Mansa,7.7e-05,0.0,0.002259,0.0,0.009469
2020,2020-08-24,Moga,7e-05,0.0,0.002252,0.0,0.009462
2020,2020-08-24,Muktsar,7e-05,0.0,0.002252,0.0,0.009462
2020,2020-08-24,Nawanshahr,9.6e-05,0.0,0.002279,0.0,0.009489
2020,2020-08-24,Patiala,0.000139,0.0,0.002321,0.0,0.009531
2020,2020-08-24,Rupnagar,5.6e-05,0.0,0.002238,0.0,0.009448
2020,2020-08-24,Sahibzada Ajit Singh Nagar,1.6e-05,0.0,0.002199,0.0,0.009409
2020,2020-08-24,Sangrur,4.9e-05,0.0,0.002231,0.0,0.009441
2020,2020-08-24,Tarn Taran,0.000565,0.0,0.002748,0.0,0.009958
2020,2020-09-03,Amritsar,6.7e-05,0.0,0.00225,0.0,0.00946
2020,2020-09-03,Barnala,5.5e-05,0.0,0.002238,0.0,0.009448
2020,2020-09-03,Bathinda,9e-06,0.0,0.002192,0.0,0.009402
2020,2020-09-03,Faridkot,-9e-06,0.0,0.002173,0.0,0.009383
2020,2020-09-03,Fatehgarh Sahib,0.0,0.0,0.002183,0.0,0.009393
2020,2020-09-03,Firozpur,0.000359,0.0,0.002541,0.0,0.009751
2020,2020-09-03,Gurdaspur,7.3e-05,0.0,0.002256,0.0,0.009466
2020,2020-09-03,Hoshiarpur,9e-06,0.0,0.002192,0.0,0.009402
2020,2020-09-03,Jalandhar,0.000117,0.0,0.002299,0.0,0.009509
2020,2020-09-03,Kapurthala,5e-05,0.0,0.002233,0.0,0.009443
2020,2020-09-03,Ludhiana,0.000128,0.0,0.00231,0.0,0.00952
2020,2020-09-03,Mansa,2.1e-05,0.0,0.002204,0.0,0.009414
2020,2020-09-03,Moga,0.000323,0.0,0.002505,0.0,0.009715
2020,2020-09-03,Muktsar,0.000172,0.0,0.002354,0.0,0.009564
2020,2020-09-03,Nawanshahr,4.7e-05,0.0,0.00223,0.0,0.00944
2020,2020-09-03,Patiala,2.4e-05,0.0,0.002206,0.0,0.009416
2020,2020-09-03,Rupnagar,9e-06,0.0,0.002192,0.0,0.009402
2020,2020-09-03,Sahibzada Ajit Singh Nagar,-1.6e-05,0.0,0.002167,0.0,0.009377
2020,2020-09-03,Sangrur,3.2e-05,0.0,0.002214,0.0,0.009424
2020,2020-09-03,Tarn Taran,0.000402,0.0,0.002584,0.0,0.009794
2020,2020-09-13,Amritsar,0.000162,0.0,0.002345,0.0,0.009555
2020,2020-09-13,Barnala,0.000914,0.0,0.003097,0.0,0.010307
2020,2020-09-13,Bathinda,0.000122,0.0,0.002305,0.0,0.009515
2020,2020-09-13,Faridkot,0.000765,0.0,0.002947,0.0,0.010157
2020,2020-09-13,Fatehgarh Sahib,0.000126,0.0,0.002309,0.0,0.009519
2020,2020-09-13,Firozpur,0.001587,0.0,0.00377,0.0,0.01098
2020,2020-09-13,Gurdaspur,0.000225,0.0,0.002407,0.0,0.009617
2020,2020-09-13,Hoshiarpur,0.000129,0.0,0.002311,0.0,0.009521
2020,2020-09-13,Jalandhar,0.000212,0.0,0.002395,0.0,0.009605
2020,2020-09-13,Kapurthala,0.001868,0.0,0.004051,0.0,0.011261
2020,2020-09-13,Ludhiana,0.000803,0.0,0.002986,0.0,0.010196
2020,2020-09-13,Mansa,0.000124,0.0,0.002306,0.0,0.009516
2020,2020-09-13,Moga,0.002066,0.0,0.004248,0.0,0.011458
2020,2020-09-13,Muktsar,0.000781,0.0,0.002963,0.0,0.010173
2020,2020-09-13,Nawanshahr,0.000158,0.0,0.002341,0.0,0.009551
2020,2020-09-13,Patiala,0.000192,0.0,0.002375,0.0,0.009585
2020,2020-09-13,Rupnagar,0.000129,0.0,0.002311,0.0,0.009521
2020,2020-09-13,Sahibzada Ajit Singh Nagar,0.000114,0.0,0.002297,0.0,0.009507
2020,2020-09-13,Sangrur,6e-05,0.0,0.002243,0.0,0.009453
2020,2020-09-13,Tarn Taran,0.000946,0.0,0.003129,0.0,0.010339
2020,2020-09-23,Amritsar,4.1e-05,0.0,0.002224,0.0,0.009434
2020,2020-09-23,Barnala,-4e-06,0.0,0.002179,0.0,0.009389
2020,2020-09-23,Bathinda,-7e-06,0.0,0.002176,0.0,0.009386
2020,2020-09-23,Faridkot,-1.4e-05,0.0,0.002168,0.0,0.009378
2020,2020-09-23,Fatehgarh Sahib,-3e-06,0.0,0.00218,0.0,0.00939
2020,2020-09-23,Firozpur,9.5e-05,0.0,0.002278,0.0,0.009488
2020,2020-09-23,Gurdaspur,3.6e-05,0.0,0.002218,0.0,0.009428
2020,2020-09-23,Hoshiarpur,0.0,0.0,0.002183,0.0,0.009393
2020,2020-09-23,Jalandhar,9.1e-05,0.0,0.002273,0.0,0.009483
2020,2020-09-23,Kapurthala,7.8e-05,0.0,0.00226,0.0,0.00947
2020,2020-09-23,Ludhiana,-6e-06,0.0,0.002177,0.0,0.009387
2020,2020-09-23,Mansa,1e-06,0.0,0.002184,0.0,0.009394
2020,2020-09-23,Moga,-5e-06,0.0,0.002178,0.0,0.009388
2020,2020-09-23,Muktsar,0.000173,0.0,0.002355,0.0,0.009565
2020,2020-09-23,Nawanshahr,3.7e-05,0.0,0.00222,0.0,0.00943
2020,2020-09-23,Patiala,-2e-06,0.0,0.002181,0.0,0.009391
2020,2020-09-23,Rupnagar,0.0,0.0,0.002183,0.0,0.009393
2020,2020-09-23,Sahibzada Ajit Singh Nagar,-1.4e-05,0.0,0.002168,0.0,0.009378
2020,2020-09-23,Sangrur,6e-06,0.0,0.002189,0.0,0.009399
2020,2020-09-23,Tarn Taran,0.000326,0.0,0.002509,0.0,0.009719
2021,2021-07-25,Amritsar,0.006481,0.004399,0.008563,0.0,0.015819
2021,2021-07-25,Barnala,0.000761,0.0,0.002842,0.0,0.010098
2021,2021-07-25,Bathinda,0.002149,6.7e-05,0.004231,0.0,0.011487
2021,2021-07-25,Faridkot,0.001772,0.0,0.003854,0.0,0.01111
2021,2021-07-25,Fatehgarh Sahib,0.004047,0.001965,0.006129,0.0,0.013385
2021,2021-07-25,Firozpur,0.001474,0.0,0.003556,0.0,0.010812
2021,2021-07-25,Gurdaspur,0.003553,0.001471,0.005635,0.0,0.012891
2021,2021-07-25,Hoshiarpur,0.003152,0.00107,0.005233,0.0,0.012489
2021,2021-07-25,Jalandhar,0.003336,0.001254,0.005418,0.0,0.012674
2021,2021-07-25,Kapurthala,0.000773,0.0,0.002855,0.0,0.010111
2021,2021-07-25,Ludhiana,0.003055,0.000973,0.005137,0.0,0.012393
2021,2021-07-25,Mansa,0.002642,0.00056,0.004724,0.0,0.01198
2021,2021-07-25,Moga,0.002642,0.00056,0.004724,0.0,0.01198
2021,2021-07-25,Muktsar,0.002378,0.000296,0.004459,0.0,0.011715
2021,2021-07-25,Nawanshahr,0.002835,0.000753,0.004917,0.0,0.012173
2021,2021-07-25,Patiala,0.011266,0.009184,0.013348,0.001928,0.020604
2021,2021-07-25,Rupnagar,0.002091,9e-06,0.004173,0.0,0.011429
2021,2021-07-25,Sahibzada Ajit Singh Nagar,0.001707,0.0,0.003789,0.0,0.011045
2021,2021-07-25,Sangrur,0.00352,0.001438,0.005602,0.0,0.012858
2021,2021-07-25,Tarn Taran,0.002843,0.000761,0.004925,0.0,0.012181
2021,2021-08-04,Amritsar,0.000136,0.0,0.002218,0.0,0.009474
2021,2021-08-04,Barnala,-1.3e-05,0.0,0.002069,0.0,0.009325
2021,2021-08-04,Bathinda,0.000247,0.0,0.002329,0.0,0.009585
2021,2021-08-04,Faridkot,-2.1e-05,0.0,0.00206,0.0,0.009316
2021,2021-08-04,Fatehgarh Sahib,6.9e-05,0.0,0.00215,0.0,0.009407
2021,2021-08-04,Firozpur,0.000273,0.0,0.002355,0.0,0.009611
2021,2021-08-04,Gurdaspur,0.000649,0.0,0.002731,0.0,0.009987
2021,2021-08-04,Hoshiarpur,7.5e-05,0.0,0.002157,0.0,0.009413
2021,2021-08-04,Jalandhar,0.000439,0.0,0.002521,0.0,0.009777
2021,2021-08-04,Kapurthala,0.000369,0.0,0.002451,0.0,0.009707
2021,2021-08-04,Ludhiana,9.4e-05,0.0,0.002176,0.0,0.009432
2021,2021-08-04,Mansa,0.000748,0.0,0.00283,0.0,0.010086
2021,2021-08-04,Moga,0.000323,0.0,0.002405,0.0,0.009661
2021,2021-08-04,Muktsar,0.000131,0.0,0.002213,0.0,0.009469
2021,2021-08-04,Nawanshahr,0.000112,0.0,0.002194,0.0,0.00945
2021,2021-08-04,Patiala,0.000393,0.0,0.002474,0.0,0.009731
2021,2021-08-04,Rupnagar,7.1e-05,0.0,0.002153,0.0,0.009409
2021,2021-08-04,Sahibzada Ajit Singh Nagar,-2.5e-05,0.0,0.002056,0.0,0.009313
2021,2021-08-04,Sangrur,0.001598,0.0,0.00368,0.0,0.010936
2021,2021-08-04,Tarn Taran,0.000533,0.0,0.002615,0.0,0.009871
2021,2021-08-14,Amritsar,7.2e-05,0.0,0.002154,0.0,0.00941
2021,2021-08-14,Barnala,-6.4e-05,0.0,0.002018,0.0,0.009274
2021,2021-08-14,Bathinda,2.3e-05,0.0,0.002105,0.0,0.009361
2021,2021-08-14,Faridkot,-7.7e-05,0.0,0.002005,0.0,0.009261
2021,2021-08-14,Fatehgarh Sahib,1.7e-05,0.0,0.002099,0.0,0.009355
2021,2021-08-14,Firozpur,-0.000259,0.0,0.001823,0.0,0.009079
2021,2021-08-14,Gurdaspur,3.3e-05,0.0,0.002115,0.0,0.009371
2021,2021-08-14,Hoshiarpur,2.3e-05,0.0,0.002105,0.0,0.009361
2021,2021-08-14,Jalandhar,0.000139,0.0,0.002221,0.0,0.009477
2021,2021-08-14,Kapurthala,-9.7e-05,0.0,0.001985,0.0,0.009241
2021,2021-08-14,Ludhiana,0.000213,0.0,0.002295,0.0,0.009551
2021,2021-08-14,Mansa,3e-05,0.0,0.002112,0.0,0.009368
2021,2021-08-14,Moga,3e-05,0.0,0.002112,0.0,0.009368
2021,2021-08-14,Muktsar,3e-05,0.0,0.002112,0.0,0.009368
2021,2021-08-14,Nawanshahr,6e-05,0.0,0.002142,0.0,0.009398
2021,2021-08-14,Patiala,0.000196,0.0,0.002278,0.0,0.009534
2021,2021-08-14,Rupnagar,1.9e-05,0.0,0.002101,0.0,0.009357
2021,2021-08-14,Sahibzada Ajit Singh Nagar,-7.7e-05,0.0,0.002005,0.0,0.009261
2021,2021-08-14,Sangrur,0.000312,0.0,0.002394,0.0,0.00965
2021,2021-08-14,Tarn Taran,0.000281,0.0,0.002363,0.0,0.009619
2021,2021-08-24,Amritsar,9.4e-05,0.0,0.002175,0.0,0.009431
2021,2021-08-24,Barnala,2.8e-05,0.0,0.00211,0.0,0.009366
2021,2021-08-24,Bathinda,3.4e-05,0.0,0.002116,0.0,0.009372
2021,2021-08-24,Faridkot,2.5e-05,0.0,0.002107,0.0,0.009363
2021,2021-08-24,Fatehgarh Sahib,2.8e-05,0.0,0.00211,0.0,0.009366
2021,2021-08-24,Firozpur,-5.7e-05,0.0,0.002025,0.0,0.009281
2021,2021-08-24,Gurdaspur,9.3e-05,0.0,0.002175,0.0,0.009431
2021,2021-08-24,Hoshiarpur,3.4e-05,0.0,0.002116,0.0,0.009372
2021,2021-08-24,Jalandhar,0.000156,0.0,0.002238,0.0,0.009494
2021,2021-08-24,Kapurthala,4.4e-05,0.0,0.002126,0.0,0.009382
2021,2021-08-24,Ludhiana,4.2e-05,0.0,0.002124,0.0,0.00938
2021,2021-08-24,Mansa,4.2e-05,0.0,0.002124,0.0,0.00938
2021,2021-08-24,Moga,4.2e-05,0.0,0.002124,0.0,0.00938
2021,2021-08-24,Muktsar,4.2e-05,0.0,0.002124,0.0,0.00938
2021,2021-08-24,Nawanshahr,8e-05,0.0,0.002162,0.0,0.009418
2021,2021-08-24,Patiala,8.2e-05,0.0,0.002164,0.0,0.00942
2021,2021-08-24,Rupnagar,3e-05,0.0,0.002112,0.0,0.009368
2021,2021-08-24,Sahibzada Ajit Singh Nagar,2.5e-05,0.0,0.002107,0.0,0.009363
2021,2021-08-24,Sangrur,0.000223,0.0,0.002305,0.0,0.009561
2021,2021-08-24,Tarn Taran,0.000308,0.0,0.00239,0.0,0.009646
2021,2021-09-03,Amritsar,0.000117,0.0,0.002199,0.0,0.009455
2021,2021-09-03,Barnala,3.8e-05,0.0,0.00212,0.0,0.009376
2021,2021-09-03,Bathinda,6.1e-05,0.0,0.002143,0.0,0.009399
2021,2021-09-03,Faridkot,3.5e-05,0.0,0.002116,0.0,0.009372
2021,2021-09-03,Fatehgarh Sahib,5.2e-05,0.0,0.002134,0.0,0.00939
2021,2021-09-03,Firozpur,0.000209,0.0,0.002291,0.0,0.009547
2021,2021-09-03,Gurdaspur,0.000182,0.0,0.002264,0.0,0.00952
2021,2021-09-03,Hoshiarpur,5.7e-05,0.0,0.002139,0.0,0.009395
2021,2021-09-03,Jalandhar,0.00018,0.0,0.002262,0.0,0.009518
2021,2021-09-03,Kapurthala,0.000415,0.0,0.002497,0.0,0.009753
2021,2021-09-03,Ludhiana,6.5e-05,0.0,0.002147,0.0,0.009403
2021,2021-09-03,Mansa,6.5e-05,0.0,0.002147,0.0,0.009403
2021,2021-09-03,Moga,6.9e-05,0.0,0.002151,0.0,0.009407
2021,2021-09-03,Muktsar,6.5e-05,0.0,0.002147,0.0,0.009403
2021,2021-09-03,Nawanshahr,0.000104,0.0,0.002186,0.0,0.009442
2021,2021-09-03,Patiala,0.000137,0.0,0.002218,0.0,0.009474
2021,2021-09-03,Rupnagar,5.4e-05,0.0,0.002136,0.0,0.009392
2021,2021-09-03,Sahibzada Ajit Singh Nagar,3.5e-05,0.0,0.002116,0.0,0.009372
2021,2021-09-03,Sangrur,0.000299,0.0,0.002381,0.0,0.009637
2021,2021-09-03,Tarn Taran,0.000568,0.0,0.00265,0.0,0.009906
2021,2021-09-13,Amritsar,0.000142,0.0,0.002224,0.0,0.00948
2021,2021-09-13,Barnala,5.8e-05,0.0,0.00214,0.0,0.009396
2021,2021-09-13,Bathinda,7.4e-05,0.0,0.002156,0.0,0.009412
2021,2021-09-13,Faridkot,5.4e-05,0.0,0.002136,0.0,0.009392
2021,2021-09-13,Fatehgarh Sahib,6.8e-05,0.0,0.00215,0.0,0.009406
2021,2021-09-13,Firozpur,0.000341,0.0,0.002423,0.0,0.009679
2021,2021-09-13,Gurdaspur,0.000124,0.0,0.002206,0.0,0.009462
2021,2021-09-13,Hoshiarpur,7.4e-05,0.0,0.002156,0.0,0.009412
2021,2021-09-13,Jalandhar,0.000205,0.0,0.002287,0.0,0.009543
2021,2021-09-13,Kapurthala,0.000138,0.0,0.00222,0.0,0.009476
2021,2021-09-13,Ludhiana,9.1e-05,0.0,0.002172,0.0,0.009428
2021,2021-09-13,Mansa,9.1e-05,0.0,0.002172,0.0,0.009428
2021,2021-09-13,Moga,9.1e-05,0.0,0.002172,0.0,0.009428
2021,2021-09-13,Muktsar,9.4e-05,0.0,0.002176,0.0,0.009432
2021,2021-09-13,Nawanshahr,0.000121,0.0,0.002202,0.0,0.009458
2021,2021-09-13,Patiala,0.000109,0.0,0.002191,0.0,0.009447
2021,2021-09-13,Rupnagar,7e-05,0.0,0.002152,0.0,0.009408
2021,2021-09-13,Sahibzada Ajit Singh Nagar,5.4e-05,0.0,0.002136,0.0,0.009392
2021,2021-09-13,Sangrur,9.5e-05,0.0,0.002177,0.0,0.009433
2021,2021-09-13,Tarn Taran,0.000437,0.0,0.002518,0.0,0.009774
2021,2021-09-23,Amritsar,9.8e-05,0.0,0.00218,0.0,0.009436
2021,2021-09-23,Barnala,2.8e-05,0.0,0.00211,0.0,0.009366
2021,2021-09-23,Bathinda,3.4e-05,0.0,0.002116,0.0,0.009372
2021,2021-09-23,Faridkot,2.5e-05,0.0,0.002107,0.0,0.009363
2021,2021-09-23,Fatehgarh Sahib,2.8e-05,0.0,0.00211,0.0,0.009366
2021,2021-09-23,Firozpur,-1.8e-05,0.0,0.002064,0.0,0.00932
2021,2021-09-23,Gurdaspur,8.8e-05,0.0,0.00217,0.0,0.009426
2021,2021-09-23,Hoshiarpur,3.4e-05,0.0,0.002116,0.0,0.009372
2021,2021-09-23,Jalandhar,0.000157,0.0,0.002238,0.0,0.009494
2021,2021-09-23,Kapurthala,0.0001,0.0,0.002182,0.0,0.009438
2021,2021-09-23,Ludhiana,4.2e-05,0.0,0.002124,0.0,0.00938
2021,2021-09-23,Mansa,4.2e-05,0.0,0.002124,0.0,0.00938
2021,2021-09-23,Moga,4.6e-05,0.0,0.002128,0.0,0.009384
2021,2021-09-23,Muktsar,4.2e-05,0.0,0.002124,0.0,0.00938
2021,2021-09-23,Nawanshahr,8.1e-05,0.0,0.002163,0.0,0.009419
2021,2021-09-23,Patiala,7.3e-05,0.0,0.002155,0.0,0.009411
2021,2021-09-23,Rupnagar,3e-05,0.0,0.002112,0.0,0.009368
2021,2021-09-23,Sahibzada Ajit Singh Nagar,2.5e-05,0.0,0.002107,0.0,0.009363
2021,2021-09-23,Sangrur,5.9e-05,0.0,0.002141,0.0,0.009397
2021,2021-09-23,Tarn Taran,0.000348,0.0,0.002429,0.0,0.009685
2022,2022-07-25,Amritsar,0.002084,0.0,0.004193,0.0,0.011477
2022,2022-07-25,Barnala,-0.003119,0.0,-0.00101,0.0,0.006274
2022,2022-07-25,Bathinda,1e-06,0.0,0.002109,0.0,0.009393
2022,2022-07-25,Faridkot,-0.000197,0.0,0.001912,0.0,0.009196
2022,2022-07-25,Fatehgarh Sahib,0.000673,0.0,0.002781,0.0,0.010065
2022,2022-07-25,Firozpur,0.007315,0.005206,0.009423,0.0,0.016707
2022,2022-07-25,Gurdaspur,0.001007,0.0,0.003115,0.0,0.010399
2022,2022-07-25,Hoshiarpur,0.000103,0.0,0.002212,0.0,0.009496
2022,2022-07-25,Jalandhar,0.000715,0.0,0.002823,0.0,0.010107
2022,2022-07-25,Kapurthala,0.010241,0.008133,0.01235,0.000849,0.019634
2022,2022-07-25,Ludhiana,0.000635,0.0,0.002743,0.0,0.010028
2022,2022-07-25,Mansa,-9e-05,0.0,0.002019,0.0,0.009303
2022,2022-07-25,Moga,0.001142,0.0,0.003251,0.0,0.010535
2022,2022-07-25,Muktsar,0.000828,0.0,0.002936,0.0,0.01022
2022,2022-07-25,Nawanshahr,0.000484,0.0,0.002593,0.0,0.009877
2022,2022-07-25,Patiala,-0.001609,0.0,0.0005,0.0,0.007784
2022,2022-07-25,Rupnagar,-3.7e-05,0.0,0.002071,0.0,0.009355
2022,2022-07-25,Sahibzada Ajit Singh Nagar,0.001174,0.0,0.003283,0.0,0.010567
2022,2022-07-25,Sangrur,-0.002269,0.0,-0.00016,0.0,0.007124
2022,2022-07-25,Tarn Taran,0.005742,0.003633,0.00785,0.0,0.015135
2022,2022-08-04,Amritsar,0.00032,0.0,0.002429,0.0,0.009713
2022,2022-08-04,Barnala,-3.1e-05,0.0,0.002078,0.0,0.009362
2022,2022-08-04,Bathinda,-7e-06,0.0,0.002102,0.0,0.009386
2022,2022-08-04,Faridkot,0.000174,0.0,0.002283,0.0,0.009567
2022,2022-08-04,Fatehgarh Sahib,5.2e-05,0.0,0.00216,0.0,0.009445
2022,2022-08-04,Firozpur,0.000393,0.0,0.002502,0.0,0.009786
2022,2022-08-04,Gurdaspur,0.000296,0.0,0.002405,0.0,0.009689
2022,2022-08-04,Hoshiarpur,-0.000112,0.0,0.001997,0.0,0.009281
2022,2022-08-04,Jalandhar,0.000333,0.0,0.002442,0.0,0.009726
2022,2022-08-04,Kapurthala,0.000446,0.0,0.002554,0.0,0.009838
2022,2022-08-04,Ludhiana,6.5e-05,0.0,0.002174,0.0,0.009458
2022,2022-08-04,Mansa,0.000167,0.0,0.002275,0.0,0.009559
2022,2022-08-04,Moga,5.7e-05,0.0,0.002166,0.0,0.00945
2022,2022-08-04,Muktsar,1.2e-05,0.0,0.002121,0.0,0.009405
2022,2022-08-04,Nawanshahr,-3.1e-05,0.0,0.002077,0.0,0.009362
2022,2022-08-04,Patiala,0.000166,0.0,0.002274,0.0,0.009558
2022,2022-08-04,Rupnagar,0.000271,0.0,0.00238,0.0,0.009664
2022,2022-08-04,Sahibzada Ajit Singh Nagar,-4e-05,0.0,0.002068,0.0,0.009352
2022,2022-08-04,Sangrur,0.000184,0.0,0.002292,0.0,0.009576
2022,2022-08-04,Tarn Taran,0.000553,0.0,0.002661,0.0,0.009945
2022,2022-08-14,Amritsar,0.000171,0.0,0.00228,0.0,0.009564
2022,2022-08-14,Barnala,5.1e-05,0.0,0.002159,0.0,0.009443
2022,2022-08-14,Bathinda,8.5e-05,0.0,0.002194,0.0,0.009478
2022,2022-08-14,Faridkot,5.5e-05,0.0,0.002164,0.0,0.009448
2022,2022-08-14,Fatehgarh Sahib,7.8e-05,0.0,0.002187,0.0,0.009471
2022,2022-08-14,Firozpur,0.001229,0.0,0.003338,0.0,0.010622
2022,2022-08-14,Gurdaspur,0.000188,0.0,0.002297,0.0,0.009581
2022,2022-08-14,Hoshiarpur,8.5e-05,0.0,0.002194,0.0,0.009478
2022,2022-08-14,Jalandhar,0.000226,0.0,0.002334,0.0,0.009618
2022,2022-08-14,Kapurthala,0.001042,0.0,0.003151,0.0,0.010435
2022,2022-08-14,Ludhiana,0.000113,0.0,0.002222,0.0,0.009506
2022,2022-08-14,Mansa,0.000235,0.0,0.002343,0.0,0.009627
2022,2022-08-14,Moga,0.000113,0.0,0.002222,0.0,0.009506
2022,2022-08-14,Muktsar,0.001036,0.0,0.003145,0.0,0.010429
2022,2022-08-14,Nawanshahr,0.000169,0.0,0.002277,0.0,0.009561
2022,2022-08-14,Patiala,0.000133,0.0,0.002242,0.0,0.009526
2022,2022-08-14,Rupnagar,9.7e-05,0.0,0.002206,0.0,0.00949
2022,2022-08-14,Sahibzada Ajit Singh Nagar,4.3e-05,0.0,0.002151,0.0,0.009435
2022,2022-08-14,Sangrur,0.000135,0.0,0.002243,0.0,0.009527
2022,2022-08-14,Tarn Taran,0.001106,0.0,0.003215,0.0,0.010499
2022,2022-08-24,Amritsar,9.8e-05,0.0,0.002206,0.0,0.009491
2022,2022-08-24,Barnala,2e-06,0.0,0.002111,0.0,0.009395
2022,2022-08-24,Bathinda,0.000306,0.0,0.002414,0.0,0.009698
2022,2022-08-24,Faridkot,-6e-06,0.0,0.002103,0.0,0.009387
2022,2022-08-24,Fatehgarh Sahib,1.1e-05,0.0,0.00212,0.0,0.009404
2022,2022-08-24,Firozpur,0.000679,0.0,0.002787,0.0,0.010071
2022,2022-08-24,Gurdaspur,0.000297,0.0,0.002406,0.0,0.00969
2022,2022-08-24,Hoshiarpur,1.2e-05,0.0,0.00212,0.0,0.009404
2022,2022-08-24,Jalandhar,0.000139,0.0,0.002248,0.0,0.009532
2022,2022-08-24,Kapurthala,0.001066,0.0,0.003175,0.0,0.010459
2022,2022-08-24,Ludhiana,4e-05,0.0,0.002149,0.0,0.009433
2022,2022-08-24,Mansa,0.000239,0.0,0.002347,0.0,0.009631
2022,2022-08-24,Moga,4e-05,0.0,0.002149,0.0,0.009433
2022,2022-08-24,Muktsar,0.001017,0.0,0.003126,0.0,0.01041
2022,2022-08-24,Nawanshahr,9.5e-05,0.0,0.002204,0.0,0.009488
2022,2022-08-24,Patiala,0.000453,0.0,0.002561,0.0,0.009845
2022,2022-08-24,Rupnagar,1.2e-05,0.0,0.00212,0.0,0.009404
2022,2022-08-24,Sahibzada Ajit Singh Nagar,-6e-06,0.0,0.002103,0.0,0.009387
2022,2022-08-24,Sangrur,4.9e-05,0.0,0.002158,0.0,0.009442
2022,2022-08-24,Tarn Taran,0.001261,0.0,0.003369,0.0,0.010653
2022,2022-09-03,Amritsar,7.7e-05,0.0,0.002186,0.0,0.00947
2022,2022-09-03,Barnala,-1.6e-05,0.0,0.002093,0.0,0.009377
2022,2022-09-03,Bathinda,-9e-06,0.0,0.0021,0.0,0.009384
2022,2022-09-03,Faridkot,-2.6e-05,0.0,0.002082,0.0,0.009366
2022,2022-09-03,Fatehgarh Sahib,-9e-06,0.0,0.002099,0.0,0.009383
2022,2022-09-03,Firozpur,0.000326,0.0,0.002434,0.0,0.009718
2022,2022-09-03,Gurdaspur,0.000131,0.0,0.00224,0.0,0.009524
2022,2022-09-03,Hoshiarpur,-9e-06,0.0,0.0021,0.0,0.009384
2022,2022-09-03,Jalandhar,0.000334,0.0,0.002443,0.0,0.009727
2022,2022-09-03,Kapurthala,0.001463,0.0,0.003571,0.0,0.010855
2022,2022-09-03,Ludhiana,9.3e-05,0.0,0.002201,0.0,0.009485
2022,2022-09-03,Mansa,6.4e-05,0.0,0.002172,0.0,0.009456
2022,2022-09-03,Moga,9.3e-05,0.0,0.002201,0.0,0.009485
2022,2022-09-03,Muktsar,0.000205,0.0,0.002314,0.0,0.009598
2022,2022-09-03,Nawanshahr,7.5e-05,0.0,0.002183,0.0,0.009468
2022,2022-09-03,Patiala,2e-05,0.0,0.002128,0.0,0.009412
2022,2022-09-03,Rupnagar,-9e-06,0.0,0.0021,0.0,0.009384
2022,2022-09-03,Sahibzada Ajit Singh Nagar,-2.6e-05,0.0,0.002082,0.0,0.009366
2022,2022-09-03,Sangrur,2.9e-05,0.0,0.002137,0.0,0.009421
2022,2022-09-03,Tarn Taran,0.002474,0.000365,0.004582,0.0,0.011866
2022,2022-09-13,Amritsar,4.8e-05,0.0,0.002157,0.0,0.009441
2022,2022-09-13,Barnala,-1.3e-05,0.0,0.002095,0.0,0.009379
2022,2022-09-13,Bathinda,-1e-06,0.0,0.002107,0.0,0.009391
2022,2022-09-13,Faridkot,-1.9e-05,0.0,0.00209,0.0,0.009374
2022,2022-09-13,Fatehgarh Sahib,-7e-06,0.0,0.002102,0.0,0.009386
2022,2022-09-13,Firozpur,-0.000256,0.0,0.001853,0.0,0.009137
2022,2022-09-13,Gurdaspur,3.1e-05,0.0,0.00214,0.0,0.009424
2022,2022-09-13,Hoshiarpur,-4e-06,0.0,0.002105,0.0,0.009389
2022,2022-09-13,Jalandhar,8.7e-05,0.0,0.002196,0.0,0.00948
2022,2022-09-13,Kapurthala,-8.6e-05,0.0,0.002022,0.0,0.009306
2022,2022-09-13,Ludhiana,2.4e-05,0.0,0.002133,0.0,0.009417
2022,2022-09-13,Mansa,-2e-06,0.0,0.002107,0.0,0.009391
2022,2022-09-13,Moga,2.7e-05,0.0,0.002136,0.0,0.00942
2022,2022-09-13,Muktsar,-2e-06,0.0,0.002107,0.0,0.009391
2022,2022-09-13,Nawanshahr,4.6e-05,0.0,0.002155,0.0,0.009439
2022,2022-09-13,Patiala,-9e-06,0.0,0.0021,0.0,0.009384
2022,2022-09-13,Rupnagar,-4e-06,0.0,0.002105,0.0,0.009389
2022,2022-09-13,Sahibzada Ajit Singh Nagar,-2.1e-05,0.0,0.002087,0.0,0.009371
2022,2022-09-13,Sangrur,-0.0,0.0,0.002108,0.0,0.009392
2022,2022-09-13,Tarn Taran,0.000706,0.0,0.002814,0.0,0.010098
2022,2022-09-23,Amritsar,0.000142,0.0,0.002251,0.0,0.009535
2022,2022-09-23,Barnala,4.4e-05,0.0,0.002153,0.0,0.009437
2022,2022-09-23,Bathinda,7.8e-05,0.0,0.002187,0.0,0.009471
2022,2022-09-23,Faridkot,3.6e-05,0.0,0.002145,0.0,0.009429
2022,2022-09-23,Fatehgarh Sahib,5.9e-05,0.0,0.002168,0.0,0.009452
2022,2022-09-23,Firozpur,0.000482,0.0,0.00259,0.0,0.009874
2022,2022-09-23,Gurdaspur,0.000154,0.0,0.002263,0.0,0.009547
2022,2022-09-23,Hoshiarpur,7.8e-05,0.0,0.002187,0.0,0.009471
2022,2022-09-23,Jalandhar,0.000185,0.0,0.002293,0.0,0.009577
2022,2022-09-23,Kapurthala,0.000966,0.0,0.003075,0.0,0.010359
2022,2022-09-23,Ludhiana,0.000107,0.0,0.002215,0.0,0.009499
2022,2022-09-23,Mansa,9e-05,0.0,0.002198,0.0,0.009482
2022,2022-09-23,Moga,0.000107,0.0,0.002215,0.0,0.009499
2022,2022-09-23,Muktsar,9e-05,0.0,0.002198,0.0,0.009482
2022,2022-09-23,Nawanshahr,0.00014,0.0,0.002249,0.0,0.009533
2022,2022-09-23,Patiala,0.000104,0.0,0.002213,0.0,0.009497
2022,2022-09-23,Rupnagar,7.8e-05,0.0,0.002187,0.0,0.009471
2022,2022-09-23,Sahibzada Ajit Singh Nagar,3.6e-05,0.0,0.002145,0.0,0.009429
2022,2022-09-23,Sangrur,0.000106,0.0,0.002215,0.0,0.009499
2022,2022-09-23,Tarn Taran,0.00161,0.0,0.003719,0.0,0.011003
2023,2023-07-25,Amritsar,0.001662,0.0,0.003368,0.0,0.009989
2023,2023-07-25,Barnala,0.000136,0.0,0.001841,0.0,0.008462
2023,2023-07-25,Bathinda,0.000407,0.0,0.002112,0.0,0.008733
2023,2023-07-25,Faridkot,0.002425,0.000719,0.00413,0.0,0.010751
2023,2023-07-25,Fatehgarh Sahib,0.002165,0.00046,0.003871,0.0,0.010492
2023,2023-07-25,Firozpur,0.004753,0.003048,0.006458,0.0,0.013079
2023,2023-07-25,Gurdaspur,0.003078,0.001372,0.004783,0.0,0.011404
2023,2023-07-25,Hoshiarpur,0.002221,0.000516,0.003926,0.0,0.010547
2023,2023-07-25,Jalandhar,0.002395,0.000689,0.0041,0.0,0.010721
2023,2023-07-25,Kapurthala,0.008889,0.007184,0.010595,0.000563,0.017216
2023,2023-07-25,Ludhiana,0.001698,0.0,0.003404,0.0,0.010025
2023,2023-07-25,Mansa,0.003145,0.001439,0.00485,0.0,0.011471
2023,2023-07-25,Moga,0.002796,0.001091,0.004501,0.0,0.011122
2023,2023-07-25,Muktsar,0.00105,0.0,0.002756,0.0,0.009377
2023,2023-07-25,Nawanshahr,0.002112,0.000407,0.003818,0.0,0.010439
2023,2023-07-25,Patiala,0.001935,0.000229,0.00364,0.0,0.010261
2023,2023-07-25,Rupnagar,0.000911,0.0,0.002617,0.0,0.009238
2023,2023-07-25,Sahibzada Ajit Singh Nagar,0.002142,0.000437,0.003847,0.0,0.010468
2023,2023-07-25,Sangrur,0.002424,0.000719,0.004129,0.0,0.01075
2023,2023-07-25,Tarn Taran,0.007649,0.005944,0.009355,0.0,0.015976
2023,2023-08-04,Amritsar,0.001732,2.7e-05,0.003437,0.0,0.010058
2023,2023-08-04,Barnala,0.000908,0.0,0.002614,0.0,0.009235
2023,2023-08-04,Bathinda,3.6e-05,0.0,0.001742,0.0,0.008363
2023,2023-08-04,Faridkot,0.000258,0.0,0.001964,0.0,0.008585
2023,2023-08-04,Fatehgarh Sahib,0.000624,0.0,0.002329,0.0,0.00895
2023,2023-08-04,Firozpur,0.002623,0.000918,0.004329,0.0,0.01095
2023,2023-08-04,Gurdaspur,0.001226,0.0,0.002932,0.0,0.009553
2023,2023-08-04,Hoshiarpur,0.000384,0.0,0.00209,0.0,0.008711
2023,2023-08-04,Jalandhar,0.001619,0.0,0.003324,0.0,0.009945
2023,2023-08-04,Kapurthala,0.006424,0.004719,0.00813,0.0,0.014751
2023,2023-08-04,Ludhiana,0.000648,0.0,0.002353,0.0,0.008974
2023,2023-08-04,Mansa,0.001349,0.0,0.003054,0.0,0.009675
2023,2023-08-04,Moga,0.002913,0.001207,0.004618,0.0,0.011239
2023,2023-08-04,Muktsar,0.000148,0.0,0.001853,0.0,0.008474
2023,2023-08-04,Nawanshahr,0.000377,0.0,0.002083,0.0,0.008704
2023,2023-08-04,Patiala,0.001085,0.0,0.00279,0.0,0.009411
2023,2023-08-04,Rupnagar,0.000265,0.0,0.00197,0.0,0.008591
2023,2023-08-04,Sahibzada Ajit Singh Nagar,0.000106,0.0,0.001811,0.0,0.008432
2023,2023-08-04,Sangrur,0.002268,0.000563,0.003974,0.0,0.010595
2023,2023-08-04,Tarn Taran,0.005253,0.003548,0.006958,0.0,0.013579
2023,2023-08-14,Amritsar,0.000395,0.0,0.002101,0.0,0.008722
2023,2023-08-14,Barnala,-0.0,0.0,0.001705,0.0,0.008326
2023,2023-08-14,Bathinda,9e-06,0.0,0.001715,0.0,0.008336
2023,2023-08-14,Faridkot,1e-05,0.0,0.001715,0.0,0.008336
2023,2023-08-14,Fatehgarh Sahib,3.7e-05,0.0,0.001743,0.0,0.008364
2023,2023-08-14,Firozpur,0.002596,0.000891,0.004302,0.0,0.010923
2023,2023-08-14,Gurdaspur,0.000515,0.0,0.002221,0.0,0.008842
2023,2023-08-14,Hoshiarpur,0.000123,0.0,0.001829,0.0,0.00845
2023,2023-08-14,Jalandhar,0.00168,0.0,0.003385,0.0,0.010006
2023,2023-08-14,Kapurthala,0.002774,0.001069,0.004479,0.0,0.0111
2023,2023-08-14,Ludhiana,0.000455,0.0,0.00216,0.0,0.008781
2023,2023-08-14,Mansa,0.001254,0.0,0.002959,0.0,0.00958
2023,2023-08-14,Moga,0.001697,0.0,0.003402,0.0,0.010023
2023,2023-08-14,Muktsar,6.2e-05,0.0,0.001768,0.0,0.008389
2023,2023-08-14,Nawanshahr,0.000744,0.0,0.002449,0.0,0.00907
2023,2023-08-14,Patiala,0.002084,0.000378,0.003789,0.0,0.01041
2023,2023-08-14,Rupnagar,5.5e-05,0.0,0.00176,0.0,0.008381
2023,2023-08-14,Sahibzada Ajit Singh Nagar,4.6e-05,0.0,0.001751,0.0,0.008372
2023,2023-08-14,Sangrur,0.002269,0.000563,0.003974,0.0,0.010595
2023,2023-08-14,Tarn Taran,0.00293,0.001225,0.004635,0.0,0.011256
2023,2023-08-24,Amritsar,0.000381,0.0,0.002087,0.0,0.008708
2023,2023-08-24,Barnala,-4.5e-05,0.0,0.00166,0.0,0.008281
2023,2023-08-24,Bathinda,-3.6e-05,0.0,0.00167,0.0,0.008291
2023,2023-08-24,Faridkot,-4.5e-05,0.0,0.00166,0.0,0.008281
2023,2023-08-24,Fatehgarh Sahib,-3.9e-05,0.0,0.001667,0.0,0.008288
2023,2023-08-24,Firozpur,0.001281,0.0,0.002987,0.0,0.009608
2023,2023-08-24,Gurdaspur,0.001163,0.0,0.002869,0.0,0.00949
2023,2023-08-24,Hoshiarpur,0.000677,0.0,0.002382,0.0,0.009003
2023,2023-08-24,Jalandhar,0.001206,0.0,0.002912,0.0,0.009533
2023,2023-08-24,Kapurthala,0.002317,0.000612,0.004023,0.0,0.010644
2023,2023-08-24,Ludhiana,0.000483,0.0,0.002188,0.0,0.008809
2023,2023-08-24,Mansa,0.000437,0.0,0.002143,0.0,0.008764
2023,2023-08-24,Moga,0.001073,0.0,0.002778,0.0,0.009399
2023,2023-08-24,Muktsar,-2.9e-05,0.0,0.001677,0.0,0.008298
2023,2023-08-24,Nawanshahr,0.000285,0.0,0.001991,0.0,0.008612
2023,2023-08-24,Patiala,0.000199,0.0,0.001904,0.0,0.008525
2023,2023-08-24,Rupnagar,0.000183,0.0,0.001889,0.0,0.00851
2023,2023-08-24,Sahibzada Ajit Singh Nagar,-3e-05,0.0,0.001675,0.0,0.008296
2023,2023-08-24,Sangrur,0.001356,0.0,0.003061,0.0,0.009682
2023,2023-08-24,Tarn Taran,0.001962,0.000256,0.003667,0.0,0.010288
2023,2023-09-03,Amritsar,0.000524,0.0,0.002229,0.0,0.00885
2023,2023-09-03,Barnala,0.000102,0.0,0.001808,0.0,0.008429
2023,2023-09-03,Bathinda,-2.9e-05,0.0,0.001676,0.0,0.008297
2023,2023-09-03,Faridkot,-3.9e-05,0.0,0.001667,0.0,0.008288
2023,2023-09-03,Fatehgarh Sahib,-3.2e-05,0.0,0.001673,0.0,0.008295
2023,2023-09-03,Firozpur,0.001671,0.0,0.003377,0.0,0.009998
2023,2023-09-03,Gurdaspur,0.00048,0.0,0.002186,0.0,0.008807
2023,2023-09-03,Hoshiarpur,0.001187,0.0,0.002892,0.0,0.009513
2023,2023-09-03,Jalandhar,0.001248,0.0,0.002953,0.0,0.009574
2023,2023-09-03,Kapurthala,0.002294,0.000588,0.003999,0.0,0.01062
2023,2023-09-03,Ludhiana,0.000289,0.0,0.001994,0.0,0.008615
2023,2023-09-03,Mansa,-2.8e-05,0.0,0.001677,0.0,0.008298
2023,2023-09-03,Moga,0.00132,0.0,0.003025,0.0,0.009646
2023,2023-09-03,Muktsar,-1.4e-05,0.0,0.001691,0.0,0.008312
2023,2023-09-03,Nawanshahr,0.00033,0.0,0.002036,0.0,0.008657
2023,2023-09-03,Patiala,7.7e-05,0.0,0.001782,0.0,0.008404
2023,2023-09-03,Rupnagar,0.000112,0.0,0.001817,0.0,0.008438
2023,2023-09-03,Sahibzada Ajit Singh Nagar,-2.3e-05,0.0,0.001682,0.0,0.008303
2023,2023-09-03,Sangrur,1.3e-05,0.0,0.001718,0.0,0.008339
2023,2023-09-03,Tarn Taran,0.002523,0.000818,0.004228,0.0,0.01085
2023,2023-09-13,Amritsar,0.000335,0.0,0.00204,0.0,0.008661
2023,2023-09-13,Barnala,-6e-06,0.0,0.0017,0.0,0.008321
2023,2023-09-13,Bathinda,4e-06,0.0,0.001709,0.0,0.00833
2023,2023-09-13,Faridkot,4e-06,0.0,0.001709,0.0,0.00833
2023,2023-09-13,Fatehgarh Sahib,1e-06,0.0,0.001707,0.0,0.008328
2023,2023-09-13,Firozpur,0.001234,0.0,0.00294,0.0,0.009561
2023,2023-09-13,Gurdaspur,0.000201,0.0,0.001906,0.0,0.008527
2023,2023-09-13,Hoshiarpur,0.000267,0.0,0.001973,0.0,0.008594
2023,2023-09-13,Jalandhar,0.001335,0.0,0.003041,0.0,0.009662
2023,2023-09-13,Kapurthala,0.001767,6.2e-05,0.003473,0.0,0.010094
2023,2023-09-13,Ludhiana,0.000453,0.0,0.002159,0.0,0.00878
2023,2023-09-13,Mansa,6.8e-05,0.0,0.001773,0.0,0.008394
2023,2023-09-13,Moga,0.000165,0.0,0.00187,0.0,0.008491
2023,2023-09-13,Muktsar,2.7e-05,0.0,0.001733,0.0,0.008354
2023,2023-09-13,Nawanshahr,0.00044,0.0,0.002145,0.0,0.008766
2023,2023-09-13,Patiala,7.3e-05,0.0,0.001779,0.0,0.0084
2023,2023-09-13,Rupnagar,4e-06,0.0,0.001709,0.0,0.00833
2023,2023-09-13,Sahibzada Ajit Singh Nagar,-6e-06,0.0,0.0017,0.0,0.008321
2023,2023-09-13,Sangrur,5.2e-05,0.0,0.001757,0.0,0.008378
2023,2023-09-13,Tarn Taran,0.002039,0.000334,0.003744,0.0,0.010365
2023,2023-09-23,Amritsar,0.000337,0.0,0.002042,0.0,0.008663
2023,2023-09-23,Barnala,-3e-06,0.0,0.001702,0.0,0.008323
2023,2023-09-23,Bathinda,6e-06,0.0,0.001712,0.0,0.008333
2023,2023-09-23,Faridkot,-3e-06,0.0,0.001702,0.0,0.008323
2023,2023-09-23,Fatehgarh Sahib,4e-06,0.0,0.001709,0.0,0.00833
2023,2023-09-23,Firozpur,0.000772,0.0,0.002477,0.0,0.009098
2023,2023-09-23,Gurdaspur,0.000345,0.0,0.00205,0.0,0.008671
2023,2023-09-23,Hoshiarpur,0.000427,0.0,0.002132,0.0,0.008753
2023,2023-09-23,Jalandhar,0.001121,0.0,0.002826,0.0,0.009448
2023,2023-09-23,Kapurthala,0.001236,0.0,0.002941,0.0,0.009562
2023,2023-09-23,Ludhiana,0.000331,0.0,0.002037,0.0,0.008658
2023,2023-09-23,Mansa,2.4e-05,0.0,0.00173,0.0,0.008351
2023,2023-09-23,Moga,7e-05,0.0,0.001775,0.0,0.008396
2023,2023-09-23,Muktsar,2e-05,0.0,0.001725,0.0,0.008346
2023,2023-09-23,Nawanshahr,0.000438,0.0,0.002144,0.0,0.008765
2023,2023-09-23,Patiala,9.8e-05,0.0,0.001803,0.0,0.008424
2023,2023-09-23,Rupnagar,6e-06,0.0,0.001712,0.0,0.008333
2023,2023-09-23,Sahibzada Ajit Singh Nagar,6e-06,0.0,0.001712,0.0,0.008333
2023,2023-09-23,Sangrur,4.1e-05,0.0,0.001746,0.0,0.008368
2023,2023-09-23,Tarn Taran,0.000783,0.0,0.002488,0.0,0.009109
2024,2024-07-25,Amritsar,0.000643,0.0,0.00286,0.0,0.010036
2024,2024-07-25,Barnala,-3e-06,0.0,0.002214,0.0,0.00939
2024,2024-07-25,Bathinda,0.0,0.0,0.002217,0.0,0.009393
2024,2024-07-25,Faridkot,7.1e-05,0.0,0.002288,0.0,0.009464
2024,2024-07-25,Fatehgarh Sahib,7.4e-05,0.0,0.00229,0.0,0.009466
2024,2024-07-25,Firozpur,0.000126,0.0,0.002342,0.0,0.009518
2024,2024-07-25,Gurdaspur,0.000466,0.0,0.002682,0.0,0.009858
2024,2024-07-25,Hoshiarpur,7.7e-05,0.0,0.002294,0.0,0.00947
2024,2024-07-25,Jalandhar,0.000393,0.0,0.00261,0.0,0.009786
2024,2024-07-25,Kapurthala,-1.7e-05,0.0,0.0022,0.0,0.009376
2024,2024-07-25,Ludhiana,0.000264,0.0,0.00248,0.0,0.009656
2024,2024-07-25,Mansa,3.4e-05,0.0,0.00225,0.0,0.009426
2024,2024-07-25,Moga,0.000264,0.0,0.00248,0.0,0.009656
2024,2024-07-25,Muktsar,0.000212,0.0,0.002429,0.0,0.009605
2024,2024-07-25,Nawanshahr,0.000518,0.0,0.002735,0.0,0.009911
2024,2024-07-25,Patiala,0.002327,0.00011,0.004544,0.0,0.01172
2024,2024-07-25,Rupnagar,0.0,0.0,0.002217,0.0,0.009393
2024,2024-07-25,Sahibzada Ajit Singh Nagar,0.000463,0.0,0.00268,0.0,0.009856
2024,2024-07-25,Sangrur,1.8e-05,0.0,0.002235,0.0,0.009411
2024,2024-07-25,Tarn Taran,0.000587,0.0,0.002804,0.0,0.00998
2024,2024-08-04,Amritsar,0.000152,0.0,0.002369,0.0,0.009545
2024,2024-08-04,Barnala,-4.1e-05,0.0,0.002176,0.0,0.009352
2024,2024-08-04,Bathinda,-4.4e-05,0.0,0.002173,0.0,0.009349
2024,2024-08-04,Faridkot,-4.5e-05,0.0,0.002172,0.0,0.009348
2024,2024-08-04,Fatehgarh Sahib,-3.7e-05,0.0,0.00218,0.0,0.009356
2024,2024-08-04,Firozpur,0.000183,0.0,0.002399,0.0,0.009575
2024,2024-08-04,Gurdaspur,0.000191,0.0,0.002408,0.0,0.009584
2024,2024-08-04,Hoshiarpur,-3.9e-05,0.0,0.002178,0.0,0.009354
2024,2024-08-04,Jalandhar,0.000253,0.0,0.00247,0.0,0.009646
2024,2024-08-04,Kapurthala,0.000248,0.0,0.002465,0.0,0.009641
2024,2024-08-04,Ludhiana,0.000113,0.0,0.00233,0.0,0.009506
2024,2024-08-04,Mansa,-1.9e-05,0.0,0.002198,0.0,0.009374
2024,2024-08-04,Moga,-1.5e-05,0.0,0.002202,0.0,0.009378
2024,2024-08-04,Muktsar,-2.6e-05,0.0,0.002191,0.0,0.009367
2024,2024-08-04,Nawanshahr,0.000252,0.0,0.002469,0.0,0.009645
2024,2024-08-04,Patiala,-5.1e-05,0.0,0.002166,0.0,0.009342
2024,2024-08-04,Rupnagar,-4.4e-05,0.0,0.002172,0.0,0.009348
2024,2024-08-04,Sahibzada Ajit Singh Nagar,-5.1e-05,0.0,0.002166,0.0,0.009342
2024,2024-08-04,Sangrur,-5.5e-05,0.0,0.002162,0.0,0.009338
2024,2024-08-04,Tarn Taran,0.000331,0.0,0.002548,0.0,0.009724
2024,2024-08-14,Amritsar,0.000167,0.0,0.002384,0.0,0.00956
2024,2024-08-14,Barnala,-1.1e-05,0.0,0.002205,0.0,0.009381
2024,2024-08-14,Bathinda,-8e-06,0.0,0.002209,0.0,0.009385
2024,2024-08-14,Faridkot,-8e-06,0.0,0.002208,0.0,0.009384
2024,2024-08-14,Fatehgarh Sahib,-0.0,0.0,0.002216,0.0,0.009392
2024,2024-08-14,Firozpur,0.000211,0.0,0.002428,0.0,0.009604
2024,2024-08-14,Gurdaspur,4.1e-05,0.0,0.002258,0.0,0.009434
2024,2024-08-14,Hoshiarpur,-3e-06,0.0,0.002214,0.0,0.00939
2024,2024-08-14,Jalandhar,0.00023,0.0,0.002447,0.0,0.009623
2024,2024-08-14,Kapurthala,0.000193,0.0,0.002409,0.0,0.009585
2024,2024-08-14,Ludhiana,2.1e-05,0.0,0.002238,0.0,0.009414
2024,2024-08-14,Mansa,9e-06,0.0,0.002225,0.0,0.009401
2024,2024-08-14,Moga,1.2e-05,0.0,0.002229,0.0,0.009405
2024,2024-08-14,Muktsar,3e-06,0.0,0.002219,0.0,0.009395
2024,2024-08-14,Nawanshahr,1.8e-05,0.0,0.002235,0.0,0.009411
2024,2024-08-14,Patiala,-3.8e-05,0.0,0.002179,0.0,0.009355
2024,2024-08-14,Rupnagar,-1e-06,0.0,0.002215,0.0,0.009391
2024,2024-08-14,Sahibzada Ajit Singh Nagar,-8e-06,0.0,0.002208,0.0,0.009384
2024,2024-08-14,Sangrur,-3.3e-05,0.0,0.002183,0.0,0.009359
2024,2024-08-14,Tarn Taran,0.000454,0.0,0.002671,0.0,0.009847
2024,2024-08-24,Amritsar,0.000256,0.0,0.002473,0.0,0.009649
2024,2024-08-24,Barnala,-4e-06,0.0,0.002213,0.0,0.009389
2024,2024-08-24,Bathinda,-1e-06,0.0,0.002216,0.0,0.009392
2024,2024-08-24,Faridkot,-8e-06,0.0,0.002209,0.0,0.009385
2024,2024-08-24,Fatehgarh Sahib,0.0,0.0,0.002217,0.0,0.009393
2024,2024-08-24,Firozpur,0.000169,0.0,0.002386,0.0,0.009562
2024,2024-08-24,Gurdaspur,0.00058,0.0,0.002797,0.0,0.009973
2024,2024-08-24,Hoshiarpur,3.1e-05,0.0,0.002248,0.0,0.009424
2024,2024-08-24,Jalandhar,0.000334,0.0,0.002551,0.0,0.009727
2024,2024-08-24,Kapurthala,0.000256,0.0,0.002472,0.0,0.009648
2024,2024-08-24,Ludhiana,0.000164,0.0,0.002381,0.0,0.009557
2024,2024-08-24,Mansa,3e-06,0.0,0.00222,0.0,0.009396
2024,2024-08-24,Moga,1.4e-05,0.0,0.00223,0.0,0.009406
2024,2024-08-24,Muktsar,3e-06,0.0,0.00222,0.0,0.009396
2024,2024-08-24,Nawanshahr,0.000328,0.0,0.002545,0.0,0.009721
2024,2024-08-24,Patiala,5.6e-05,0.0,0.002273,0.0,0.009449
2024,2024-08-24,Rupnagar,-7e-06,0.0,0.00221,0.0,0.009386
2024,2024-08-24,Sahibzada Ajit Singh Nagar,-1.4e-05,0.0,0.002203,0.0,0.009379
2024,2024-08-24,Sangrur,0.000159,0.0,0.002376,0.0,0.009552
2024,2024-08-24,Tarn Taran,0.000432,0.0,0.002649,0.0,0.009825
2024,2024-09-03,Amritsar,0.000281,0.0,0.002498,0.0,0.009674
2024,2024-09-03,Barnala,1e-06,0.0,0.002218,0.0,0.009394
2024,2024-09-03,Bathinda,5e-06,0.0,0.002221,0.0,0.009397
2024,2024-09-03,Faridkot,-2e-06,0.0,0.002214,0.0,0.00939
2024,2024-09-03,Fatehgarh Sahib,6e-06,0.0,0.002222,0.0,0.009398
2024,2024-09-03,Firozpur,0.000175,0.0,0.002392,0.0,0.009568
2024,2024-09-03,Gurdaspur,0.000315,0.0,0.002531,0.0,0.009707
2024,2024-09-03,Hoshiarpur,3e-06,0.0,0.00222,0.0,0.009396
2024,2024-09-03,Jalandhar,0.000336,0.0,0.002553,0.0,0.009729
2024,2024-09-03,Kapurthala,0.000171,0.0,0.002387,0.0,0.009563
2024,2024-09-03,Ludhiana,0.00017,0.0,0.002386,0.0,0.009562
2024,2024-09-03,Mansa,8e-06,0.0,0.002225,0.0,0.009401
2024,2024-09-03,Moga,1.9e-05,0.0,0.002236,0.0,0.009412
2024,2024-09-03,Muktsar,8e-06,0.0,0.002225,0.0,0.009401
2024,2024-09-03,Nawanshahr,0.000328,0.0,0.002544,0.0,0.00972
2024,2024-09-03,Patiala,-4e-06,0.0,0.002213,0.0,0.009389
2024,2024-09-03,Rupnagar,-1e-06,0.0,0.002215,0.0,0.009391
2024,2024-09-03,Sahibzada Ajit Singh Nagar,-9e-06,0.0,0.002208,0.0,0.009384
2024,2024-09-03,Sangrur,1e-06,0.0,0.002218,0.0,0.009394
2024,2024-09-03,Tarn Taran,0.000488,0.0,0.002705,0.0,0.009881
2024,2024-09-13,Amritsar,0.000134,0.0,0.002351,0.0,0.009527
2024,2024-09-13,Barnala,-9e-06,0.0,0.002207,0.0,0.009383
2024,2024-09-13,Bathinda,-5e-06,0.0,0.002212,0.0,0.009388
2024,2024-09-13,Faridkot,-1.3e-05,0.0,0.002204,0.0,0.00938
2024,2024-09-13,Fatehgarh Sahib,0.000166,0.0,0.002383,0.0,0.009559
2024,2024-09-13,Firozpur,-3e-05,0.0,0.002187,0.0,0.009363
2024,2024-09-13,Gurdaspur,0.00016,0.0,0.002377,0.0,0.009553
2024,2024-09-13,Hoshiarpur,-6e-06,0.0,0.00221,0.0,0.009386
2024,2024-09-13,Jalandhar,0.000182,0.0,0.002398,0.0,0.009574
2024,2024-09-13,Kapurthala,5.9e-05,0.0,0.002276,0.0,0.009452
2024,2024-09-13,Ludhiana,0.00016,0.0,0.002377,0.0,0.009553
2024,2024-09-13,Mansa,-1e-06,0.0,0.002215,0.0,0.009391
2024,2024-09-13,Moga,1e-05,0.0,0.002226,0.0,0.009402
2024,2024-09-13,Muktsar,5e-06,0.0,0.002222,0.0,0.009398
2024,2024-09-13,Nawanshahr,0.000291,0.0,0.002507,0.0,0.009683
2024,2024-09-13,Patiala,0.000282,0.0,0.002499,0.0,0.009675
2024,2024-09-13,Rupnagar,-1.1e-05,0.0,0.002205,0.0,0.009381
2024,2024-09-13,Sahibzada Ajit Singh Nagar,-2e-05,0.0,0.002197,0.0,0.009373
2024,2024-09-13,Sangrur,0.000212,0.0,0.002429,0.0,0.009605
2024,2024-09-13,Tarn Taran,0.000378,0.0,0.002595,0.0,0.009771
2024,2024-09-23,Amritsar,0.00027,0.0,0.002486,0.0,0.009662
2024,2024-09-23,Barnala,-1.8e-05,0.0,0.002199,0.0,0.009375
2024,2024-09-23,Bathinda,-7e-06,0.0,0.00221,0.0,0.009386
2024,2024-09-23,Faridkot,-1.5e-05,0.0,0.002202,0.0,0.009378
2024,2024-09-23,Fatehgarh Sahib,-7e-06,0.0,0.00221,0.0,0.009386
2024,2024-09-23,Firozpur,6.9e-05,0.0,0.002286,0.0,0.009462
2024,2024-09-23,Gurdaspur,0.000307,0.0,0.002524,0.0,0.0097
2024,2024-09-23,Hoshiarpur,2.5e-05,0.0,0.002241,0.0,0.009417
2024,2024-09-23,Jalandhar,9.5e-05,0.0,0.002311,0.0,0.009487
2024,2024-09-23,Kapurthala,8.2e-05,0.0,0.002299,0.0,0.009475
2024,2024-09-23,Ludhiana,8e-06,0.0,0.002225,0.0,0.009401
2024,2024-09-23,Mansa,3e-06,0.0,0.00222,0.0,0.009396
2024,2024-09-23,Moga,7e-06,0.0,0.002224,0.0,0.0094
2024,2024-09-23,Muktsar,-3e-06,0.0,0.002213,0.0,0.009389
2024,2024-09-23,Nawanshahr,0.00021,0.0,0.002426,0.0,0.009602
2024,2024-09-23,Patiala,-1.4e-05,0.0,0.002203,0.0,0.009379
2024,2024-09-23,Rupnagar,-1.3e-05,0.0,0.002204,0.0,0.00938
2024,2024-09-23,Sahibzada Ajit Singh Nagar,-2.1e-05,0.0,0.002195,0.0,0.009371
2024,2024-09-23,Sangrur,0.000125,0.0,0.002342,0.0,0.009517
2024,2024-09-23,Tarn Taran,0.000384,0.0,0.002601,0.0,0.009777
2025,2025-07-25,Amritsar,0.009385,0.008579,0.010191,0.00253,0.01624
2025,2025-07-25,Barnala,0.005231,0.004425,0.006037,0.0,0.012086
2025,2025-07-25,Bathinda,0.008046,0.00724,0.008852,0.001191,0.014902
2025,2025-07-25,Faridkot,0.000676,0.0,0.001482,0.0,0.007532
2025,2025-07-25,Fatehgarh Sahib,0.008576,0.00777,0.009382,0.00172,0.015431
2025,2025-07-25,Firozpur,0.007884,0.007079,0.00869,0.001029,0.01474
2025,2025-07-25,Gurdaspur,0.008907,0.008101,0.009713,0.002052,0.015763
2025,2025-07-25,Hoshiarpur,0.008288,0.007482,0.009094,0.001433,0.015143
2025,2025-07-25,Jalandhar,0.006484,0.005678,0.00729,0.0,0.013339
2025,2025-07-25,Kapurthala,0.012883,0.012077,0.013689,0.006028,0.019739
2025,2025-07-25,Ludhiana,0.004646,0.00384,0.005452,0.0,0.011501
2025,2025-07-25,Mansa,0.008199,0.007393,0.009005,0.001344,0.015055
2025,2025-07-25,Moga,0.005874,0.005068,0.00668,0.0,0.012729
2025,2025-07-25,Muktsar,0.003841,0.003035,0.004647,0.0,0.010696
2025,2025-07-25,Nawanshahr,0.010511,0.009705,0.011317,0.003656,0.017366
2025,2025-07-25,Patiala,0.006245,0.005439,0.007051,0.0,0.013101
2025,2025-07-25,Rupnagar,0.007516,0.00671,0.008322,0.000661,0.014371
2025,2025-07-25,Sahibzada Ajit Singh Nagar,0.00404,0.003234,0.004846,0.0,0.010895
2025,2025-07-25,Sangrur,0.0091,0.008294,0.009906,0.002245,0.015955
2025,2025-07-25,Tarn Taran,0.009444,0.008638,0.01025,0.002589,0.016299
2025,2025-08-04,Amritsar,0.01085,0.010044,0.011656,0.003995,0.017705
2025,2025-08-04,Barnala,0.006422,0.005616,0.007228,0.0,0.013277
2025,2025-08-04,Bathinda,0.008571,0.007765,0.009377,0.001716,0.015426
2025,2025-08-04,Faridkot,0.006296,0.00549,0.007102,0.0,0.013151
2025,2025-08-04,Fatehgarh Sahib,0.009318,0.008513,0.010124,0.002463,0.016174
2025,2025-08-04,Firozpur,0.01228,0.011474,0.013086,0.005425,0.019136
2025,2025-08-04,Gurdaspur,0.009724,0.008918,0.01053,0.002869,0.01658
2025,2025-08-04,Hoshiarpur,0.008638,0.007832,0.009444,0.001783,0.015493
2025,2025-08-04,Jalandhar,0.011127,0.010321,0.011933,0.004272,0.017983
2025,2025-08-04,Kapurthala,0.013618,0.012812,0.014424,0.006762,0.020473
2025,2025-08-04,Ludhiana,0.010314,0.009508,0.01112,0.003458,0.017169
2025,2025-08-04,Mansa,0.008987,0.008181,0.009793,0.002131,0.015842
2025,2025-08-04,Moga,0.009136,0.00833,0.009942,0.002281,0.015992
2025,2025-08-04,Muktsar,0.007989,0.007183,0.008795,0.001133,0.014844
2025,2025-08-04,Nawanshahr,0.01139,0.010584,0.012196,0.004535,0.018246
2025,2025-08-04,Patiala,0.009814,0.009008,0.01062,0.002958,0.016669
2025,2025-08-04,Rupnagar,0.007118,0.006312,0.007924,0.000263,0.013973
2025,2025-08-04,Sahibzada Ajit Singh Nagar,0.003709,0.002903,0.004515,0.0,0.010564
2025,2025-08-04,Sangrur,0.010223,0.009417,0.011029,0.003367,0.017078
2025,2025-08-04,Tarn Taran,0.012361,0.011555,0.013167,0.005506,0.019217
2025,2025-08-14,Amritsar,0.009476,0.00867,0.010282,0.00262,0.016331
2025,2025-08-14,Barnala,0.005198,0.004392,0.006004,0.0,0.012054
2025,2025-08-14,Bathinda,0.003419,0.002613,0.004225,0.0,0.010274
2025,2025-08-14,Faridkot,0.000848,4.2e-05,0.001654,0.0,0.007703
2025,2025-08-14,Fatehgarh Sahib,0.008062,0.007256,0.008868,0.001207,0.014917
2025,2025-08-14,Firozpur,0.008364,0.007558,0.00917,0.001508,0.015219
2025,2025-08-14,Gurdaspur,0.008453,0.007647,0.009259,0.001597,0.015308
2025,2025-08-14,Hoshiarpur,0.007271,0.006465,0.008077,0.000416,0.014127
2025,2025-08-14,Jalandhar,0.009564,0.008758,0.01037,0.002709,0.016419
2025,2025-08-14,Kapurthala,0.010238,0.009432,0.011044,0.003382,0.017093
2025,2025-08-14,Ludhiana,0.008853,0.008047,0.009658,0.001997,0.015708
2025,2025-08-14,Mansa,0.004941,0.004135,0.005747,0.0,0.011796
2025,2025-08-14,Moga,0.004926,0.00412,0.005732,0.0,0.011781
2025,2025-08-14,Muktsar,0.002087,0.001281,0.002893,0.0,0.008943
2025,2025-08-14,Nawanshahr,0.01002,0.009214,0.010826,0.003164,0.016875
2025,2025-08-14,Patiala,0.006254,0.005448,0.00706,0.0,0.01311
2025,2025-08-14,Rupnagar,0.006352,0.005546,0.007158,0.0,0.013207
2025,2025-08-14,Sahibzada Ajit Singh Nagar,0.003104,0.002298,0.00391,0.0,0.009959
2025,2025-08-14,Sangrur,0.008571,0.007765,0.009377,0.001716,0.015426
2025,2025-08-14,Tarn Taran,0.009233,0.008427,0.010039,0.002377,0.016088
2025,2025-08-24,Amritsar,0.007407,0.006601,0.008213,0.000552,0.014263
2025,2025-08-24,Barnala,0.001248,0.000442,0.002054,0.0,0.008103
2025,2025-08-24,Bathinda,0.002486,0.00168,0.003292,0.0,0.009341
2025,2025-08-24,Faridkot,0.004026,0.00322,0.004832,0.0,0.010882
2025,2025-08-24,Fatehgarh Sahib,0.004283,0.003477,0.005089,0.0,0.011139
2025,2025-08-24,Firozpur,0.006492,0.005686,0.007298,0.0,0.013347
2025,2025-08-24,Gurdaspur,0.006632,0.005826,0.007438,0.0,0.013488
2025,2025-08-24,Hoshiarpur,0.004336,0.00353,0.005142,0.0,0.011191
2025,2025-08-24,Jalandhar,0.007444,0.006638,0.00825,0.000589,0.014299
2025,2025-08-24,Kapurthala,0.012345,0.011539,0.013151,0.00549,0.0192
2025,2025-08-24,Ludhiana,0.006808,0.006002,0.007614,0.0,0.013663
2025,2025-08-24,Mansa,0.003197,0.002391,0.004003,0.0,0.010052
2025,2025-08-24,Moga,0.005546,0.00474,0.006352,0.0,0.012401
2025,2025-08-24,Muktsar,0.001106,0.0003,0.001912,0.0,0.007961
2025,2025-08-24,Nawanshahr,0.00688,0.006074,0.007686,2.5e-05,0.013735
2025,2025-08-24,Patiala,0.002264,0.001458,0.00307,0.0,0.009119
2025,2025-08-24,Rupnagar,0.00289,0.002084,0.003696,0.0,0.009746
2025,2025-08-24,Sahibzada Ajit Singh Nagar,0.001248,0.000442,0.002054,0.0,0.008103
2025,2025-08-24,Sangrur,0.003517,0.002711,0.004323,0.0,0.010372
2025,2025-08-24,Tarn Taran,0.004406,0.0036,0.005212,0.0,0.011261
2025,2025-09-03,Amritsar,0.00536,0.004554,0.006166,0.0,0.012216
2025,2025-09-03,Barnala,0.005978,0.005172,0.006784,0.0,0.012833
2025,2025-09-03,Bathinda,0.008904,0.008098,0.00971,0.002048,0.015759
2025,2025-09-03,Faridkot,0.003593,0.002787,0.004399,0.0,0.010449
2025,2025-09-03,Fatehgarh Sahib,0.007944,0.007138,0.00875,0.001089,0.014799
2025,2025-09-03,Firozpur,0.004966,0.00416,0.005772,0.0,0.011821
2025,2025-09-03,Gurdaspur,0.00567,0.004864,0.006476,0.0,0.012526
2025,2025-09-03,Hoshiarpur,0.008526,0.00772,0.009332,0.001671,0.015381
2025,2025-09-03,Jalandhar,0.011215,0.010409,0.012021,0.00436,0.01807
2025,2025-09-03,Kapurthala,0.010986,0.01018,0.011792,0.004131,0.017842
2025,2025-09-03,Ludhiana,0.010709,0.009903,0.011515,0.003854,0.017564
2025,2025-09-03,Mansa,0.007421,0.006615,0.008227,0.000566,0.014277
2025,2025-09-03,Moga,0.008916,0.00811,0.009722,0.002061,0.015771
2025,2025-09-03,Muktsar,0.005404,0.004598,0.00621,0.0,0.012259
2025,2025-09-03,Nawanshahr,0.011902,0.011096,0.012708,0.005046,0.018757
2025,2025-09-03,Patiala,0.010088,0.009282,0.010894,0.003233,0.016944
2025,2025-09-03,Rupnagar,0.007445,0.006639,0.008251,0.00059,0.0143
2025,2025-09-03,Sahibzada Ajit Singh Nagar,0.003588,0.002782,0.004394,0.0,0.010444
2025,2025-09-03,Sangrur,0.010151,0.009345,0.010957,0.003296,0.017007
2025,2025-09-03,Tarn Taran,0.006154,0.005348,0.00696,0.0,0.013009
2025,2025-09-13,Amritsar,0.007524,0.006718,0.00833,0.000669,0.014379
2025,2025-09-13,Barnala,0.007216,0.00641,0.008022,0.00036,0.014071
2025,2025-09-13,Bathinda,0.009491,0.008685,0.010297,0.002636,0.016347
2025,2025-09-13,Faridkot,0.005332,0.004526,0.006138,0.0,0.012187
2025,2025-09-13,Fatehgarh Sahib,0.008212,0.007406,0.009018,0.001356,0.015067
2025,2025-09-13,Firozpur,0.010005,0.009199,0.010811,0.00315,0.016861
2025,2025-09-13,Gurdaspur,0.008834,0.008028,0.00964,0.001979,0.015689
2025,2025-09-13,Hoshiarpur,0.009568,0.008762,0.010374,0.002713,0.016424
2025,2025-09-13,Jalandhar,0.009057,0.008251,0.009863,0.002202,0.015912
2025,2025-09-13,Kapurthala,0.016611,0.015805,0.017417,0.009756,0.023467
2025,2025-09-13,Ludhiana,0.01272,0.011914,0.013526,0.005864,0.019575
2025,2025-09-13,Mansa,0.009996,0.00919,0.010802,0.00314,0.016851
2025,2025-09-13,Moga,0.007644,0.006838,0.00845,0.000789,0.014499
2025,2025-09-13,Muktsar,0.005719,0.004913,0.006525,0.0,0.012575
2025,2025-09-13,Nawanshahr,0.012554,0.011748,0.01336,0.005699,0.01941
2025,2025-09-13,Patiala,0.012434,0.011628,0.01324,0.005579,0.019289
2025,2025-09-13,Rupnagar,0.010833,0.010027,0.011639,0.003977,0.017688
2025,2025-09-13,Sahibzada Ajit Singh Nagar,0.006904,0.006098,0.00771,4.9e-05,0.013759
2025,2025-09-13,Sangrur,0.01295,0.012144,0.013756,0.006095,0.019806
2025,2025-09-13,Tarn Taran,0.010892,0.010086,0.011698,0.004037,0.017747
2025,2025-09-23,Amritsar,0.010266,0.00946,0.011072,0.003411,0.017121
2025,2025-09-23,Barnala,0.004329,0.003523,0.005135,0.0,0.011184
2025,2025-09-23,Bathinda,0.006578,0.005772,0.007384,0.0,0.013433
2025,2025-09-23,Faridkot,0.007121,0.006315,0.007927,0.000266,0.013977
2025,2025-09-23,Fatehgarh Sahib,0.010149,0.009343,0.010955,0.003294,0.017004
2025,2025-09-23,Firozpur,0.006338,0.005532,0.007144,0.0,0.013193
2025,2025-09-23,Gurdaspur,0.009489,0.008683,0.010295,0.002634,0.016344
2025,2025-09-23,Hoshiarpur,0.008566,0.00776,0.009372,0.001711,0.015422
2025,2025-09-23,Jalandhar,0.010302,0.009496,0.011108,0.003447,0.017158
2025,2025-09-23,Kapurthala,0.012528,0.011722,0.013334,0.005673,0.019383
2025,2025-09-23,Ludhiana,0.009939,0.009133,0.010745,0.003084,0.016794
2025,2025-09-23,Mansa,0.006334,0.005528,0.00714,0.0,0.01319
2025,2025-09-23,Moga,0.009267,0.008461,0.010073,0.002411,0.016122
2025,2025-09-23,Muktsar,0.005361,0.004555,0.006167,0.0,0.012216
2025,2025-09-23,Nawanshahr,0.010597,0.009791,0.011403,0.003742,0.017452
2025,2025-09-23,Patiala,0.006586,0.00578,0.007392,0.0,0.013442
2025,2025-09-23,Rupnagar,0.006132,0.005326,0.006938,0.0,0.012987
2025,2025-09-23,Sahibzada Ajit Singh Nagar,0.004077,0.003271,0.004883,0.0,0.010932
2025,2025-09-23,Sangrur,0.006988,0.006182,0.007794,0.000133,0.013843
2025,2025-09-23,Tarn Taran,0.005792,0.004986,0.006598,0.0,0.012648
