date,punjab_mm,upstream_mm
2015-01-01,0.0,0.0
2015-01-02,0.0,0.0
2015-01-03,2.042,6.019
2015-01-04,1.929,8.003
2015-01-05,0.0,0.0
2015-01-06,0.0,0.0
2015-01-07,0.0,0.0
2015-01-08,0.0,0.0
2015-01-09,0.0,0.0
2015-01-10,0.0,0.0
2015-01-11,0.0,0.0
2015-01-12,0.0,0.0
2015-01-13,0.0,0.206
2015-01-14,4.306,8.013
2015-01-15,3.319,8.051
2015-01-16,0.0,0.0
2015-01-17,0.0,0.0
2015-01-18,0.0,0.0
2015-01-19,0.0,0.0
2015-01-20,0.0,0.0
2015-01-21,0.3,0.0
2015-01-22,7.067,13.772
2015-01-23,7.92,13.702
2015-01-24,0.012,0.228
2015-01-25,0.0,0.0
2015-01-26,0.0,0.177
2015-01-27,0.717,6.416
2015-01-28,0.789,2.748
2015-01-29,0.064,0.426
2015-01-30,0.267,3.429
2015-01-31,0.0,0.0
2015-02-01,0.0,0.0
2015-02-02,0.156,2.063
2015-02-03,11.923,23.452
2015-02-04,3.99,10.533
2015-02-05,0.0,0.0
2015-02-06,0.0,0.0
2015-02-07,0.0,0.0
2015-02-08,0.014,0.002
2015-02-09,0.01,0.217
2015-02-10,0.0,0.0
2015-02-11,0.0,0.0
2015-02-12,0.0,0.0
2015-02-13,0.0,0.0
2015-02-14,0.0,0.0
2015-02-15,0.0,0.0
2015-02-16,1.68,4.904
2015-02-17,3.049,9.08
2015-02-18,0.125,1.452
2015-02-19,1.36,6.309
2015-02-20,10.977,29.185
2015-02-21,4.746,15.719
2015-02-22,0.0,0.0
2015-02-23,0.0,0.0
2015-02-24,0.0,0.0
2015-02-25,7.418,16.663
2015-02-26,6.249,24.675
2015-02-27,0.341,6.23
2015-02-28,0.0,1.072
2015-03-01,0.654,2.125
2015-03-02,40.349,47.722
2015-03-03,12.796,28.848
2015-03-04,1.131,3.482
2015-03-05,0.116,0.153
2015-03-06,1.231,6.369
2015-03-07,0.007,0.229
2015-03-08,2.38,5.165
2015-03-09,8.091,21.229
2015-03-10,0.116,4.417
2015-03-11,0.0,0.0
2015-03-12,0.0,0.0
2015-03-13,0.0,0.0
2015-03-14,0.0,0.052
2015-03-15,3.157,3.233
2015-03-16,15.119,15.222
2015-03-17,11.644,14.583
2015-03-18,0.045,0.206
2015-03-19,0.0,0.0
2015-03-20,0.0,0.0
2015-03-21,0.0,0.0
2015-03-22,0.0,0.0
2015-03-23,0.0,0.0
2015-03-24,0.0,0.0
2015-03-25,0.005,0.055
2015-03-26,0.0,0.005
2015-03-27,0.0,0.0
2015-03-28,0.0,0.0
2015-03-29,1.2,4.597
2015-03-30,6.213,18.593
2015-03-31,4.619,2.686
2015-04-01,0.109,0.523
2015-04-02,3.992,13.864
2015-04-03,3.751,11.8
2015-04-04,4.843,10.254
2015-04-05,4.311,5.967
2015-04-06,0.034,0.163
2015-04-07,2.264,1.859
2015-04-08,7.972,5.927
2015-04-09,0.203,0.584
2015-04-10,0.0,0.0
2015-04-11,0.0,0.008
2015-04-12,0.51,0.054
2015-04-13,0.359,0.008
2015-04-14,0.021,0.093
2015-04-15,0.0,0.052
2015-04-16,9.715,7.76
2015-04-17,4.02,1.686
2015-04-18,0.0,0.0
2015-04-19,0.0,0.01
2015-04-20,0.397,4.26
2015-04-21,0.455,5.3
2015-04-22,0.434,1.389
2015-04-23,0.0,0.032
2015-04-24,0.0,0.061
2015-04-25,0.0,0.442
2015-04-26,0.117,1.008
2015-04-27,0.017,0.233
2015-04-28,0.65,0.441
2015-04-29,0.471,0.781
2015-04-30,0.036,0.23
2015-05-01,2.149,8.829
2015-05-02,0.0,0.0
2015-05-03,0.0,0.175
2015-05-04,0.065,0.065
2015-05-05,0.0,0.0
2015-05-06,0.0,0.0
2015-05-07,0.0,0.0
2015-05-08,0.0,0.0
2015-05-09,0.026,0.324
2015-05-10,0.0,0.468
2015-05-11,0.68,0.304
2015-05-12,3.117,4.03
2015-05-13,4.654,5.839
2015-05-14,3.162,4.323
2015-05-15,3.406,2.932
2015-05-16,1.46,1.032
2015-05-17,0.0,0.0
2015-05-18,0.276,1.433
2015-05-19,0.073,0.512
2015-05-20,0.305,1.557
2015-05-21,0.0,0.058
2015-05-22,0.0,0.0
2015-05-23,0.0,0.032
2015-05-24,0.174,0.886
2015-05-25,0.326,3.07
2015-05-26,0.439,6.479
2015-05-27,0.324,1.782
2015-05-28,0.0,0.0
2015-05-29,0.0,0.008
2015-05-30,0.008,0.109
2015-05-31,0.027,0.57
2015-06-01,1.301,1.103
2015-06-02,0.659,0.516
2015-06-03,1.071,2.093
2015-06-04,1.499,2.319
2015-06-05,3.048,5.395
2015-06-06,1.348,1.695
2015-06-07,0.0,1.417
2015-06-08,0.39,2.086
2015-06-09,0.018,0.124
2015-06-10,0.01,0.158
2015-06-11,3.099,6.028
2015-06-12,0.0,0.0
2015-06-13,0.086,0.051
2015-06-14,4.159,0.958
2015-06-15,2.396,2.159
2015-06-16,0.189,0.217
2015-06-17,0.006,0.028
2015-06-18,0.0,0.0
2015-06-19,0.0,0.0
2015-06-20,4.946,7.617
2015-06-21,6.912,8.143
2015-06-22,0.97,1.735
2015-06-23,1.982,3.766
2015-06-24,7.032,2.901
2015-06-25,8.503,16.245
2015-06-26,0.116,5.843
2015-06-27,0.0,0.0
2015-06-28,0.0,0.0
2015-06-29,0.178,1.349
2015-06-30,15.375,6.71
2015-07-01,0.334,2.792
2015-07-02,0.379,1.553
2015-07-03,1.237,1.287
2015-07-04,0.587,0.279
2015-07-05,0.912,1.699
2015-07-06,14.636,17.317
2015-07-07,10.429,6.266
2015-07-08,3.783,3.89
2015-07-09,4.023,5.157
2015-07-10,13.905,23.216
2015-07-11,20.64,18.317
2015-07-12,13.981,16.206
2015-07-13,19.107,9.928
2015-07-14,0.589,0.55
2015-07-15,0.318,0.338
2015-07-16,6.61,8.318
2015-07-17,36.814,34.263
2015-07-18,4.912,3.627
2015-07-19,6.625,11.654
2015-07-20,3.534,6.24
2015-07-21,6.827,6.1
2015-07-22,3.62,4.382
2015-07-23,5.474,10.565
2015-07-24,3.639,6.499
2015-07-25,3.438,3.007
2015-07-26,15.378,19.459
2015-07-27,2.736,6.052
2015-07-28,8.991,10.051
2015-07-29,3.325,4.592
2015-07-30,2.427,9.585
2015-07-31,3.645,3.81
2015-08-01,8.368,15.572
2015-08-02,7.559,6.327
2015-08-03,5.102,7.956
2015-08-04,1.39,2.476
2015-08-05,4.269,5.294
2015-08-06,9.259,9.797
2015-08-07,11.052,8.011
2015-08-08,16.361,18.821
2015-08-09,17.726,18.15
2015-08-10,7.567,11.098
2015-08-11,3.499,4.13
2015-08-12,13.103,15.387
2015-08-13,0.915,0.651
2015-08-14,4.103,8.31
2015-08-15,2.018,2.452
2015-08-16,6.854,12.095
2015-08-17,0.628,1.174
2015-08-18,1.561,3.141
2015-08-19,3.643,2.54
2015-08-20,3.374,2.632
2015-08-21,7.619,8.519
2015-08-22,12.313,7.261
2015-08-23,0.457,0.817
2015-08-24,2.636,2.112
2015-08-25,0.846,0.945
2015-08-26,0.096,0.104
2015-08-27,0.013,0.013
2015-08-28,3.143,4.89
2015-08-29,0.0,0.0
2015-08-30,0.232,0.252
2015-08-31,0.558,1.168
2015-09-01,0.069,1.049
2015-09-02,0.467,1.058
2015-09-03,1.44,1.908
2015-09-04,0.357,1.022
2015-09-05,0.078,0.47
2015-09-06,0.493,1.983
2015-09-07,0.304,0.375
2015-09-08,0.002,0.058
2015-09-09,0.0,0.0
2015-09-10,0.0,0.0
2015-09-11,0.0,0.0
2015-09-12,0.0,0.0
2015-09-13,0.0,0.0
2015-09-14,1.312,1.516
2015-09-15,0.49,0.558
2015-09-16,0.24,0.428
2015-09-17,2.436,2.75
2015-09-18,0.0,0.0
2015-09-19,0.138,0.622
2015-09-20,2.46,6.78
2015-09-21,15.254,6.686
2015-09-22,9.941,3.712
2015-09-23,46.834,41.508
2015-09-24,1.922,5.079
2015-09-25,0.0,0.446
2015-09-26,0.202,1.744
2015-09-27,0.542,2.086
2015-09-28,0.073,0.186
2015-09-29,0.0,0.0
2015-09-30,0.0,0.0
2015-10-01,0.0,0.0
2015-10-02,0.0,0.0
2015-10-03,0.0,0.0
2015-10-04,0.0,0.0
2015-10-05,0.0,0.013
2015-10-06,0.0,0.0
2015-10-07,0.0,0.0
2015-10-08,0.0,0.0
2015-10-09,0.0,0.0
2015-10-10,0.0,0.0
2015-10-11,0.0,0.0
2015-10-12,0.0,0.0
2015-10-13,0.0,0.0
2015-10-14,0.125,0.303
2015-10-15,5.81,7.585
2015-10-16,0.0,0.0
2015-10-17,0.0,0.0
2015-10-18,0.0,0.0
2015-10-19,0.175,0.151
2015-10-20,0.414,2.651
2015-10-21,0.004,0.013
2015-10-22,0.0,0.0
2015-10-23,0.0,0.0
2015-10-24,0.0,0.0
2015-10-25,0.216,0.403
2015-10-26,5.301,6.983
2015-10-27,0.109,0.618
2015-10-28,0.545,0.143
2015-10-29,0.025,0.026
2015-10-30,0.0,0.0
2015-10-31,0.0,0.0
2015-11-01,0.0,0.0
2015-11-02,0.0,0.0
2015-11-03,0.0,0.0
2015-11-04,0.06,0.058
2015-11-05,1.826,5.624
2015-11-06,0.217,0.157
2015-11-07,0.0,0.0
2015-11-08,0.095,0.0
2015-11-09,0.003,0.0
2015-11-10,0.076,0.207
2015-11-11,0.194,2.122
2015-11-12,0.0,0.0
2015-11-13,0.001,0.13
2015-11-14,0.008,0.129
2015-11-15,0.0,0.0
2015-11-16,0.019,0.0
2015-11-17,0.0,0.0
2015-11-18,0.0,0.0
2015-11-19,0.0,0.0
2015-11-20,0.0,0.0
2015-11-21,0.0,0.0
2015-11-22,0.0,0.0
2015-11-23,0.0,0.0
2015-11-24,0.0,0.0
2015-11-25,0.0,0.0
2015-11-26,0.0,0.0
2015-11-27,0.816,4.517
2015-11-28,0.178,0.781
2015-11-29,0.0,0.0
2015-11-30,0.0,0.0
2015-12-01,0.0,0.0
2015-12-02,0.0,0.0
2015-12-03,0.0,0.0
2015-12-04,0.0,0.0
2015-12-05,0.0,0.0
2015-12-06,0.0,0.0
2015-12-07,0.0,0.0
2015-12-08,0.0,0.0
2015-12-09,0.0,0.0
2015-12-10,0.032,0.0
2015-12-11,3.486,10.659
2015-12-12,2.254,12.258
2015-12-13,0.0,0.0
2015-12-14,0.0,0.043
2015-12-15,0.0,0.0
2015-12-16,0.0,0.0
2015-12-17,0.0,0.0
2015-12-18,0.097,1.073
2015-12-19,0.0,0.0
2015-12-20,0.0,0.0
2015-12-21,0.0,0.0
2015-12-22,0.0,0.0
2015-12-23,0.0,0.001
2015-12-24,0.007,0.259
2015-12-25,0.0,0.0
2015-12-26,0.0,0.0
2015-12-27,0.011,0.091
2015-12-28,0.0,0.0
2015-12-29,0.0,0.0
2015-12-30,0.0,0.0
2015-12-31,0.0,0.0
2016-01-01,0.0,0.0
2016-01-02,0.0,0.0
2016-01-03,0.0,0.0
2016-01-04,0.021,0.203
2016-01-05,0.437,4.255
2016-01-06,0.0,0.025
2016-01-07,0.0,0.004
2016-01-08,0.113,1.404
2016-01-09,0.211,2.397
2016-01-10,0.007,0.098
2016-01-11,0.0,0.0
2016-01-12,0.0,0.0
2016-01-13,1.556,0.576
2016-01-14,0.0,0.0
2016-01-15,0.0,0.009
2016-01-16,0.0,0.0
2016-01-17,0.0,0.0
2016-01-18,0.0,0.0
2016-01-19,0.0,0.0
2016-01-20,0.0,0.391
2016-01-21,0.0,0.0
2016-01-22,0.0,0.0
2016-01-23,0.0,0.0
2016-01-24,0.0,0.0
2016-01-25,0.0,0.0
2016-01-26,0.0,0.0
2016-01-27,0.028,0.369
2016-01-28,0.0,0.009
2016-01-29,0.697,0.472
2016-01-30,3.47,9.635
2016-01-31,0.08,0.21
2016-02-01,0.035,0.461
2016-02-02,0.0,0.0
2016-02-03,0.0,0.0
2016-02-04,0.0,0.0
2016-02-05,0.0,0.0
2016-02-06,0.0,0.0
2016-02-07,2.427,6.733
2016-02-08,1.195,8.665
2016-02-09,0.0,0.0
2016-02-10,0.0,0.0
2016-02-11,0.225,1.517
2016-02-12,0.256,3.229
2016-02-13,0.013,0.018
2016-02-14,0.022,2.443
2016-02-15,0.0,0.023
2016-02-16,0.0,0.003
2016-02-17,0.0,0.0
2016-02-18,0.007,0.0
2016-02-19,0.383,0.078
2016-02-20,5.823,16.369
2016-02-21,0.85,4.894
2016-02-22,0.0,0.0
2016-02-23,0.0,0.0
2016-02-24,0.0,0.0
2016-02-25,0.0,0.0
2016-02-26,0.0,0.0
2016-02-27,0.0,0.0
2016-02-28,0.0,0.207
2016-02-29,0.006,0.014
2016-03-01,0.031,0.523
2016-03-02,0.0,0.0
2016-03-03,0.0,0.0
2016-03-04,0.0,0.0
2016-03-05,0.494,0.256
2016-03-06,5.301,4.855
2016-03-07,3.333,6.599
2016-03-08,0.588,1.518
2016-03-09,0.002,0.014
2016-03-10,0.0,0.0
2016-03-11,0.15,1.188
2016-03-12,14.487,25.28
2016-03-13,15.026,21.61
2016-03-14,3.719,7.197
2016-03-15,1.302,2.005
2016-03-16,0.0,0.0
2016-03-17,0.062,0.6
2016-03-18,3.852,22.023
2016-03-19,1.631,5.934
2016-03-20,3.329,4.764
2016-03-21,0.515,1.877
2016-03-22,0.0,0.0
2016-03-23,0.0,0.0
2016-03-24,0.0,0.0
2016-03-25,0.004,0.021
2016-03-26,0.307,1.198
2016-03-27,0.023,1.039
2016-03-28,0.085,1.84
2016-03-29,0.0,0.0
2016-03-30,0.0,0.0
2016-03-31,0.0,0.229
2016-04-01,0.0,0.032
2016-04-02,0.157,0.881
2016-04-03,0.0,0.054
2016-04-04,0.446,2.777
2016-04-05,0.818,4.501
2016-04-06,0.0,0.0
2016-04-07,0.612,9.85
2016-04-08,0.552,4.164
2016-04-09,0.005,0.04
2016-04-10,0.031,0.461
2016-04-11,0.191,1.737
2016-04-12,0.296,2.843
2016-04-13,0.0,0.0
2016-04-14,0.0,0.098
2016-04-15,0.0,0.0
2016-04-16,0.0,0.0
2016-04-17,0.029,0.214
2016-04-18,1.639,14.498
2016-04-19,0.093,2.916
2016-04-20,0.417,2.614
2016-04-21,0.0,0.0
2016-04-22,0.142,0.63
2016-04-23,0.514,4.84
2016-04-24,0.096,0.874
2016-04-25,0.0,0.0
2016-04-26,0.0,0.0
2016-04-27,0.0,0.0
2016-04-28,0.005,0.098
2016-04-29,0.017,0.17
2016-04-30,0.0,0.0
2016-05-01,0.0,0.0
2016-05-02,0.0,0.0
2016-05-03,0.0,0.148
2016-05-04,0.39,1.653
2016-05-05,2.113,4.634
2016-05-06,3.533,6.236
2016-05-07,0.351,0.56
2016-05-08,0.0,0.0
2016-05-09,0.0,0.015
2016-05-10,0.129,0.691
2016-05-11,11.867,16.595
2016-05-12,0.026,0.266
2016-05-13,0.376,2.441
2016-05-14,0.886,0.739
2016-05-15,0.026,0.717
2016-05-16,0.0,0.002
2016-05-17,0.051,0.74
2016-05-18,0.0,0.0
2016-05-19,0.0,0.0
2016-05-20,0.008,0.015
2016-05-21,0.827,0.713
2016-05-22,0.005,0.003
2016-05-23,0.958,2.2
2016-05-24,8.195,7.457
2016-05-25,0.812,3.497
2016-05-26,0.068,0.126
2016-05-27,0.082,0.283
2016-05-28,0.0,0.093
2016-05-29,2.94,3.816
2016-05-30,5.626,2.311
2016-05-31,1.183,1.376
2016-06-01,0.0,0.0
2016-06-02,0.032,0.0
2016-06-03,0.0,0.022
2016-06-04,0.081,0.476
2016-06-05,0.014,0.286
2016-06-06,1.663,1.905
2016-06-07,1.753,3.451
2016-06-08,1.179,2.215
2016-06-09,2.287,5.109
2016-06-10,0.593,0.671
2016-06-11,2.485,1.098
2016-06-12,0.619,0.542
2016-06-13,0.142,1.673
2016-06-14,3.233,2.149
2016-06-15,7.504,5.164
2016-06-16,7.166,15.273
2016-06-17,2.243,3.253
2016-06-18,0.473,0.242
2016-06-19,1.833,1.597
2016-06-20,2.64,2.795
2016-06-21,2.853,2.522
2016-06-22,3.223,3.375
2016-06-23,11.463,6.989
2016-06-24,0.0,0.0
2016-06-25,0.075,0.074
2016-06-26,2.032,1.575
2016-06-27,6.017,4.258
2016-06-28,14.47,15.48
2016-06-29,0.081,0.285
2016-06-30,1.318,3.634
2016-07-01,5.379,8.025
2016-07-02,16.775,14.929
2016-07-03,17.48,13.912
2016-07-04,5.035,9.683
2016-07-05,0.897,1.49
2016-07-06,8.587,8.986
2016-07-07,0.562,0.005
2016-07-08,0.034,0.0
2016-07-09,3.243,4.356
2016-07-10,8.511,1.437
2016-07-11,1.473,7.343
2016-07-12,3.269,10.215
2016-07-13,3.137,5.263
2016-07-14,3.461,4.067
2016-07-15,13.114,14.327
2016-07-16,10.172,10.42
2016-07-17,11.509,13.35
2016-07-18,5.905,6.194
2016-07-19,3.174,6.896
2016-07-20,0.387,0.733
2016-07-21,0.638,1.198
2016-07-22,6.423,8.79
2016-07-23,9.652,5.713
2016-07-24,4.298,3.76
2016-07-25,3.831,4.011
2016-07-26,4.201,5.982
2016-07-27,15.804,19.172
2016-07-28,11.577,9.339
2016-07-29,1.925,2.073
2016-07-30,9.367,11.85
2016-07-31,3.179,7.137
2016-08-01,6.975,16.237
2016-08-02,7.582,16.1
2016-08-03,2.461,4.575
2016-08-04,0.361,2.697
2016-08-05,0.813,2.87
2016-08-06,14.448,25.909
2016-08-07,31.775,22.856
2016-08-08,7.695,8.467
2016-08-09,2.782,5.365
2016-08-10,9.766,10.239
2016-08-11,8.881,12.806
2016-08-12,21.351,26.745
2016-08-13,2.365,4.097
2016-08-14,3.404,3.974
2016-08-15,4.701,5.384
2016-08-16,2.436,4.075
2016-08-17,0.344,2.339
2016-08-18,3.869,9.237
2016-08-19,0.512,2.457
2016-08-20,2.216,4.667
2016-08-21,10.203,8.782
2016-08-22,1.793,0.799
2016-08-23,4.62,10.008
2016-08-24,1.053,2.663
2016-08-25,16.532,15.189
2016-08-26,3.22,2.46
2016-08-27,7.445,14.288
2016-08-28,18.351,10.841
2016-08-29,7.082,1.25
2016-08-30,6.477,5.355
2016-08-31,3.647,2.084
2016-09-01,4.215,4.107
2016-09-02,6.144,8.814
2016-09-03,0.264,0.996
2016-09-04,0.054,0.114
2016-09-05,0.867,3.262
2016-09-06,0.474,1.876
2016-09-07,0.112,0.376
2016-09-08,0.014,0.014
2016-09-09,0.948,1.373
2016-09-10,1.679,2.522
2016-09-11,0.825,1.38
2016-09-12,1.563,2.271
2016-09-13,0.129,0.213
2016-09-14,4.388,4.06
2016-09-15,0.047,0.066
2016-09-16,0.0,0.0
2016-09-17,0.172,0.379
2016-09-18,0.279,0.684
2016-09-19,0.112,0.288
2016-09-20,2.113,2.038
2016-09-21,0.918,0.808
2016-09-22,2.852,3.648
2016-09-23,2.582,3.994
2016-09-24,0.017,0.114
2016-09-25,0.177,0.475
2016-09-26,0.368,0.354
2016-09-27,0.689,0.138
2016-09-28,0.93,0.692
2016-09-29,0.392,0.171
2016-09-30,0.135,0.069
2016-10-01,0.0,0.0
2016-10-02,0.022,0.022
2016-10-03,0.645,1.255
2016-10-04,0.112,0.358
2016-10-05,0.047,1.618
2016-10-06,1.506,2.14
2016-10-07,0.0,0.0
2016-10-08,0.0,0.0
2016-10-09,0.0,0.0
2016-10-10,0.009,0.231
2016-10-11,0.0,0.0
2016-10-12,0.0,0.0
2016-10-13,0.0,0.0
2016-10-14,0.0,0.0
2016-10-15,0.0,0.0
2016-10-16,0.0,0.0
2016-10-17,0.0,0.0
2016-10-18,0.0,0.0
2016-10-19,0.0,0.0
2016-10-20,0.0,0.0
2016-10-21,0.0,0.0
2016-10-22,0.0,0.0
2016-10-23,0.0,0.0
2016-10-24,0.0,0.0
2016-10-25,0.0,0.0
2016-10-26,0.0,0.0
2016-10-27,0.0,0.0
2016-10-28,0.0,0.0
2016-10-29,0.0,0.0
2016-10-30,0.0,0.0
2016-10-31,0.0,0.0
2016-11-01,0.0,0.0
2016-11-02,0.0,0.0
2016-11-03,0.0,0.0
2016-11-04,0.0,0.0
2016-11-05,0.0,0.0
2016-11-06,0.0,0.0
2016-11-07,0.0,0.0
2016-11-08,0.0,0.0
2016-11-09,0.0,0.0
2016-11-10,0.0,0.0
2016-11-11,0.0,0.0
2016-11-12,0.0,0.0
2016-11-13,0.256,0.081
2016-11-14,0.0,0.0
2016-11-15,0.0,0.0
2016-11-16,0.0,0.0
2016-11-17,0.0,0.0
2016-11-18,0.0,0.0
2016-11-19,0.0,0.0
2016-11-20,0.0,0.0
2016-11-21,0.0,0.0
2016-11-22,0.0,0.0
2016-11-23,0.0,0.0
2016-11-24,0.0,0.0
2016-11-25,0.0,0.0
2016-11-26,0.0,0.0
2016-11-27,0.0,0.0
2016-11-28,0.0,0.0
2016-11-29,0.0,0.0
2016-11-30,0.0,0.0
2016-12-01,0.0,0.0
2016-12-02,0.0,0.0
2016-12-03,0.0,0.0
2016-12-04,0.0,0.0
2016-12-05,0.0,0.0
2016-12-06,0.0,0.0
2016-12-07,0.0,0.0
2016-12-08,0.0,0.0
2016-12-09,0.0,0.0
2016-12-10,0.0,0.0
2016-12-11,0.0,0.15
2016-12-12,0.0,0.13
2016-12-13,0.0,0.0
2016-12-14,0.0,0.0
2016-12-15,0.0,0.0
2016-12-16,0.0,0.0
2016-12-17,0.0,0.0
2016-12-18,0.0,0.0
2016-12-19,0.0,0.0
2016-12-20,0.0,0.0
2016-12-21,0.0,0.0
2016-12-22,0.0,0.0
2016-12-23,0.0,0.0
2016-12-24,0.0,0.0
2016-12-25,0.905,1.735
2016-12-26,0.557,0.512
2016-12-27,0.0,0.0
2016-12-28,0.0,0.0
2016-12-29,0.0,0.0
2016-12-30,0.0,0.0
2016-12-31,0.0,0.0
2017-01-01,0.0,0.0
2017-01-02,0.0,0.739
2017-01-03,0.028,0.028
2017-01-04,0.111,1.121
2017-01-05,0.07,1.261
2017-01-06,0.229,0.464
2017-01-07,15.376,24.291
2017-01-08,6.594,14.319
2017-01-09,0.324,0.599
2017-01-10,0.051,0.375
2017-01-11,0.204,1.958
2017-01-12,0.0,0.091
2017-01-13,0.0,0.0
2017-01-14,0.0,0.0
2017-01-15,0.0,0.0
2017-01-16,6.336,11.57
2017-01-17,1.198,7.442
2017-01-18,0.626,4.359
2017-01-19,0.038,0.73
2017-01-20,0.0,0.0
2017-01-21,0.0,0.0
2017-01-22,0.233,0.715
2017-01-23,0.005,0.321
2017-01-24,0.076,1.012
2017-01-25,2.185,15.822
2017-01-26,17.201,30.97
2017-01-27,20.897,22.539
2017-01-28,0.142,0.998
2017-01-29,0.064,0.625
2017-01-30,0.039,0.644
2017-01-31,0.703,4.542
2017-02-01,0.0,0.294
2017-02-02,0.0,0.0
2017-02-03,0.0,0.0
2017-02-04,0.0,0.0
2017-02-05,3.133,9.43
2017-02-06,3.331,14.791
2017-02-07,0.022,0.275
2017-02-08,0.016,0.151
2017-02-09,0.022,0.237
2017-02-10,0.0,0.0
2017-02-11,0.0,0.0
2017-02-12,0.0,0.0
2017-02-13,0.0,0.0
2017-02-14,0.0,0.0
2017-02-15,0.0,0.0
2017-02-16,0.014,0.177
2017-02-17,0.042,0.42
2017-02-18,0.06,0.604
2017-02-19,0.19,1.51
2017-02-20,0.744,5.277
2017-02-21,1.586,10.52
2017-02-22,1.463,5.415
2017-02-23,0.0,0.019
2017-02-24,0.0,0.0
2017-02-25,0.0,0.0
2017-02-26,0.0,0.0
2017-02-27,0.0,0.0
2017-02-28,0.005,0.044
2017-03-01,0.237,2.616
2017-03-02,0.196,3.478
2017-03-03,0.085,1.189
2017-03-04,0.0,0.0
2017-03-05,0.0,0.0
2017-03-06,0.0,0.0
2017-03-07,0.017,0.017
2017-03-08,1.581,9.549
2017-03-09,7.21,14.131
2017-03-10,3.843,9.826
2017-03-11,6.323,7.612
2017-03-12,0.568,3.591
2017-03-13,0.0,0.0
2017-03-14,0.0,0.008
2017-03-15,0.022,0.023
2017-03-16,0.363,3.162
2017-03-17,0.47,6.696
2017-03-18,0.178,1.327
2017-03-19,0.0,0.0
2017-03-20,0.021,0.036
2017-03-21,0.0,0.0
2017-03-22,0.047,0.491
2017-03-23,0.024,0.244
2017-03-24,0.018,0.299
2017-03-25,0.0,0.0
2017-03-26,0.0,0.0
2017-03-27,0.0,0.0
2017-03-28,0.0,0.0
2017-03-29,0.0,0.009
2017-03-30,0.0,0.0
2017-03-31,0.0,0.0
2017-04-01,0.012,0.202
2017-04-02,0.0,0.268
2017-04-03,0.005,0.069
2017-04-04,0.032,0.012
2017-04-05,3.131,11.263
2017-04-06,6.937,28.423
2017-04-07,2.077,12.784
2017-04-08,0.022,0.209
2017-04-09,0.0,0.0
2017-04-10,0.0,0.0
2017-04-11,0.0,0.0
2017-04-12,0.0,0.0
2017-04-13,0.0,0.0
2017-04-14,0.0,0.0
2017-04-15,0.002,0.123
2017-04-16,0.0,0.0
2017-04-17,0.0,0.0
2017-04-18,0.0,0.0
2017-04-19,0.0,0.0
2017-04-20,0.015,0.015
2017-04-21,0.259,1.772
2017-04-22,1.967,8.521
2017-04-23,1.306,2.454
2017-04-24,3.077,7.238
2017-04-25,0.018,1.597
2017-04-26,0.093,0.394
2017-04-27,0.612,0.69
2017-04-28,0.009,0.363
2017-04-29,0.03,0.217
2017-04-30,1.768,5.905
2017-05-01,0.374,4.819
2017-05-02,0.0,0.056
2017-05-03,0.009,0.081
2017-05-04,0.547,5.738
2017-05-05,0.058,0.424
2017-05-06,0.002,0.045
2017-05-07,0.0,0.0
2017-05-08,0.046,0.236
2017-05-09,0.0,0.308
2017-05-10,0.457,1.649
2017-05-11,1.853,3.449
2017-05-12,0.0,0.114
2017-05-13,0.004,0.736
2017-05-14,0.094,0.277
2017-05-15,0.054,0.83
2017-05-16,0.244,0.777
2017-05-17,1.087,4.98
2017-05-18,0.258,1.962
2017-05-19,0.559,2.733
2017-05-20,1.783,4.928
2017-05-21,0.068,0.402
2017-05-22,2.226,3.795
2017-05-23,0.492,1.562
2017-05-24,0.349,0.677
2017-05-25,0.094,0.278
2017-05-26,0.01,0.352
2017-05-27,1.298,4.067
2017-05-28,0.007,0.39
2017-05-29,2.451,2.671
2017-05-30,1.03,1.78
2017-05-31,6.584,12.361
2017-06-01,0.227,1.61
2017-06-02,0.0,0.017
2017-06-03,0.0,0.001
2017-06-04,0.0,0.0
2017-06-05,0.0,0.0
2017-06-06,0.083,2.204
2017-06-07,16.725,21.59
2017-06-08,3.02,1.417
2017-06-09,1.063,1.942
2017-06-10,0.236,1.311
2017-06-11,3.815,1.081
2017-06-12,0.013,0.537
2017-06-13,0.013,0.893
2017-06-14,1.157,0.759
2017-06-15,0.37,0.194
2017-06-16,1.874,0.895
2017-06-17,0.47,2.168
2017-06-18,3.989,1.525
2017-06-19,3.401,4.773
2017-06-20,13.25,6.531
2017-06-21,8.177,6.15
2017-06-22,5.127,11.29
2017-06-23,1.555,0.892
2017-06-24,0.0,0.0
2017-06-25,0.0,0.013
2017-06-26,2.148,4.656
2017-06-27,3.109,5.327
2017-06-28,9.999,10.915
2017-06-29,28.007,17.74
2017-06-30,11.581,13.401
2017-07-01,3.543,4.217
2017-07-02,0.655,1.845
2017-07-03,6.597,7.417
2017-07-04,4.02,3.603
2017-07-05,2.253,2.962
2017-07-06,3.443,3.621
2017-07-07,4.498,4.188
2017-07-08,0.417,0.329
2017-07-09,0.039,0.041
2017-07-10,5.014,8.676
2017-07-11,6.944,10.776
2017-07-12,21.683,18.922
2017-07-13,8.58,12.7
2017-07-14,0.579,2.157
2017-07-15,3.567,4.166
2017-07-16,6.459,15.084
2017-07-17,2.951,9.254
2017-07-18,14.794,25.559
2017-07-19,4.567,4.359
2017-07-20,0.317,1.568
2017-07-21,4.0,2.898
2017-07-22,3.66,5.883
2017-07-23,4.363,17.266
2017-07-24,8.641,13.792
2017-07-25,2.898,7.448
2017-07-26,4.535,8.311
2017-07-27,1.359,3.706
2017-07-28,6.612,3.677
2017-07-29,4.577,11.306
2017-07-30,4.115,7.763
2017-07-31,9.832,18.963
2017-08-01,11.767,19.444
2017-08-02,21.246,10.044
2017-08-03,12.673,10.523
2017-08-04,11.353,11.82
2017-08-05,11.997,16.521
2017-08-06,10.416,12.53
2017-08-07,8.215,8.184
2017-08-08,13.549,15.25
2017-08-09,10.827,8.314
2017-08-10,5.399,3.884
2017-08-11,3.173,3.715
2017-08-12,3.95,5.028
2017-08-13,2.041,1.834
2017-08-14,7.526,8.329
2017-08-15,0.262,0.248
2017-08-16,0.422,0.144
2017-08-17,0.119,0.119
2017-08-18,0.831,0.855
2017-08-19,3.565,5.628
2017-08-20,10.118,12.703
2017-08-21,5.875,6.406
2017-08-22,6.253,8.775
2017-08-23,2.66,2.63
2017-08-24,6.575,9.395
2017-08-25,1.571,2.667
2017-08-26,7.782,9.424
2017-08-27,0.101,0.026
2017-08-28,0.0,0.574
2017-08-29,2.151,6.562
2017-08-30,5.121,4.618
2017-08-31,2.589,3.707
2017-09-01,17.836,13.755
2017-09-02,22.266,13.677
2017-09-03,3.785,5.043
2017-09-04,0.83,2.083
2017-09-05,1.613,0.182
2017-09-06,0.401,0.823
2017-09-07,1.638,3.437
2017-09-08,3.777,5.382
2017-09-09,0.06,0.318
2017-09-10,1.709,7.776
2017-09-11,1.345,2.364
2017-09-12,1.079,0.224
2017-09-13,0.018,0.018
2017-09-14,0.499,0.63
2017-09-15,0.395,0.006
2017-09-16,0.0,0.018
2017-09-17,0.062,3.962
2017-09-18,0.0,1.452
2017-09-19,0.0,0.0
2017-09-20,0.0,0.0
2017-09-21,0.0,0.0
2017-09-22,0.0,0.359
2017-09-23,12.442,14.684
2017-09-24,4.855,17.763
2017-09-25,0.082,2.682
2017-09-26,0.0,0.015
2017-09-27,0.077,1.053
2017-09-28,0.084,0.216
2017-09-29,0.081,0.125
2017-09-30,0.0,0.0
2017-10-01,0.148,0.149
2017-10-02,0.0,0.0
2017-10-03,0.0,0.0
2017-10-04,0.0,0.0
2017-10-05,0.0,0.0
2017-10-06,0.0,0.0
2017-10-07,0.0,0.0
2017-10-08,0.0,0.0
2017-10-09,0.0,0.0
2017-10-10,0.0,0.0
2017-10-11,0.0,0.0
2017-10-12,0.006,0.074
2017-10-13,0.0,0.022
2017-10-14,0.012,0.177
2017-10-15,0.0,0.0
2017-10-16,0.0,0.0
2017-10-17,0.0,0.0
2017-10-18,0.0,0.0
2017-10-19,0.0,0.0
2017-10-20,0.006,0.074
2017-10-21,0.0,0.0
2017-10-22,0.0,0.0
2017-10-23,0.0,0.004
2017-10-24,0.0,0.0
2017-10-25,0.0,0.0
2017-10-26,0.0,0.0
2017-10-27,0.0,0.0
2017-10-28,0.0,0.0
2017-10-29,0.0,0.0
2017-10-30,0.0,0.0
2017-10-31,0.0,0.0
2017-11-01,0.0,0.0
2017-11-02,0.0,0.0
2017-11-03,0.0,0.0
2017-11-04,0.0,0.0
2017-11-05,0.0,0.0
2017-11-06,0.0,0.0
2017-11-07,0.0,0.0
2017-11-08,0.0,0.0
2017-11-09,0.0,0.0
2017-11-10,0.0,0.068
2017-11-11,0.0,0.0
2017-11-12,0.0,0.0
2017-11-13,0.0,0.0
2017-11-14,0.0,0.0
2017-11-15,2.002,0.131
2017-11-16,0.846,0.377
2017-11-17,0.027,0.366
2017-11-18,0.169,1.259
2017-11-19,0.199,3.155
2017-11-20,0.108,2.907
2017-11-21,0.0,0.017
2017-11-22,0.0,0.0
2017-11-23,0.053,0.0
2017-11-24,0.0,0.0
2017-11-25,0.0,0.0
2017-11-26,0.0,0.0
2017-11-27,0.0,0.0
2017-11-28,0.0,0.0
2017-11-29,0.036,0.347
2017-11-30,0.0,0.0
2017-12-01,0.0,0.0
2017-12-02,0.0,0.0
2017-12-03,0.0,0.0
2017-12-04,0.0,0.0
2017-12-05,0.0,0.0
2017-12-06,0.0,0.042
2017-12-07,0.007,0.499
2017-12-08,0.004,0.15
2017-12-09,0.0,0.0
2017-12-10,0.0,0.0
2017-12-11,1.399,0.193
2017-12-12,19.906,29.866
2017-12-13,4.403,11.75
2017-12-14,0.407,2.338
2017-12-15,0.0,0.0
2017-12-16,0.0,0.0
2017-12-17,0.0,0.0
2017-12-18,0.0,0.0
2017-12-19,0.0,0.0
2017-12-20,0.0,0.005
2017-12-21,0.015,0.174
2017-12-22,0.0,0.003
2017-12-23,0.0,0.0
2017-12-24,0.0,0.0
2017-12-25,0.0,0.0
2017-12-26,0.0,0.0
2017-12-27,0.0,0.0
2017-12-28,0.0,0.0
2017-12-29,0.0,0.0
2017-12-30,0.0,0.0
2017-12-31,0.0,0.0
2018-01-01,0.0,0.0
2018-01-02,0.023,0.064
2018-01-03,0.0,0.0
2018-01-04,0.0,0.0
2018-01-05,0.03,0.174
2018-01-06,0.0,0.0
2018-01-07,0.0,0.0
2018-01-08,0.0,0.0
2018-01-09,0.0,0.0
2018-01-10,0.0,0.0
2018-01-11,0.0,0.0
2018-01-12,0.0,0.0
2018-01-13,0.0,0.0
2018-01-14,0.0,0.0
2018-01-15,0.0,0.0
2018-01-16,0.0,0.0
2018-01-17,0.0,0.0
2018-01-18,0.0,0.003
2018-01-19,0.0,0.0
2018-01-20,0.0,0.0
2018-01-21,0.0,0.0
2018-01-22,0.0,0.0
2018-01-23,0.203,0.071
2018-01-24,9.638,8.107
2018-01-25,0.0,0.0
2018-01-26,0.0,0.0
2018-01-27,0.0,0.0
2018-01-28,0.0,0.0
2018-01-29,0.0,0.0
2018-01-30,0.0,0.0
2018-01-31,0.0,0.0
2018-02-01,0.0,0.014
2018-02-02,0.0,0.0
2018-02-03,0.0,0.0
2018-02-04,0.0,0.0
2018-02-05,0.0,0.0
2018-02-06,0.0,1.523
2018-02-07,0.0,0.0
2018-02-08,0.0,0.0
2018-02-09,0.0,0.0
2018-02-10,0.0,0.0
2018-02-11,0.0,0.0
2018-02-12,8.054,6.368
2018-02-13,10.04,20.631
2018-02-14,0.059,0.537
2018-02-15,0.0,0.0
2018-02-16,0.0,0.0
2018-02-17,0.0,0.0
2018-02-18,0.0,0.0
2018-02-19,0.0,0.0
2018-02-20,0.0,0.0
2018-02-21,0.0,0.01
2018-02-22,0.005,0.079
2018-02-23,0.0,0.0
2018-02-24,0.529,0.694
2018-02-25,3.621,14.94
2018-02-26,0.0,0.17
2018-02-27,0.0,0.0
2018-02-28,0.0,0.0
2018-03-01,0.0,0.0
2018-03-02,0.573,0.981
2018-03-03,0.181,0.44
2018-03-04,1.144,10.885
2018-03-05,0.3,3.733
2018-03-06,0.024,0.522
2018-03-07,0.0,0.0
2018-03-08,0.0,0.0
2018-03-09,0.0,0.0
2018-03-10,0.0,0.0
2018-03-11,0.0,0.0
2018-03-12,0.0,0.0
2018-03-13,0.0,0.0
2018-03-14,0.0,0.0
2018-03-15,0.101,0.621
2018-03-16,1.538,8.182
2018-03-17,0.0,0.016
2018-03-18,0.0,0.0
2018-03-19,0.0,0.0
2018-03-20,0.0,0.0
2018-03-21,0.956,1.104
2018-03-22,4.932,13.711
2018-03-23,0.23,0.989
2018-03-24,0.0,0.0
2018-03-25,0.0,0.878
2018-03-26,0.0,0.0
2018-03-27,0.0,0.0
2018-03-28,0.0,0.0
2018-03-29,0.0,0.0
2018-03-30,0.0,0.01
2018-03-31,0.0,0.0
2018-04-01,0.0,0.0
2018-04-02,0.0,0.0
2018-04-03,0.0,0.0
2018-04-04,0.244,1.998
2018-04-05,0.03,0.058
2018-04-06,0.171,0.423
2018-04-07,0.925,2.528
2018-04-08,1.32,2.562
2018-04-09,5.522,5.341
2018-04-10,0.317,0.868
2018-04-11,7.698,13.041
2018-04-12,1.318,6.251
2018-04-13,0.171,0.837
2018-04-14,0.0,0.0
2018-04-15,0.0,0.0
2018-04-16,0.001,0.027
2018-04-17,0.69,1.759
2018-04-18,0.021,0.77
2018-04-19,0.006,0.067
2018-04-20,1.155,4.834
2018-04-21,2.095,11.785
2018-04-22,0.0,0.011
2018-04-23,0.041,0.241
2018-04-24,0.015,0.08
2018-04-25,0.0,0.0
2018-04-26,0.0,0.666
2018-04-27,0.0,0.0
2018-04-28,0.403,0.749
2018-04-29,0.681,1.313
2018-04-30,0.02,0.138
2018-05-01,0.0,0.056
2018-05-02,0.03,0.17
2018-05-03,4.737,7.821
2018-05-04,0.285,2.479
2018-05-05,0.007,0.017
2018-05-06,0.554,0.85
2018-05-07,1.07,5.637
2018-05-08,1.612,10.426
2018-05-09,1.706,6.326
2018-05-10,0.027,0.225
2018-05-11,0.0,0.0
2018-05-12,0.0,0.0
2018-05-13,1.427,4.077
2018-05-14,1.474,1.537
2018-05-15,0.07,0.403
2018-05-16,0.352,0.004
2018-05-17,0.0,0.0
2018-05-18,0.0,0.016
2018-05-19,0.012,0.291
2018-05-20,0.092,0.481
2018-05-21,0.0,0.005
2018-05-22,0.0,0.0
2018-05-23,0.0,0.0
2018-05-24,0.0,0.0
2018-05-25,0.0,0.0
2018-05-26,0.012,0.122
2018-05-27,0.023,0.227
2018-05-28,0.0,0.0
2018-05-29,0.0,0.02
2018-05-30,0.001,0.039
2018-05-31,0.0,0.057
2018-06-01,0.158,2.751
2018-06-02,3.122,3.89
2018-06-03,0.0,0.018
2018-06-04,0.0,0.0
2018-06-05,0.0,0.069
2018-06-06,7.692,6.736
2018-06-07,0.702,0.432
2018-06-08,0.331,0.716
2018-06-09,11.683,10.52
2018-06-10,1.935,1.433
2018-06-11,0.396,1.358
2018-06-12,0.173,1.076
2018-06-13,0.214,0.424
2018-06-14,0.072,0.857
2018-06-15,2.068,4.164
2018-06-16,5.737,6.561
2018-06-17,10.983,2.638
2018-06-18,3.927,2.252
2018-06-19,0.296,0.672
2018-06-20,0.135,3.003
2018-06-21,0.092,0.112
2018-06-22,0.033,0.516
2018-06-23,0.437,0.199
2018-06-24,0.0,0.062
2018-06-25,0.0,0.0
2018-06-26,1.321,0.794
2018-06-27,4.215,8.944
2018-06-28,17.36,24.192
2018-06-29,19.396,24.837
2018-06-30,8.09,2.337
2018-07-01,3.259,1.701
2018-07-02,4.2,6.395
2018-07-03,20.791,15.724
2018-07-04,18.404,6.753
2018-07-05,3.259,2.419
2018-07-06,0.0,0.009
2018-07-07,0.0,0.0
2018-07-08,0.0,0.0
2018-07-09,0.831,1.644
2018-07-10,2.445,4.444
2018-07-11,8.728,7.435
2018-07-12,1.549,1.573
2018-07-13,11.072,11.343
2018-07-14,7.892,6.579
2018-07-15,3.976,6.888
2018-07-16,9.812,24.373
2018-07-17,10.82,7.29
2018-07-18,4.182,4.79
2018-07-19,6.136,4.779
2018-07-20,1.916,3.003
2018-07-21,2.671,5.416
2018-07-22,10.702,13.939
2018-07-23,8.357,5.968
2018-07-24,11.98,13.039
2018-07-25,2.483,3.946
2018-07-26,23.041,23.103
2018-07-27,12.894,19.354
2018-07-28,7.501,16.417
2018-07-29,2.322,6.214
2018-07-30,2.09,0.274
2018-07-31,2.104,1.191
2018-08-01,3.995,3.135
2018-08-02,0.643,1.717
2018-08-03,2.677,3.111
2018-08-04,5.935,6.469
2018-08-05,8.131,11.324
2018-08-06,14.687,15.361
2018-08-07,14.137,22.173
2018-08-08,7.811,12.898
2018-08-09,4.742,7.031
2018-08-10,4.0,3.967
2018-08-11,2.202,1.634
2018-08-12,16.407,11.807
2018-08-13,32.808,53.514
2018-08-14,8.377,9.24
2018-08-15,6.452,2.907
2018-08-16,0.25,1.14
2018-08-17,0.447,0.686
2018-08-18,5.713,6.311
2018-08-19,9.546,6.344
2018-08-20,1.426,1.412
2018-08-21,10.115,12.098
2018-08-22,2.208,3.673
2018-08-23,12.283,9.415
2018-08-24,12.176,17.959
2018-08-25,5.087,7.732
2018-08-26,4.125,4.696
2018-08-27,0.876,0.404
2018-08-28,0.419,0.306
2018-08-29,1.571,2.12
2018-08-30,5.749,5.841
2018-08-31,2.952,3.512
2018-09-01,1.436,2.001
2018-09-02,5.806,8.61
2018-09-03,7.108,9.448
2018-09-04,4.454,5.231
2018-09-05,3.638,3.849
2018-09-06,2.762,3.646
2018-09-07,3.625,3.541
2018-09-08,12.078,9.972
2018-09-09,1.365,2.67
2018-09-10,4.982,5.153
2018-09-11,3.313,3.599
2018-09-12,1.901,2.135
2018-09-13,6.668,4.321
2018-09-14,6.757,9.676
2018-09-15,0.091,0.095
2018-09-16,0.212,0.226
2018-09-17,0.0,0.0
2018-09-18,0.0,0.0
2018-09-19,0.0,0.0
2018-09-20,0.0,0.0
2018-09-21,0.0,0.308
2018-09-22,6.669,10.336
2018-09-23,56.752,64.994
2018-09-24,63.531,54.997
2018-09-25,24.864,27.596
2018-09-26,0.0,0.654
2018-09-27,0.0,0.0
2018-09-28,0.123,2.305
2018-09-29,2.413,4.801
2018-09-30,0.105,1.51
2018-10-01,0.018,0.213
2018-10-02,0.0,0.0
2018-10-03,0.0,0.0
2018-10-04,0.716,0.083
2018-10-05,0.016,0.3
2018-10-06,0.0,0.012
2018-10-07,0.011,0.107
2018-10-08,0.007,0.071
2018-10-09,0.229,0.38
2018-10-10,0.152,0.682
2018-10-11,4.789,4.894
2018-10-12,0.281,1.199
2018-10-13,0.0,0.0
2018-10-14,0.0,0.0
2018-10-15,0.0,0.0
2018-10-16,0.0,0.0
2018-10-17,0.0,0.001
2018-10-18,0.0,0.0
2018-10-19,0.0,0.032
2018-10-20,0.0,0.057
2018-10-21,0.0,0.0
2018-10-22,0.0,0.0
2018-10-23,0.0,0.0
2018-10-24,0.0,0.012
2018-10-25,0.0,0.0
2018-10-26,0.0,0.0
2018-10-27,0.0,0.0
2018-10-28,0.0,0.0
2018-10-29,0.0,0.0
2018-10-30,0.0,0.0
2018-10-31,0.0,0.02
2018-11-01,0.0,0.0
2018-11-02,0.585,2.972
2018-11-03,1.666,11.825
2018-11-04,1.633,10.343
2018-11-05,0.164,0.198
2018-11-06,0.0,0.0
2018-11-07,0.0,0.0
2018-11-08,0.0,0.0
2018-11-09,0.0,0.0
2018-11-10,0.0,0.0
2018-11-11,0.0,0.0
2018-11-12,0.0,0.0
2018-11-13,0.046,0.617
2018-11-14,0.15,1.438
2018-11-15,4.179,14.342
2018-11-16,0.0,0.0
2018-11-17,0.0,0.0
2018-11-18,0.0,0.0
2018-11-19,0.0,0.0
2018-11-20,0.0,0.0
2018-11-21,0.0,0.0
2018-11-22,0.0,0.0
2018-11-23,0.0,0.0
2018-11-24,0.0,0.0
2018-11-25,0.0,0.0
2018-11-26,0.0,0.0
2018-11-27,0.0,0.0
2018-11-28,0.0,0.0
2018-11-29,0.0,0.0
2018-11-30,0.0,0.0
2018-12-01,0.0,0.0
2018-12-02,0.0,0.0
2018-12-03,0.0,0.0
2018-12-04,0.0,0.0
2018-12-05,0.0,0.0
2018-12-06,0.0,0.0
2018-12-07,0.01,0.303
2018-12-08,0.0,0.0
2018-12-09,0.0,0.0
2018-12-10,0.006,0.0
2018-12-11,0.275,1.153
2018-12-12,1.479,2.593
2018-12-13,4.632,3.943
2018-12-14,0.298,1.421
2018-12-15,0.0,0.0
2018-12-16,0.0,0.0
2018-12-17,0.0,0.0
2018-12-18,0.0,0.0
2018-12-19,0.0,0.0
2018-12-20,0.0,0.0
2018-12-21,0.0,0.0
2018-12-22,0.0,0.0
2018-12-23,0.0,0.0
2018-12-24,0.0,0.0
2018-12-25,0.0,0.0
2018-12-26,0.0,0.0
2018-12-27,0.009,0.391
2018-12-28,0.013,0.116
2018-12-29,0.0,0.0
2018-12-30,0.0,0.0
2018-12-31,0.0,0.0
2019-01-01,0.0,0.0
2019-01-02,0.065,0.423
2019-01-03,0.096,1.046
2019-01-04,0.0,0.0
2019-01-05,0.528,3.879
2019-01-06,2.226,7.546
2019-01-07,1.044,5.136
2019-01-08,0.0,0.0
2019-01-09,0.0,0.155
2019-01-10,0.0,0.0
2019-01-11,0.015,0.017
2019-01-12,0.006,0.091
2019-01-13,1.893,7.375
2019-01-14,0.102,0.66
2019-01-15,0.0,0.0
2019-01-16,0.0,0.0
2019-01-17,0.022,0.319
2019-01-18,0.0,0.0
2019-01-19,0.023,0.235
2019-01-20,0.0,0.008
2019-01-21,0.54,2.159
2019-01-22,21.399,21.58
2019-01-23,11.252,25.184
2019-01-24,0.256,2.099
2019-01-25,0.568,2.541
2019-01-26,0.343,4.364
2019-01-27,0.0,0.205
2019-01-28,0.025,0.164
2019-01-29,0.0,0.0
2019-01-30,0.0,0.0
2019-01-31,1.024,4.601
2019-02-01,3.719,12.949
2019-02-02,1.718,3.268
2019-02-03,0.0,0.0
2019-02-04,0.0,0.0
2019-02-05,0.0,0.0
2019-02-06,0.163,0.122
2019-02-07,12.489,14.991
2019-02-08,33.847,55.973
2019-02-09,0.064,1.172
2019-02-10,0.0,0.0
2019-02-11,0.0,0.0
2019-02-12,0.0,0.0
2019-02-13,0.09,1.172
2019-02-14,0.472,1.703
2019-02-15,15.601,19.348
2019-02-16,3.388,9.896
2019-02-17,0.037,0.171
2019-02-18,0.941,3.609
2019-02-19,6.347,15.319
2019-02-20,0.29,1.198
2019-02-21,11.669,19.635
2019-02-22,5.724,19.752
2019-02-23,0.045,0.714
2019-02-24,0.0,0.825
2019-02-25,0.017,0.799
2019-02-26,0.735,0.544
2019-02-27,3.688,3.612
2019-02-28,0.624,2.369
2019-03-01,0.0,0.0
2019-03-02,0.193,0.616
2019-03-03,6.675,13.153
2019-03-04,0.763,2.365
2019-03-05,1.058,4.138
2019-03-06,0.118,0.543
2019-03-07,0.011,0.202
2019-03-08,0.125,0.078
2019-03-09,0.032,0.139
2019-03-10,0.0,0.001
2019-03-11,0.174,0.002
2019-03-12,4.604,10.425
2019-03-13,0.0,0.0
2019-03-14,1.272,6.141
2019-03-15,1.424,8.129
2019-03-16,0.004,0.161
2019-03-17,0.0,0.0
2019-03-18,0.173,1.122
2019-03-19,0.0,0.002
2019-03-20,0.611,1.182
2019-03-21,1.074,8.095
2019-03-22,0.027,0.06
2019-03-23,0.0,0.0
2019-03-24,0.0,0.001
2019-03-25,0.06,0.578
2019-03-26,0.18,9.591
2019-03-27,0.0,0.0
2019-03-28,0.0,0.0
2019-03-29,0.0,0.0
2019-03-30,0.0,0.0
2019-03-31,0.0,0.001
2019-04-01,0.0,0.0
2019-04-02,0.0,0.006
2019-04-03,0.0,0.0
2019-04-04,0.0,0.0
2019-04-05,0.0,0.0
2019-04-06,0.0,0.002
2019-04-07,0.348,0.81
2019-04-08,1.164,1.917
2019-04-09,0.333,1.132
2019-04-10,0.0,0.033
2019-04-11,0.0,0.048
2019-04-12,0.077,0.0
2019-04-13,0.056,0.0
2019-04-14,0.011,0.187
2019-04-15,0.0,0.0
2019-04-16,2.245,0.383
2019-04-17,5.807,3.869
2019-04-18,13.553,12.449
2019-04-19,0.24,1.046
2019-04-20,0.0,0.042
2019-04-21,0.0,0.027
2019-04-22,0.0,0.162
2019-04-23,0.0,0.0
2019-04-24,0.121,0.329
2019-04-25,1.465,5.459
2019-04-26,0.588,2.682
2019-04-27,0.0,0.016
2019-04-28,0.0,0.0
2019-04-29,0.0,0.0
2019-04-30,0.0,0.019
2019-05-01,0.25,7.265
2019-05-02,0.03,4.295
2019-05-03,1.185,2.623
2019-05-04,0.0,0.0
2019-05-05,0.0,0.026
2019-05-06,0.009,0.03
2019-05-07,0.0,0.0
2019-05-08,0.0,0.0
2019-05-09,0.0,0.0
2019-05-10,0.025,0.0
2019-05-11,0.569,1.918
2019-05-12,0.084,0.959
2019-05-13,0.044,0.9
2019-05-14,3.511,1.74
2019-05-15,1.383,2.868
2019-05-16,4.312,5.645
2019-05-17,0.94,1.482
2019-05-18,4.25,7.184
2019-05-19,0.229,0.863
2019-05-20,0.048,0.143
2019-05-21,0.064,0.375
2019-05-22,0.0,0.0
2019-05-23,0.094,0.007
2019-05-24,3.957,2.144
2019-05-25,1.08,6.546
2019-05-26,0.001,0.552
2019-05-27,0.019,0.32
2019-05-28,0.0,0.0
2019-05-29,0.0,0.0
2019-05-30,0.0,0.0
2019-05-31,0.0,0.0
2019-06-01,0.0,0.0
2019-06-02,0.061,0.059
2019-06-03,0.26,0.314
2019-06-04,2.504,7.032
2019-06-05,0.0,0.403
2019-06-06,0.135,0.151
2019-06-07,0.413,1.685
2019-06-08,0.0,0.011
2019-06-09,0.107,0.439
2019-06-10,0.0,0.0
2019-06-11,0.0,0.111
2019-06-12,1.207,6.672
2019-06-13,1.821,6.487
2019-06-14,0.012,0.213
2019-06-15,0.0,0.0
2019-06-16,2.11,0.144
2019-06-17,0.02,0.731
2019-06-18,10.047,4.147
2019-06-19,0.919,0.293
2019-06-20,0.096,0.598
2019-06-21,3.054,2.223
2019-06-22,0.041,0.086
2019-06-23,0.0,0.075
2019-06-24,0.177,0.976
2019-06-25,5.247,9.015
2019-06-26,0.266,3.11
2019-06-27,0.149,0.206
2019-06-28,0.12,1.668
2019-06-29,0.005,0.0
2019-06-30,0.485,1.072
2019-07-01,0.635,0.472
2019-07-02,2.033,1.731
2019-07-03,0.072,0.078
2019-07-04,2.763,2.786
2019-07-05,8.829,7.305
2019-07-06,1.478,4.241
2019-07-07,5.199,5.474
2019-07-08,3.636,6.185
2019-07-09,9.097,7.406
2019-07-10,10.205,7.011
2019-07-11,1.311,2.008
2019-07-12,9.828,2.705
2019-07-13,10.717,11.17
2019-07-14,9.137,7.839
2019-07-15,15.404,4.815
2019-07-16,27.545,8.706
2019-07-17,18.18,5.638
2019-07-18,2.442,1.763
2019-07-19,4.935,9.653
2019-07-20,2.414,2.526
2019-07-21,4.246,4.729
2019-07-22,1.167,1.099
2019-07-23,1.081,0.495
2019-07-24,1.402,1.614
2019-07-25,10.772,11.966
2019-07-26,10.643,10.454
2019-07-27,8.486,18.547
2019-07-28,10.04,6.865
2019-07-29,2.477,3.153
2019-07-30,1.618,2.487
2019-07-31,24.689,24.013
2019-08-01,5.634,6.307
2019-08-02,17.783,12.367
2019-08-03,5.847,4.78
2019-08-04,0.582,2.155
2019-08-05,2.008,6.547
2019-08-06,3.503,4.112
2019-08-07,6.518,10.302
2019-08-08,1.47,5.549
2019-08-09,9.242,21.063
2019-08-10,8.046,7.458
2019-08-11,2.054,3.065
2019-08-12,3.113,5.033
2019-08-13,15.242,12.468
2019-08-14,9.318,18.065
2019-08-15,4.733,4.501
2019-08-16,5.416,5.383
2019-08-17,13.895,18.085
2019-08-18,65.74,69.003
2019-08-19,7.783,16.006
2019-08-20,3.943,7.782
2019-08-21,0.0,0.133
2019-08-22,0.5,1.759
2019-08-23,0.598,0.856
2019-08-24,1.041,0.481
2019-08-25,3.619,5.766
2019-08-26,7.219,17.587
2019-08-27,0.192,0.484
2019-08-28,0.721,1.093
2019-08-29,0.037,0.45
2019-08-30,7.578,8.167
2019-08-31,0.218,1.738
2019-09-01,0.403,2.574
2019-09-02,8.769,6.352
2019-09-03,0.0,0.155
2019-09-04,2.013,1.686
2019-09-05,19.399,15.879
2019-09-06,3.221,6.404
2019-09-07,0.081,0.129
2019-09-08,0.282,0.852
2019-09-09,0.0,0.0
2019-09-10,0.0,0.0
2019-09-11,0.031,0.029
2019-09-12,0.283,0.271
2019-09-13,2.555,3.246
2019-09-14,0.061,0.061
2019-09-15,1.187,0.82
2019-09-16,2.498,2.305
2019-09-17,0.455,0.43
2019-09-18,0.026,0.015
2019-09-19,3.813,2.733
2019-09-20,1.34,3.112
2019-09-21,1.575,2.452
2019-09-22,0.356,0.571
2019-09-23,2.341,3.203
2019-09-24,0.0,0.0
2019-09-25,0.084,0.0
2019-09-26,0.141,0.369
2019-09-27,9.488,9.378
2019-09-28,2.286,3.741
2019-09-29,13.142,8.739
2019-09-30,10.187,12.301
2019-10-01,2.402,3.834
2019-10-02,1.685,3.92
2019-10-03,0.0,0.0
2019-10-04,3.848,4.562
2019-10-05,0.124,0.943
2019-10-06,0.0,0.0
2019-10-07,0.112,0.643
2019-10-08,0.0,0.144
2019-10-09,0.064,0.869
2019-10-10,0.863,2.329
2019-10-11,0.0,0.0
2019-10-12,0.0,0.0
2019-10-13,0.019,0.027
2019-10-14,0.006,0.119
2019-10-15,0.192,0.65
2019-10-16,0.063,0.064
2019-10-17,0.0,0.0
2019-10-18,0.652,1.229
2019-10-19,0.233,0.187
2019-10-20,0.0,0.046
2019-10-21,0.0,0.0
2019-10-22,0.0,0.0
2019-10-23,0.0,0.0
2019-10-24,0.0,0.0
2019-10-25,0.0,0.0
2019-10-26,0.006,0.006
2019-10-27,0.0,0.0
2019-10-28,0.0,0.0
2019-10-29,0.0,0.0
2019-10-30,0.0,0.0
2019-10-31,0.06,0.07
2019-11-01,0.052,0.14
2019-11-02,0.0,0.0
2019-11-03,0.0,0.0
2019-11-04,0.465,3.989
2019-11-05,0.0,0.0
2019-11-06,0.0,0.0
2019-11-07,1.895,2.109
2019-11-08,9.107,14.986
2019-11-09,0.311,2.482
2019-11-10,0.0,0.0
2019-11-11,0.0,0.002
2019-11-12,0.0,0.0
2019-11-13,0.0,0.0
2019-11-14,0.0,0.0
2019-11-15,0.24,0.57
2019-11-16,0.619,1.054
2019-11-17,0.39,0.743
2019-11-18,0.0,0.0
2019-11-19,0.0,0.0
2019-11-20,0.0,0.0
2019-11-21,0.0,0.0
2019-11-22,0.041,0.419
2019-11-23,0.595,8.069
2019-11-24,0.005,0.374
2019-11-25,0.0,0.0
2019-11-26,0.007,0.073
2019-11-27,4.768,6.089
2019-11-28,7.632,13.864
2019-11-29,2.01,3.166
2019-11-30,0.129,0.651
2019-12-01,0.0,0.0
2019-12-02,0.0,0.0
2019-12-03,0.0,0.0
2019-12-04,0.0,0.0
2019-12-05,0.0,0.0
2019-12-06,0.0,0.0
2019-12-07,0.0,0.0
2019-12-08,0.0,0.0
2019-12-09,0.0,0.0
2019-12-10,0.0,0.0
2019-12-11,0.0,0.0
2019-12-12,1.065,1.501
2019-12-13,20.317,25.272
2019-12-14,14.991,21.127
2019-12-15,0.377,0.707
2019-12-16,0.0,0.192
2019-12-17,0.0,0.0
2019-12-18,0.0,0.0
2019-12-19,0.0,0.0
2019-12-20,0.016,0.226
2019-12-21,0.201,1.653
2019-12-22,0.0,0.0
2019-12-23,0.0,0.0
2019-12-24,0.0,0.0
2019-12-25,0.0,0.0
2019-12-26,0.0,0.0
2019-12-27,0.0,0.0
2019-12-28,0.0,0.0
2019-12-29,0.0,0.0
2019-12-30,0.0,0.0
2019-12-31,0.0,0.0
2020-01-01,0.0,0.0
2020-01-02,0.0,0.009
2020-01-03,0.0,0.17
2020-01-04,0.097,1.161
2020-01-05,0.331,0.844
2020-01-06,0.687,0.401
2020-01-07,7.864,11.263
2020-01-08,12.581,20.605
2020-01-09,2.565,10.121
2020-01-10,0.0,0.0
2020-01-11,0.0,0.0
2020-01-12,0.299,0.893
2020-01-13,0.676,7.111
2020-01-14,19.828,27.467
2020-01-15,0.015,0.703
2020-01-16,0.0,0.237
2020-01-17,0.756,4.789
2020-01-18,0.051,2.572
2020-01-19,0.737,1.632
2020-01-20,0.0,0.0
2020-01-21,1.084,4.669
2020-01-22,0.403,1.953
2020-01-23,0.0,0.0
2020-01-24,0.0,0.0
2020-01-25,0.0,0.0
2020-01-26,0.098,0.211
2020-01-27,0.017,0.1
2020-01-28,3.322,2.07
2020-01-29,9.611,17.074
2020-01-30,0.229,0.653
2020-01-31,0.0,0.027
2020-02-01,0.044,0.842
2020-02-02,0.032,0.177
2020-02-03,0.0,0.0
2020-02-04,0.0,0.0
2020-02-05,0.0,0.0
2020-02-06,0.0,0.0
2020-02-07,0.005,0.34
2020-02-08,0.0,0.04
2020-02-09,0.0,0.0
2020-02-10,0.0,0.0
2020-02-11,0.0,0.0
2020-02-12,0.083,0.889
2020-02-13,0.097,0.894
2020-02-14,0.0,0.007
2020-02-15,0.0,0.0
2020-02-16,0.0,0.0
2020-02-17,0.0,0.0
2020-02-18,0.0,0.0
2020-02-19,0.0,0.0
2020-02-20,0.025,0.17
2020-02-21,4.535,2.545
2020-02-22,0.402,0.334
2020-02-23,0.0,0.0
2020-02-24,0.188,0.473
2020-02-25,0.135,0.192
2020-02-26,0.488,0.545
2020-02-27,0.0,0.0
2020-02-28,0.0,0.0
2020-02-29,3.621,2.057
2020-03-01,5.66,8.729
2020-03-02,0.0,0.23
2020-03-03,0.0,0.027
2020-03-04,0.0,0.0
2020-03-05,1.978,2.7
2020-03-06,8.789,4.31
2020-03-07,16.418,8.631
2020-03-08,3.639,7.829
2020-03-09,0.0,0.033
2020-03-10,0.0,0.0
2020-03-11,0.148,0.166
2020-03-12,15.476,19.843
2020-03-13,14.472,24.635
2020-03-14,7.57,13.53
2020-03-15,4.834,3.87
2020-03-16,0.001,0.0
2020-03-17,0.0,0.0
2020-03-18,0.0,0.0
2020-03-19,0.027,0.275
2020-03-20,0.173,0.402
2020-03-21,0.024,0.0
2020-03-22,0.675,2.766
2020-03-23,0.008,0.072
2020-03-24,0.356,0.169
2020-03-25,3.662,9.658
2020-03-26,0.023,0.058
2020-03-27,1.391,4.462
2020-03-28,18.7,27.566
2020-03-29,0.145,1.453
2020-03-30,0.0,0.208
2020-03-31,0.0,0.002
2020-04-01,3.198,8.721
2020-04-02,0.09,1.441
2020-04-03,0.224,0.577
2020-04-04,0.0,0.0
2020-04-05,0.0,0.008
2020-04-06,1.952,1.394
2020-04-07,0.019,0.209
2020-04-08,0.664,2.558
2020-04-09,0.017,0.577
2020-04-10,0.0,0.015
2020-04-11,0.0,0.057
2020-04-12,0.0,0.0
2020-04-13,0.0,0.0
2020-04-14,0.0,0.0
2020-04-15,0.021,1.084
2020-04-16,0.101,1.38
2020-04-17,0.0,0.001
2020-04-18,8.021,15.461
2020-04-19,1.962,4.524
2020-04-20,0.265,1.758
2020-04-21,2.342,2.184
2020-04-22,0.313,2.367
2020-04-23,0.02,0.095
2020-04-24,0.011,0.15
2020-04-25,0.022,0.071
2020-04-26,1.446,2.505
2020-04-27,2.319,3.298
2020-04-28,1.132,1.119
2020-04-29,0.09,0.251
2020-04-30,0.021,0.078
2020-05-01,0.433,1.087
2020-05-02,0.029,0.003
2020-05-03,2.244,2.754
2020-05-04,6.37,5.193
2020-05-05,0.126,1.048
2020-05-06,0.097,0.605
2020-05-07,0.977,3.138
2020-05-08,0.0,0.025
2020-05-09,0.0,0.075
2020-05-10,2.063,2.538
2020-05-11,1.657,2.37
2020-05-12,2.113,0.59
2020-05-13,0.143,0.197
2020-05-14,0.405,0.606
2020-05-15,4.764,3.779
2020-05-16,0.0,0.142
2020-05-17,0.0,0.0
2020-05-18,0.0,0.004
2020-05-19,0.015,0.27
2020-05-20,0.0,0.013
2020-05-21,0.0,0.0
2020-05-22,0.0,0.0
2020-05-23,0.0,0.002
2020-05-24,0.524,1.727
2020-05-25,0.027,0.044
2020-05-26,0.014,0.389
2020-05-27,0.063,0.701
2020-05-28,0.111,1.067
2020-05-29,2.763,3.617
2020-05-30,2.683,3.793
2020-05-31,10.935,13.0
2020-06-01,8.326,6.846
2020-06-02,1.159,1.314
2020-06-03,1.53,1.724
2020-06-04,1.221,2.573
2020-06-05,2.253,2.481
2020-06-06,10.102,8.479
2020-06-07,6.108,1.647
2020-06-08,1.108,0.176
2020-06-09,0.315,1.039
2020-06-10,0.303,0.503
2020-06-11,1.215,1.038
2020-06-12,0.08,0.054
2020-06-13,0.268,0.343
2020-06-14,0.694,0.537
2020-06-15,0.04,0.041
2020-06-16,0.077,0.273
2020-06-17,0.0,0.042
2020-06-18,0.117,0.628
2020-06-19,0.564,1.9
2020-06-20,2.619,3.14
2020-06-21,1.949,1.814
2020-06-22,5.25,1.075
2020-06-23,0.102,0.527
2020-06-24,6.301,13.322
2020-06-25,6.292,5.516
2020-06-26,3.536,0.238
2020-06-27,1.027,2.498
2020-06-28,0.006,0.0
2020-06-29,3.956,5.539
2020-06-30,0.703,0.699
2020-07-01,0.0,0.166
2020-07-02,1.62,1.4
2020-07-03,0.256,0.383
2020-07-04,4.35,6.442
2020-07-05,19.097,12.654
2020-07-06,0.334,0.443
2020-07-07,1.72,4.343
2020-07-08,9.843,9.863
2020-07-09,5.979,4.762
2020-07-10,0.476,1.535
2020-07-11,12.769,4.766
2020-07-12,24.378,10.393
2020-07-13,4.616,0.014
2020-07-14,0.0,0.0
2020-07-15,5.183,3.032
2020-07-16,1.463,2.989
2020-07-17,3.454,7.276
2020-07-18,3.737,4.278
2020-07-19,8.016,7.871
2020-07-20,14.444,5.066
2020-07-21,25.282,8.333
2020-07-22,6.872,6.267
2020-07-23,1.433,0.828
2020-07-24,0.07,0.233
2020-07-25,4.023,9.271
2020-07-26,2.567,4.747
2020-07-27,3.496,3.992
2020-07-28,5.008,4.819
2020-07-29,8.998,11.591
2020-07-30,21.246,22.795
2020-07-31,7.201,5.384
2020-08-01,5.768,6.058
2020-08-02,5.501,4.317
2020-08-03,1.591,1.762
2020-08-04,2.176,2.413
2020-08-05,1.557,2.245
2020-08-06,3.71,5.738
2020-08-07,2.547,7.409
2020-08-08,2.506,5.542
2020-08-09,4.234,4.188
2020-08-10,9.942,13.407
2020-08-11,12.133,12.729
2020-08-12,11.378,10.358
2020-08-13,16.155,12.246
2020-08-14,10.724,12.844
2020-08-15,0.776,2.05
2020-08-16,5.127,6.934
2020-08-17,8.757,5.958
2020-08-18,4.158,6.48
2020-08-19,5.633,5.047
2020-08-20,17.74,8.162
2020-08-21,16.034,16.049
2020-08-22,9.066,14.951
2020-08-23,1.578,0.768
2020-08-24,0.294,0.712
2020-08-25,3.613,8.588
2020-08-26,6.184,5.836
2020-08-27,12.817,22.834
2020-08-28,18.359,10.055
2020-08-29,5.872,1.64
2020-08-30,0.195,0.224
2020-08-31,7.653,6.608
2020-09-01,1.38,1.554
2020-09-02,0.21,0.187
2020-09-03,0.723,1.925
2020-09-04,15.914,9.935
2020-09-05,3.282,0.74
2020-09-06,1.964,1.049
2020-09-07,2.864,4.191
2020-09-08,0.0,0.03
2020-09-09,0.0,0.0
2020-09-10,0.019,0.019
2020-09-11,0.202,0.697
2020-09-12,0.321,0.499
2020-09-13,0.0,0.0
2020-09-14,0.001,0.021
2020-09-15,0.0,0.0
2020-09-16,0.0,0.0
2020-09-17,0.032,0.584
2020-09-18,0.0,0.0
2020-09-19,0.0,0.0
2020-09-20,0.026,0.0
2020-09-21,0.0,0.0
2020-09-22,0.0,0.014
2020-09-23,0.267,0.16
2020-09-24,0.262,0.645
2020-09-25,0.194,0.145
2020-09-26,0.84,1.391
2020-09-27,0.198,0.012
2020-09-28,0.0,0.0
2020-09-29,0.0,0.0
2020-09-30,0.006,0.0
2020-10-01,0.0,0.0
2020-10-02,0.0,0.0
2020-10-03,0.0,0.0
2020-10-04,0.0,0.0
2020-10-05,0.0,0.0
2020-10-06,0.0,0.0
2020-10-07,0.0,0.0
2020-10-08,0.0,0.0
2020-10-09,0.0,0.0
2020-10-10,0.0,0.0
2020-10-11,0.0,0.0
2020-10-12,0.0,0.0
2020-10-13,0.0,0.0
2020-10-14,0.0,0.0
2020-10-15,0.0,0.0
2020-10-16,0.0,0.0
2020-10-17,0.0,0.0
2020-10-18,0.0,0.0
2020-10-19,0.0,0.0
2020-10-20,0.0,0.0
2020-10-21,0.0,0.0
2020-10-22,0.0,0.0
2020-10-23,0.0,0.0
2020-10-24,0.0,0.0
2020-10-25,0.0,0.0
2020-10-26,0.005,0.061
2020-10-27,0.0,0.0
2020-10-28,0.0,0.0
2020-10-29,0.0,0.0
2020-10-30,0.0,0.0
2020-10-31,0.027,0.29
2020-11-01,0.0,0.345
2020-11-02,0.112,1.248
2020-11-03,0.295,3.87
2020-11-04,0.0,0.0
2020-11-05,0.0,0.0
2020-11-06,0.0,0.0
2020-11-07,0.0,0.0
2020-11-08,0.0,0.0
2020-11-09,0.0,0.0
2020-11-10,0.0,0.0
2020-11-11,0.0,0.0
2020-11-12,0.0,0.0
2020-11-13,0.0,0.0
2020-11-14,0.0,0.0
2020-11-15,0.0,0.0
2020-11-16,12.279,12.029
2020-11-17,0.986,1.514
2020-11-18,0.0,0.0
2020-11-19,0.0,0.0
2020-11-20,0.0,0.0
2020-11-21,0.0,0.0
2020-11-22,0.0,0.0
2020-11-23,0.043,0.436
2020-11-24,0.521,4.608
2020-11-25,0.32,2.921
2020-11-26,3.225,10.28
2020-11-27,0.143,3.084
2020-11-28,0.0,0.0
2020-11-29,0.0,0.0
2020-11-30,0.0,0.0
2020-12-01,0.0,0.0
2020-12-02,0.0,0.0
2020-12-03,0.0,0.0
2020-12-04,0.0,0.0
2020-12-05,0.017,0.161
2020-12-06,0.0,0.0
2020-12-07,0.0,0.0
2020-12-08,0.0,0.001
2020-12-09,0.113,1.594
2020-12-10,0.859,3.233
2020-12-11,0.0,0.024
2020-12-12,9.189,13.505
2020-12-13,0.142,1.553
2020-12-14,0.0,0.0
2020-12-15,0.0,0.0
2020-12-16,0.0,0.0
2020-12-17,0.0,0.0
2020-12-18,0.0,0.0
2020-12-19,0.0,0.0
2020-12-20,0.0,0.0
2020-12-21,0.0,0.0
2020-12-22,0.0,0.0
2020-12-23,0.0,0.0
2020-12-24,0.0,0.0
2020-12-25,0.0,0.0
2020-12-26,0.0,0.0
2020-12-27,0.0,0.0
2020-12-28,4.938,8.281
2020-12-29,0.0,0.492
2020-12-30,0.0,0.198
2020-12-31,0.0,0.0
2021-01-01,0.0,0.0
2021-01-02,0.366,0.129
2021-01-03,1.773,4.221
2021-01-04,1.506,1.261
2021-01-05,2.798,5.851
2021-01-06,9.038,19.185
2021-01-07,0.832,3.892
2021-01-08,0.009,0.0
2021-01-09,0.0,0.003
2021-01-10,0.0,0.0
2021-01-11,0.0,0.0
2021-01-12,0.0,0.0
2021-01-13,0.0,0.0
2021-01-14,0.0,0.0
2021-01-15,0.0,0.0
2021-01-16,0.0,0.0
2021-01-17,0.0,0.0
2021-01-18,0.0,0.0
2021-01-19,0.0,0.0
2021-01-20,0.0,0.0
2021-01-21,0.0,0.0
2021-01-22,0.0,0.0
2021-01-23,0.005,0.005
2021-01-24,2.615,5.999
2021-01-25,0.0,0.131
2021-01-26,0.0,0.0
2021-01-27,0.0,0.0
2021-01-28,0.0,0.0
2021-01-29,0.0,0.0
2021-01-30,0.0,0.0
2021-01-31,0.0,0.0
2021-02-01,0.015,0.151
2021-02-02,0.0,0.0
2021-02-03,0.076,0.005
2021-02-04,2.747,6.5
2021-02-05,2.249,7.114
2021-02-06,0.001,0.001
2021-02-07,0.0,0.0
2021-02-08,0.0,0.0
2021-02-09,0.0,0.0
2021-02-10,0.0,0.082
2021-02-11,0.0,0.0
2021-02-12,0.0,0.0
2021-02-13,0.0,0.0
2021-02-14,0.0,0.0
2021-02-15,0.0,0.036
2021-02-16,0.0,0.039
2021-02-17,0.009,0.011
2021-02-18,0.0,0.0
2021-02-19,0.018,0.14
2021-02-20,0.0,0.0
2021-02-21,0.0,0.018
2021-02-22,0.0,0.0
2021-02-23,0.0,0.008
2021-02-24,0.052,0.687
2021-02-25,0.0,0.009
2021-02-26,0.0,0.042
2021-02-27,0.653,2.008
2021-02-28,0.403,4.221
2021-03-01,0.0,0.0
2021-03-02,0.0,0.0
2021-03-03,0.0,0.0
2021-03-04,0.0,0.0
2021-03-05,0.0,0.0
2021-03-06,0.0,0.0
2021-03-07,0.125,2.277
2021-03-08,0.995,6.353
2021-03-09,0.004,0.961
2021-03-10,0.018,0.0
2021-03-11,0.216,2.044
2021-03-12,0.434,0.112
2021-03-13,0.644,1.077
2021-03-14,0.0,0.0
2021-03-15,0.0,0.0
2021-03-16,0.0,0.0
2021-03-17,0.0,0.0
2021-03-18,0.005,0.061
2021-03-19,0.0,0.0
2021-03-20,0.0,0.009
2021-03-21,0.0,0.0
2021-03-22,2.914,7.619
2021-03-23,3.585,6.536
2021-03-24,1.696,5.29
2021-03-25,0.089,1.869
2021-03-26,0.0,0.008
2021-03-27,0.0,0.0
2021-03-28,0.0,0.016
2021-03-29,0.144,1.204
2021-03-30,0.233,2.656
2021-03-31,0.0,0.0
2021-04-01,0.0,0.0
2021-04-02,0.0,0.0
2021-04-03,0.0,0.0
2021-04-04,0.0,0.0
2021-04-05,0.075,0.941
2021-04-06,0.13,2.642
2021-04-07,4.07,14.117
2021-04-08,0.005,0.279
2021-04-09,0.0,0.098
2021-04-10,0.0,0.0
2021-04-11,0.0,0.0
2021-04-12,0.021,0.018
2021-04-13,0.007,0.63
2021-04-14,0.0,0.0
2021-04-15,0.008,0.134
2021-04-16,0.01,0.299
2021-04-17,1.859,5.535
2021-04-18,5.405,15.099
2021-04-19,0.055,0.814
2021-04-20,0.003,0.0
2021-04-21,4.798,12.875
2021-04-22,4.363,21.998
2021-04-23,11.089,24.776
2021-04-24,1.907,11.457
2021-04-25,0.0,0.0
2021-04-26,0.0,0.0
2021-04-27,0.0,0.0
2021-04-28,0.0,0.014
2021-04-29,0.102,0.045
2021-04-30,0.223,0.225
2021-05-01,0.047,0.598
2021-05-02,0.574,1.061
2021-05-03,0.646,1.313
2021-05-04,0.638,2.494
2021-05-05,3.824,7.792
2021-05-06,0.007,0.387
2021-05-07,3.674,4.888
2021-05-08,0.739,2.964
2021-05-09,0.001,0.366
2021-05-10,1.025,1.145
2021-05-11,1.019,3.105
2021-05-12,0.514,1.186
2021-05-13,6.084,9.841
2021-05-14,1.652,4.1
2021-05-15,0.232,1.769
2021-05-16,0.124,0.159
2021-05-17,0.0,0.091
2021-05-18,0.0,0.035
2021-05-19,0.323,0.545
2021-05-20,0.885,7.54
2021-05-21,6.834,7.114
2021-05-22,0.212,1.735
2021-05-23,0.0,0.01
2021-05-24,0.731,3.938
2021-05-25,0.033,0.369
2021-05-26,0.0,0.0
2021-05-27,0.0,0.0
2021-05-28,0.0,0.0
2021-05-29,0.02,0.078
2021-05-30,4.297,4.403
2021-05-31,0.115,0.803
2021-06-01,9.921,6.348
2021-06-02,0.291,1.244
2021-06-03,4.192,3.402
2021-06-04,1.91,0.948
2021-06-05,2.516,0.531
2021-06-06,0.928,1.116
2021-06-07,0.088,0.74
2021-06-08,0.0,0.047
2021-06-09,0.0,0.0
2021-06-10,1.544,2.291
2021-06-11,9.069,6.459
2021-06-12,2.802,6.006
2021-06-13,11.599,6.295
2021-06-14,1.664,1.409
2021-06-15,1.215,0.955
2021-06-16,5.381,4.869
2021-06-17,3.357,7.604
2021-06-18,0.558,5.335
2021-06-19,0.517,2.875
2021-06-20,0.625,1.277
2021-06-21,1.623,0.668
2021-06-22,0.133,0.058
2021-06-23,0.0,0.003
2021-06-24,0.49,0.646
2021-06-25,3.609,3.016
2021-06-26,3.992,2.53
2021-06-27,0.406,0.124
2021-06-28,0.0,0.0
2021-06-29,0.0,0.0
2021-06-30,0.0,0.0
2021-07-01,0.017,0.063
2021-07-02,0.426,0.949
2021-07-03,7.168,5.766
2021-07-04,1.847,0.143
2021-07-05,4.573,6.658
2021-07-06,0.258,0.31
2021-07-07,0.04,0.009
2021-07-08,0.921,0.841
2021-07-09,4.709,3.39
2021-07-10,2.308,3.127
2021-07-11,7.156,7.572
2021-07-12,15.79,23.718
2021-07-13,30.464,36.485
2021-07-14,8.307,7.078
2021-07-15,4.342,5.151
2021-07-16,2.474,3.4
2021-07-17,0.497,0.36
2021-07-18,3.719,3.337
2021-07-19,24.863,30.391
2021-07-20,20.646,17.13
2021-07-21,25.523,10.284
2021-07-22,1.895,2.767
2021-07-23,3.445,8.136
2021-07-24,1.028,2.561
2021-07-25,3.497,3.023
2021-07-26,5.459,7.754
2021-07-27,10.217,10.108
2021-07-28,30.679,26.555
2021-07-29,35.392,14.204
2021-07-30,16.248,12.883
2021-07-31,3.686,8.095
2021-08-01,2.703,2.379
2021-08-02,3.172,1.609
2021-08-03,4.49,4.538
2021-08-04,7.98,2.815
2021-08-05,5.382,9.313
2021-08-06,8.032,4.318
2021-08-07,1.101,2.99
2021-08-08,1.499,2.689
2021-08-09,4.27,7.084
2021-08-10,3.417,4.365
2021-08-11,1.717,2.198
2021-08-12,1.634,3.457
2021-08-13,2.21,6.333
2021-08-14,2.068,2.232
2021-08-15,1.395,3.232
2021-08-16,1.963,1.915
2021-08-17,0.071,0.0
2021-08-18,0.0,0.0
2021-08-19,0.435,0.401
2021-08-20,2.854,8.064
2021-08-21,2.97,5.087
2021-08-22,13.178,9.736
2021-08-23,11.504,3.226
2021-08-24,0.914,1.289
2021-08-25,3.316,4.22
2021-08-26,3.62,5.925
2021-08-27,2.654,3.269
2021-08-28,5.617,10.125
2021-08-29,1.162,1.517
2021-08-30,2.539,4.613
2021-08-31,5.4,3.195
2021-09-01,1.338,2.467
2021-09-02,0.712,1.437
2021-09-03,2.739,3.235
2021-09-04,12.74,3.174
2021-09-05,1.068,0.189
2021-09-06,1.201,0.472
2021-09-07,2.697,2.181
2021-09-08,6.847,16.811
2021-09-09,6.177,8.239
2021-09-10,10.18,10.48
2021-09-11,21.508,10.708
2021-09-12,18.623,10.48
2021-09-13,10.348,17.688
2021-09-14,1.623,4.638
2021-09-15,0.33,1.785
2021-09-16,1.686,2.606
2021-09-17,8.612,11.351
2021-09-18,0.853,0.877
2021-09-19,0.075,0.371
2021-09-20,0.631,4.445
2021-09-21,10.969,11.148
2021-09-22,5.245,3.355
2021-09-23,14.465,8.978
2021-09-24,22.363,16.429
2021-09-25,0.016,0.083
2021-09-26,0.0,0.337
2021-09-27,2.598,2.349
2021-09-28,0.0,0.584
2021-09-29,0.776,1.561
2021-09-30,1.08,0.899
2021-10-01,1.294,3.494
2021-10-02,2.044,2.786
2021-10-03,2.283,1.141
2021-10-04,0.197,0.083
2021-10-05,6.437,1.175
2021-10-06,0.241,0.074
2021-10-07,0.0,0.0
2021-10-08,0.0,0.0
2021-10-09,0.0,0.0
2021-10-10,0.132,0.245
2021-10-11,0.027,0.021
2021-10-12,0.001,0.008
2021-10-13,0.0,0.0
2021-10-14,0.0,0.0
2021-10-15,0.0,0.0
2021-10-16,0.0,0.0
2021-10-17,0.072,0.082
2021-10-18,1.611,10.343
2021-10-19,0.533,14.528
2021-10-20,0.0,0.0
2021-10-21,0.0,0.04
2021-10-22,0.0,0.0
2021-10-23,0.23,0.398
2021-10-24,16.907,11.385
2021-10-25,8.13,11.416
2021-10-26,0.0,0.029
2021-10-27,0.082,1.109
2021-10-28,0.118,0.133
2021-10-29,0.0,0.0
2021-10-30,0.0,0.0
2021-10-31,0.0,0.0
2021-11-01,0.0,0.0
2021-11-02,0.171,0.027
2021-11-03,0.246,1.287
2021-11-04,0.0,0.001
2021-11-05,0.0,0.0
2021-11-06,0.0,0.0
2021-11-07,0.0,0.0
2021-11-08,0.0,0.0
2021-11-09,0.0,0.0
2021-11-10,0.0,0.0
2021-11-11,0.0,0.0
2021-11-12,0.0,0.0
2021-11-13,0.0,0.0
2021-11-14,0.0,0.0
2021-11-15,0.0,0.0
2021-11-16,0.0,0.0
2021-11-17,0.0,0.0
2021-11-18,0.0,0.0
2021-11-19,0.0,0.0
2021-11-20,0.0,0.0
2021-11-21,0.0,0.0
2021-11-22,0.0,0.0
2021-11-23,0.0,0.0
2021-11-24,0.0,0.0
2021-11-25,0.0,0.0
2021-11-26,0.0,0.0
2021-11-27,0.0,0.0
2021-11-28,0.0,0.0
2021-11-29,0.0,0.0
2021-11-30,0.0,0.0
2021-12-01,0.0,0.0
2021-12-02,0.0,0.056
2021-12-03,0.158,2.142
2021-12-04,0.103,1.529
2021-12-05,0.005,0.066
2021-12-06,1.337,7.297
2021-12-07,0.334,2.516
2021-12-08,0.0,0.0
2021-12-09,0.0,0.0
2021-12-10,0.0,0.0
2021-12-11,0.0,0.0
2021-12-12,0.0,0.0
2021-12-13,0.0,0.0
2021-12-14,0.0,0.0
2021-12-15,0.0,0.0
2021-12-16,0.0,0.0
2021-12-17,0.081,0.146
2021-12-18,0.01,0.878
2021-12-19,0.0,0.0
2021-12-20,0.0,0.0
2021-12-21,0.0,0.0
2021-12-22,0.0,0.0
2021-12-23,0.001,0.0
2021-12-24,0.004,0.193
2021-12-25,0.0,0.136
2021-12-26,0.0,0.0
2021-12-27,0.366,1.755
2021-12-28,0.0,0.016
2021-12-29,0.005,0.016
2021-12-30,0.0,0.0
2021-12-31,0.0,0.0
2022-01-01,0.0,0.0
2022-01-02,0.0,0.023
2022-01-03,0.0,0.03
2022-01-04,0.502,1.474
2022-01-05,4.277,12.131
2022-01-06,29.122,26.118
2022-01-07,5.066,1.534
2022-01-08,26.399,13.446
2022-01-09,25.48,24.445
2022-01-10,6.164,18.638
2022-01-11,0.009,1.479
2022-01-12,0.098,0.669
2022-01-13,0.0,0.005
2022-01-14,0.0,0.0
2022-01-15,0.0,0.0
2022-01-16,0.0,0.0
2022-01-17,0.0,0.0
2022-01-18,0.017,0.304
2022-01-19,0.0,0.016
2022-01-20,1.848,3.114
2022-01-21,0.202,0.287
2022-01-22,0.877,1.993
2022-01-23,20.407,17.626
2022-01-24,9.55,19.799
2022-01-25,0.926,2.348
2022-01-26,0.247,2.691
2022-01-27,0.195,0.623
2022-01-28,0.0,0.0
2022-01-29,0.0,0.0
2022-01-30,0.0,0.0
2022-01-31,0.0,0.0
2022-02-01,0.0,0.023
2022-02-02,0.0,0.0
2022-02-03,5.5,5.402
2022-02-04,13.31,15.879
2022-02-05,1.262,4.808
2022-02-06,0.05,0.51
2022-02-07,0.008,0.182
2022-02-08,0.0,0.002
2022-02-09,0.0,0.53
2022-02-10,0.042,0.142
2022-02-11,0.0,0.0
2022-02-12,0.0,0.0
2022-02-13,0.0,0.0
2022-02-14,0.0,0.0
2022-02-15,0.0,0.0
2022-02-16,0.0,0.026
2022-02-17,0.0,0.0
2022-02-18,0.0,0.0
2022-02-19,0.0,0.061
2022-02-20,0.009,0.176
2022-02-21,0.0,0.006
2022-02-22,0.017,0.165
2022-02-23,1.485,8.97
2022-02-24,0.566,4.506
2022-02-25,1.168,8.935
2022-02-26,5.843,5.393
2022-02-27,3.648,6.82
2022-02-28,0.0,0.0
2022-03-01,0.004,0.0
2022-03-02,0.047,0.284
2022-03-03,0.024,0.033
2022-03-04,1.643,5.187
2022-03-05,0.0,0.043
2022-03-06,0.0,0.0
2022-03-07,0.0,0.019
2022-03-08,0.0,0.0
2022-03-09,0.0,0.0
2022-03-10,0.036,0.0
2022-03-11,0.0,0.0
2022-03-12,0.0,0.0
2022-03-13,0.0,0.0
2022-03-14,0.0,0.0
2022-03-15,0.0,0.0
2022-03-16,0.0,0.0
2022-03-17,0.0,0.0
2022-03-18,0.0,0.0
2022-03-19,0.0,0.003
2022-03-20,0.011,0.263
2022-03-21,0.0,0.078
2022-03-22,0.0,0.0
2022-03-23,0.0,0.0
2022-03-24,0.0,0.007
2022-03-25,0.001,0.033
2022-03-26,0.0,0.0
2022-03-27,0.0,0.0
2022-03-28,0.0,0.0
2022-03-29,0.0,0.0
2022-03-30,0.0,0.0
2022-03-31,0.0,0.0
2022-04-01,0.0,0.0
2022-04-02,0.0,0.0
2022-04-03,0.0,0.0
2022-04-04,0.0,0.0
2022-04-05,0.0,0.0
2022-04-06,0.0,0.0
2022-04-07,0.0,0.0
2022-04-08,0.0,0.0
2022-04-09,0.0,0.0
2022-04-10,0.001,0.014
2022-04-11,0.0,0.0
2022-04-12,0.0,0.0
2022-04-13,0.004,0.086
2022-04-14,0.317,3.164
2022-04-15,0.17,0.388
2022-04-16,0.075,0.187
2022-04-17,0.193,0.957
2022-04-18,0.0,0.0
2022-04-19,0.013,0.076
2022-04-20,0.02,0.292
2022-04-21,0.0,0.009
2022-04-22,0.628,2.479
2022-04-23,0.088,0.234
2022-04-24,0.004,0.065
2022-04-25,0.0,0.0
2022-04-26,0.037,0.282
2022-04-27,0.0,0.0
2022-04-28,0.0,0.0
2022-04-29,0.049,0.601
2022-04-30,0.029,0.047
2022-05-01,0.1,0.781
2022-05-02,0.082,0.21
2022-05-03,0.128,0.01
2022-05-04,1.759,5.796
2022-05-05,3.587,2.57
2022-05-06,0.042,0.2
2022-05-07,0.247,1.081
2022-05-08,0.0,0.0
2022-05-09,0.0,0.076
2022-05-10,1.091,5.323
2022-05-11,0.109,1.709
2022-05-12,0.247,1.406
2022-05-13,0.524,1.623
2022-05-14,0.0,0.0
2022-05-15,0.0,0.0
2022-05-16,0.012,0.048
2022-05-17,0.4,2.268
2022-05-18,0.271,0.659
2022-05-19,0.062,0.151
2022-05-20,0.079,0.509
2022-05-21,0.242,1.52
2022-05-22,0.414,0.494
2022-05-23,7.107,4.66
2022-05-24,7.253,7.577
2022-05-25,2.638,7.977
2022-05-26,0.0,0.0
2022-05-27,0.0,0.0
2022-05-28,0.149,0.442
2022-05-29,3.21,2.985
2022-05-30,0.036,0.179
2022-05-31,2.183,3.008
2022-06-01,0.051,0.082
2022-06-02,0.036,0.002
2022-06-03,0.0,0.04
2022-06-04,0.0,0.0
2022-06-05,0.0,0.0
2022-06-06,0.0,0.0
2022-06-07,0.0,0.0
2022-06-08,0.0,0.117
2022-06-09,0.079,0.313
2022-06-10,0.026,0.121
2022-06-11,0.01,0.528
2022-06-12,0.516,1.236
2022-06-13,0.905,1.272
2022-06-14,0.0,0.0
2022-06-15,0.013,0.28
2022-06-16,5.419,6.721
2022-06-17,9.288,5.059
2022-06-18,9.861,7.126
2022-06-19,5.029,8.446
2022-06-20,0.0,0.835
2022-06-21,8.117,3.364
2022-06-22,5.825,4.086
2022-06-23,0.357,0.862
2022-06-24,0.0,0.0
2022-06-25,0.0,0.015
2022-06-26,0.0,0.0
2022-06-27,0.107,0.115
2022-06-28,3.345,4.014
2022-06-29,5.528,7.34
2022-06-30,6.117,9.433
2022-07-01,24.382,8.621
2022-07-02,2.243,3.867
2022-07-03,10.089,14.224
2022-07-04,2.734,9.26
2022-07-05,1.17,2.724
2022-07-06,7.657,21.52
2022-07-07,3.343,0.895
2022-07-08,5.972,14.287
2022-07-09,1.105,2.443
2022-07-10,17.741,12.031
2022-07-11,7.182,9.181
2022-07-12,1.84,1.866
2022-07-13,7.605,12.013
2022-07-14,4.816,6.395
2022-07-15,30.3,23.262
2022-07-16,10.597,5.833
2022-07-17,17.898,10.8
2022-07-18,2.186,2.301
2022-07-19,0.094,0.094
2022-07-20,12.601,15.346
2022-07-21,39.095,9.961
2022-07-22,8.829,1.754
2022-07-23,7.089,7.292
2022-07-24,8.518,9.876
2022-07-25,3.14,4.656
2022-07-26,2.006,4.755
2022-07-27,4.324,7.249
2022-07-28,8.224,13.955
2022-07-29,15.329,9.987
2022-07-30,13.851,11.851
2022-07-31,16.32,12.341
2022-08-01,21.648,19.116
2022-08-02,0.58,0.189
2022-08-03,0.101,0.048
2022-08-04,4.804,7.316
2022-08-05,7.283,13.367
2022-08-06,9.32,10.168
2022-08-07,3.283,10.339
2022-08-08,4.132,5.711
2022-08-09,0.77,3.242
2022-08-10,4.401,1.906
2022-08-11,13.447,22.539
2022-08-12,4.9,8.299
2022-08-13,0.0,0.0
2022-08-14,0.245,0.307
2022-08-15,18.572,21.043
2022-08-16,6.85,9.866
2022-08-17,3.477,5.346
2022-08-18,2.373,3.233
2022-08-19,3.483,5.739
2022-08-20,11.425,26.265
2022-08-21,4.368,7.624
2022-08-22,0.091,1.573
2022-08-23,0.24,0.189
2022-08-24,5.934,9.993
2022-08-25,5.519,4.573
2022-08-26,0.737,1.638
2022-08-27,0.681,0.843
2022-08-28,0.192,0.664
2022-08-29,3.359,4.919
2022-08-30,2.449,3.839
2022-08-31,0.732,0.399
2022-09-01,1.621,2.054
2022-09-02,0.544,0.601
2022-09-03,6.034,4.822
2022-09-04,8.958,13.609
2022-09-05,1.233,1.599
2022-09-06,1.402,1.37
2022-09-07,0.331,1.007
2022-09-08,0.0,0.0
2022-09-09,0.481,0.379
2022-09-10,1.21,1.361
2022-09-11,2.931,4.39
2022-09-12,2.892,2.525
2022-09-13,0.24,0.14
2022-09-14,0.264,0.325
2022-09-15,2.036,4.16
2022-09-16,5.41,3.515
2022-09-17,0.646,2.969
2022-09-18,0.731,2.378
2022-09-19,0.0,0.337
2022-09-20,0.555,2.951
2022-09-21,1.927,7.955
2022-09-22,8.472,7.677
2022-09-23,5.336,6.286
2022-09-24,10.158,3.59
2022-09-25,57.149,29.471
2022-09-26,12.463,23.089
2022-09-27,0.067,0.886
2022-09-28,0.031,0.105
2022-09-29,0.095,1.091
2022-09-30,0.035,0.114
2022-10-01,0.0,0.051
2022-10-02,0.0,0.532
2022-10-03,0.071,0.071
2022-10-04,0.0,0.094
2022-10-05,0.0,0.218
2022-10-06,0.0,0.206
2022-10-07,0.081,0.014
2022-10-08,0.855,1.805
2022-10-09,0.813,0.147
2022-10-10,2.334,4.243
2022-10-11,11.93,14.758
2022-10-12,1.515,5.797
2022-10-13,0.455,1.608
2022-10-14,0.048,0.511
2022-10-15,0.0,0.0
2022-10-16,0.0,0.0
2022-10-17,0.0,0.0
2022-10-18,0.015,0.151
2022-10-19,0.163,0.598
2022-10-20,0.0,0.01
2022-10-21,1.329,4.157
2022-10-22,0.104,0.394
2022-10-23,0.0,0.0
2022-10-24,0.0,0.0
2022-10-25,0.0,0.0
2022-10-26,0.0,0.0
2022-10-27,0.0,0.0
2022-10-28,0.0,0.0
2022-10-29,0.0,0.0
2022-10-30,0.0,0.0
2022-10-31,0.0,0.0
2022-11-01,0.0,0.0
2022-11-02,0.001,0.161
2022-11-03,0.0,0.0
2022-11-04,0.0,0.0
2022-11-05,0.0,0.0
2022-11-06,1.042,1.085
2022-11-07,0.018,0.271
2022-11-08,0.006,0.145
2022-11-09,0.004,0.035
2022-11-10,1.559,7.032
2022-11-11,0.003,0.054
2022-11-12,0.0,0.0
2022-11-13,0.0,0.0
2022-11-14,0.556,2.0
2022-11-15,1.827,8.21
2022-11-16,0.0,0.005
2022-11-17,0.0,0.0
2022-11-18,0.0,0.0
2022-11-19,0.0,0.0
2022-11-20,0.0,0.0
2022-11-21,0.0,0.0
2022-11-22,0.0,0.0
2022-11-23,0.0,0.0
2022-11-24,0.0,0.0
2022-11-25,0.0,0.0
2022-11-26,0.0,0.0
2022-11-27,0.0,0.0
2022-11-28,0.0,0.0
2022-11-29,0.0,0.0
2022-11-30,0.0,0.0
2022-12-01,0.0,0.0
2022-12-02,0.0,0.0
2022-12-03,0.0,0.0
2022-12-04,0.0,0.0
2022-12-05,0.0,0.0
2022-12-06,0.0,0.0
2022-12-07,0.0,0.0
2022-12-08,0.0,0.0
2022-12-09,0.009,0.284
2022-12-10,0.014,0.101
2022-12-11,0.0,0.027
2022-12-12,0.0,0.0
2022-12-13,0.0,0.0
2022-12-14,0.0,0.0
2022-12-15,0.0,0.0
2022-12-16,0.0,0.0
2022-12-17,0.0,0.0
2022-12-18,0.0,0.0
2022-12-19,0.0,0.0
2022-12-20,0.0,0.0
2022-12-21,0.0,0.0
2022-12-22,0.0,0.0
2022-12-23,0.0,0.0
2022-12-24,0.0,0.0
2022-12-25,0.0,0.0
2022-12-26,0.0,0.0
2022-12-27,0.0,0.0
2022-12-28,0.0,0.0
2022-12-29,0.0,0.0
2022-12-30,1.574,4.048
2022-12-31,0.129,1.268
2023-01-01,0.0,0.0
2023-01-02,0.0,0.0
2023-01-03,0.0,0.0
2023-01-04,0.0,0.0
2023-01-05,0.0,0.0
2023-01-06,0.0,0.0
2023-01-07,0.0,0.0
2023-01-08,0.037,0.136
2023-01-09,0.024,0.294
2023-01-10,0.0,0.0
2023-01-11,0.017,0.272
2023-01-12,0.304,3.477
2023-01-13,1.34,2.574
2023-01-14,1.744,7.367
2023-01-15,0.003,0.114
2023-01-16,0.0,0.0
2023-01-17,0.0,0.0
2023-01-18,0.0,0.0
2023-01-19,0.007,0.174
2023-01-20,1.792,4.182
2023-01-21,2.732,6.806
2023-01-22,0.002,0.209
2023-01-23,0.0,0.0
2023-01-24,0.018,0.004
2023-01-25,11.599,20.15
2023-01-26,3.559,7.472
2023-01-27,0.006,0.634
2023-01-28,0.0,0.0
2023-01-29,0.0,0.0
2023-01-30,4.795,16.859
2023-01-31,4.067,8.65
2023-02-01,0.002,0.015
2023-02-02,0.0,0.0
2023-02-03,0.0,0.126
2023-02-04,0.009,0.278
2023-02-05,0.0,0.0
2023-02-06,0.253,0.905
2023-02-07,0.369,2.559
2023-02-08,0.0,0.0
2023-02-09,0.009,0.135
2023-02-10,0.892,10.474
2023-02-11,0.453,5.811
2023-02-12,0.238,1.739
2023-02-13,0.0,0.0
2023-02-14,0.0,0.0
2023-02-15,0.0,0.0
2023-02-16,0.0,0.0
2023-02-17,0.0,0.0
2023-02-18,0.0,0.0
2023-02-19,0.0,0.0
2023-02-20,0.0,0.245
2023-02-21,0.141,1.326
2023-02-22,0.699,3.34
2023-02-23,0.0,0.0
2023-02-24,0.0,0.0
2023-02-25,0.0,0.0
2023-02-26,0.0,0.0
2023-02-27,0.011,0.126
2023-02-28,0.044,0.075
2023-03-01,1.172,1.848
2023-03-02,0.11,1.36
2023-03-03,0.025,1.122
2023-03-04,0.0,0.002
2023-03-05,0.0,0.128
2023-03-06,0.0,0.003
2023-03-07,0.0,0.004
2023-03-08,0.088,0.358
2023-03-09,0.539,1.247
2023-03-10,0.0,0.007
2023-03-11,0.0,0.0
2023-03-12,0.101,0.118
2023-03-13,0.028,0.295
2023-03-14,0.377,1.006
2023-03-15,0.045,0.081
2023-03-16,1.891,2.146
2023-03-17,4.016,2.332
2023-03-18,6.751,4.356
2023-03-19,2.582,1.575
2023-03-20,0.916,2.428
2023-03-21,8.699,7.593
2023-03-22,1.097,2.968
2023-03-23,0.241,0.306
2023-03-24,1.558,0.1
2023-03-25,23.532,12.246
2023-03-26,4.201,10.124
2023-03-27,0.215,0.646
2023-03-28,0.0,0.118
2023-03-29,0.0,0.064
2023-03-30,0.282,0.125
2023-03-31,4.084,2.166
2023-04-01,8.379,9.626
2023-04-02,7.168,7.306
2023-04-03,2.464,0.531
2023-04-04,2.904,5.646
2023-04-05,0.56,1.931
2023-04-06,0.578,0.049
2023-04-07,0.002,0.027
2023-04-08,0.0,0.0
2023-04-09,0.0,0.022
2023-04-10,0.0,0.0
2023-04-11,0.0,0.016
2023-04-12,0.0,0.0
2023-04-13,0.0,0.0
2023-04-14,0.0,0.0
2023-04-15,0.0,0.094
2023-04-16,0.011,0.216
2023-04-17,0.029,0.01
2023-04-18,0.126,0.342
2023-04-19,4.956,11.956
2023-04-20,4.652,21.991
2023-04-21,5.883,14.967
2023-04-22,0.178,0.957
2023-04-23,0.195,0.769
2023-04-24,0.001,0.0
2023-04-25,0.0,0.007
2023-04-26,0.117,0.629
2023-04-27,1.495,6.671
2023-04-28,1.076,4.35
2023-04-29,0.067,0.129
2023-04-30,1.402,1.625
2023-05-01,4.501,3.477
2023-05-02,3.477,6.292
2023-05-03,7.54,12.064
2023-05-04,1.893,5.178
2023-05-05,1.057,0.759
2023-05-06,0.047,0.028
2023-05-07,2.771,5.597
2023-05-08,0.483,3.301
2023-05-09,0.895,9.361
2023-05-10,0.05,0.192
2023-05-11,0.0,0.0
2023-05-12,0.0,0.0
2023-05-13,0.0,0.0
2023-05-14,0.185,0.354
2023-05-15,0.015,0.462
2023-05-16,0.035,0.102
2023-05-17,0.044,0.097
2023-05-18,4.526,0.628
2023-05-19,0.079,0.43
2023-05-20,0.007,0.388
2023-05-21,0.0,0.068
2023-05-22,0.0,0.0
2023-05-23,0.0,0.001
2023-05-24,3.815,3.946
2023-05-25,11.836,17.665
2023-05-26,6.104,6.771
2023-05-27,4.455,2.517
2023-05-28,0.534,0.73
2023-05-29,0.247,0.12
2023-05-30,8.233,9.474
2023-05-31,8.191,7.534
2023-06-01,18.1,19.783
2023-06-02,3.231,3.952
2023-06-03,0.038,0.208
2023-06-04,0.012,0.247
2023-06-05,0.002,0.107
2023-06-06,0.811,3.037
2023-06-07,2.166,0.824
2023-06-08,0.051,0.206
2023-06-09,0.014,0.244
2023-06-10,0.167,0.466
2023-06-11,4.898,2.038
2023-06-12,0.023,0.181
2023-06-13,0.0,0.111
2023-06-14,3.3,3.357
2023-06-15,10.995,3.438
2023-06-16,0.274,0.319
2023-06-17,0.16,0.052
2023-06-18,0.069,0.242
2023-06-19,5.086,3.952
2023-06-20,0.646,0.411
2023-06-21,0.39,0.977
2023-06-22,3.121,1.467
2023-06-23,3.891,3.291
2023-06-24,6.145,8.75
2023-06-25,4.61,8.521
2023-06-26,23.607,10.453
2023-06-27,5.309,5.129
2023-06-28,2.098,4.238
2023-06-29,2.799,2.017
2023-06-30,2.967,2.021
2023-07-01,3.594,2.564
2023-07-02,1.181,1.479
2023-07-03,1.237,1.074
2023-07-04,5.506,6.76
2023-07-05,14.682,6.825
2023-07-06,23.238,14.724
2023-07-07,10.861,7.751
2023-07-08,5.294,4.133
2023-07-09,80.582,87.89
2023-07-10,45.124,60.996
2023-07-11,17.655,23.192
2023-07-12,1.052,4.083
2023-07-13,4.428,8.402
2023-07-14,3.358,4.134
2023-07-15,5.765,7.274
2023-07-16,10.743,19.175
2023-07-17,6.732,8.234
2023-07-18,6.059,6.76
2023-07-19,11.207,13.539
2023-07-20,5.047,7.346
2023-07-21,3.815,7.762
2023-07-22,14.388,21.165
2023-07-23,17.505,8.515
2023-07-24,0.578,1.77
2023-07-25,6.496,10.574
2023-07-26,11.807,5.891
2023-07-27,6.844,7.825
2023-07-28,13.026,10.564
2023-07-29,5.794,8.961
2023-07-30,3.808,3.341
2023-07-31,1.038,0.849
2023-08-01,1.421,0.988
2023-08-02,2.051,1.665
2023-08-03,6.196,5.048
2023-08-04,3.514,3.777
2023-08-05,7.875,5.769
2023-08-06,2.403,0.915
2023-08-07,10.386,8.99
2023-08-08,1.782,2.13
2023-08-09,2.13,1.786
2023-08-10,6.693,4.031
2023-08-11,16.205,18.49
2023-08-12,9.941,11.223
2023-08-13,10.04,11.299
2023-08-14,25.561,35.557
2023-08-15,7.696,13.088
2023-08-16,1.543,0.755
2023-08-17,2.274,1.524
2023-08-18,1.334,1.948
2023-08-19,0.965,1.857
2023-08-20,0.97,0.87
2023-08-21,2.127,0.776
2023-08-22,6.904,5.282
2023-08-23,17.962,18.173
2023-08-24,8.362,11.855
2023-08-25,4.72,4.596
2023-08-26,4.347,4.304
2023-08-27,0.257,0.059
2023-08-28,3.977,2.261
2023-08-29,3.361,1.287
2023-08-30,0.422,0.085
2023-08-31,0.0,0.0
2023-09-01,0.991,0.995
2023-09-02,1.479,1.367
2023-09-03,0.745,0.751
2023-09-04,0.007,0.02
2023-09-05,2.848,5.122
2023-09-06,0.0,0.281
2023-09-07,0.004,0.397
2023-09-08,0.0,0.199
2023-09-09,1.92,1.55
2023-09-10,1.051,0.581
2023-09-11,1.876,1.655
2023-09-12,1.671,0.213
2023-09-13,1.594,0.784
2023-09-14,2.976,0.688
2023-09-15,3.964,6.454
2023-09-16,9.145,7.478
2023-09-17,5.115,2.337
2023-09-18,18.388,13.644
2023-09-19,12.215,9.613
2023-09-20,9.404,1.898
2023-09-21,1.172,0.696
2023-09-22,0.492,0.823
2023-09-23,6.753,2.014
2023-09-24,3.185,0.743
2023-09-25,1.794,0.052
2023-09-26,0.0,0.065
2023-09-27,0.0,0.0
2023-09-28,0.0,0.0
2023-09-29,0.0,0.0
2023-09-30,0.009,0.262
2023-10-01,0.07,0.888
2023-10-02,0.041,0.82
2023-10-03,0.186,1.818
2023-10-04,0.0,0.083
2023-10-05,0.0,0.0
2023-10-06,0.0,0.0
2023-10-07,0.0,0.0
2023-10-08,0.0,0.0
2023-10-09,0.0,0.0
2023-10-10,6.149,5.089
2023-10-11,0.041,0.041
2023-10-12,0.0,0.0
2023-10-13,0.0,0.0
2023-10-14,0.04,0.006
2023-10-15,4.9,4.669
2023-10-16,4.909,1.538
2023-10-17,10.752,12.498
2023-10-18,1.541,2.285
2023-10-19,0.0,0.0
2023-10-20,0.0,0.0
2023-10-21,0.0,0.0
2023-10-22,0.369,0.0
2023-10-23,0.0,0.012
2023-10-24,0.131,0.206
2023-10-25,0.0,0.0
2023-10-26,0.0,0.046
2023-10-27,0.0,0.0
2023-10-28,0.0,0.0
2023-10-29,0.011,0.001
2023-10-30,0.0,0.0
2023-10-31,0.0,0.0
2023-11-01,0.0,0.0
2023-11-02,0.0,0.0
2023-11-03,0.0,0.0
2023-11-04,0.0,0.0
2023-11-05,0.0,0.0
2023-11-06,0.0,0.0
2023-11-07,0.0,0.0
2023-11-08,0.0,0.0
2023-11-09,0.0,0.0
2023-11-10,1.761,0.889
2023-11-11,9.803,9.791
2023-11-12,0.0,0.0
2023-11-13,0.0,0.0
2023-11-14,0.0,0.0
2023-11-15,0.0,0.0
2023-11-16,0.0,0.0
2023-11-17,0.0,0.0
2023-11-18,0.0,0.0
2023-11-19,0.0,0.0
2023-11-20,0.0,0.0
2023-11-21,0.0,0.0
2023-11-22,0.0,0.0
2023-11-23,0.0,0.0
2023-11-24,0.0,0.0
2023-11-25,0.0,0.0
2023-11-26,0.0,0.0
2023-11-27,0.0,0.0
2023-11-28,0.174,0.089
2023-11-29,0.02,0.0
2023-11-30,3.008,1.904
2023-12-01,4.127,4.44
2023-12-02,0.098,0.69
2023-12-03,0.0,0.0
2023-12-04,0.02,0.021
2023-12-05,0.291,0.754
2023-12-06,0.0,0.0
2023-12-07,0.0,0.0
2023-12-08,0.0,0.0
2023-12-09,0.0,0.0
2023-12-10,0.0,0.0
2023-12-11,0.0,0.0
2023-12-12,0.0,0.0
2023-12-13,0.0,0.07
2023-12-14,0.0,0.0
2023-12-15,0.0,0.0
2023-12-16,0.0,0.0
2023-12-17,0.032,0.0
2023-12-18,0.0,0.0
2023-12-19,0.0,0.0
2023-12-20,0.0,0.0
2023-12-21,0.0,0.0
2023-12-22,0.0,0.0
2023-12-23,0.0,0.018
2023-12-24,0.015,0.252
2023-12-25,0.0,0.0
2023-12-26,0.0,0.0
2023-12-27,0.0,0.0
2023-12-28,0.0,0.0
2023-12-29,0.0,0.0
2023-12-30,0.0,0.0
2023-12-31,0.0,0.0
2024-01-01,0.0,0.0
2024-01-02,0.0,0.0
2024-01-03,0.0,0.0
2024-01-04,0.0,0.0
2024-01-05,0.0,0.0
2024-01-06,0.0,0.0
2024-01-07,0.0,0.0
2024-01-08,0.0,0.0
2024-01-09,0.0,0.0
2024-01-10,0.0,0.0
2024-01-11,0.0,0.0
2024-01-12,0.0,0.0
2024-01-13,0.0,0.0
2024-01-14,0.0,0.0
2024-01-15,0.0,0.0
2024-01-16,0.0,0.0
2024-01-17,0.0,0.0
2024-01-18,0.0,0.04
2024-01-19,0.0,0.0
2024-01-20,0.0,0.0
2024-01-21,0.0,0.0
2024-01-22,0.0,0.0
2024-01-23,0.0,0.0
2024-01-24,0.0,0.0
2024-01-25,0.0,0.0
2024-01-26,0.017,0.032
2024-01-27,0.007,0.042
2024-01-28,0.0,0.0
2024-01-29,0.0,0.0
2024-01-30,0.0,0.0
2024-01-31,1.959,4.62
2024-02-01,9.985,13.951
2024-02-02,7.263,14.228
2024-02-03,0.033,0.017
2024-02-04,3.345,3.911
2024-02-05,6.712,16.817
2024-02-06,0.316,0.955
2024-02-07,0.004,0.083
2024-02-08,0.0,0.0
2024-02-09,0.0,0.0
2024-02-10,0.0,0.0
2024-02-11,0.0,0.0
2024-02-12,0.0,0.0
2024-02-13,0.0,0.0
2024-02-14,0.0,0.0
2024-02-15,0.0,0.0
2024-02-16,0.0,0.0
2024-02-17,0.0,0.0
2024-02-18,0.0,0.0
2024-02-19,0.65,8.329
2024-02-20,4.404,19.218
2024-02-21,1.394,7.891
2024-02-22,0.194,1.675
2024-02-23,0.0,0.012
2024-02-24,0.0,0.353
2024-02-25,0.138,1.033
2024-02-26,0.0,0.0
2024-02-27,0.055,2.137
2024-02-28,0.0,0.256
2024-02-29,0.0,0.0
2024-03-01,0.094,1.439
2024-03-02,5.606,35.96
2024-03-03,19.891,36.84
2024-03-04,2.802,11.012
2024-03-05,0.0,0.0
2024-03-06,0.0,0.394
2024-03-07,0.057,0.985
2024-03-08,0.021,0.081
2024-03-09,0.0,0.0
2024-03-10,0.0,0.0
2024-03-11,0.022,0.776
2024-03-12,0.192,1.779
2024-03-13,0.052,0.211
2024-03-14,0.82,7.315
2024-03-15,0.002,0.002
2024-03-16,0.0,0.0
2024-03-17,0.001,0.058
2024-03-18,0.0,0.0
2024-03-19,0.0,0.223
2024-03-20,0.057,0.098
2024-03-21,0.0,0.0
2024-03-22,0.708,3.971
2024-03-23,0.013,0.147
2024-03-24,0.145,0.006
2024-03-25,0.03,0.003
2024-03-26,0.0,0.0
2024-03-27,0.153,0.0
2024-03-28,0.15,0.15
2024-03-29,0.061,1.51
2024-03-30,8.017,15.124
2024-03-31,4.439,15.126
2024-04-01,0.089,1.073
2024-04-02,0.0,0.0
2024-04-03,0.0,0.0
2024-04-04,0.033,0.408
2024-04-05,0.0,0.06
2024-04-06,0.05,0.63
2024-04-07,0.0,0.006
2024-04-08,0.101,0.679
2024-04-09,0.01,0.05
2024-04-10,0.02,0.093
2024-04-11,0.191,0.525
2024-04-12,0.114,0.552
2024-04-13,0.0,0.0
2024-04-14,0.547,1.048
2024-04-15,0.659,3.598
2024-04-16,4.344,9.855
2024-04-17,0.048,0.581
2024-04-18,0.005,0.053
2024-04-19,0.813,1.241
2024-04-20,3.498,7.888
2024-04-21,0.093,0.848
2024-04-22,0.225,0.906
2024-04-23,0.238,0.801
2024-04-24,0.512,0.493
2024-04-25,0.063,1.127
2024-04-26,0.0,0.005
2024-04-27,1.925,5.509
2024-04-28,0.658,6.607
2024-04-29,0.799,1.861
2024-04-30,4.304,16.786
2024-05-01,0.013,1.559
2024-05-02,0.112,0.61
2024-05-03,0.0,0.0
2024-05-04,0.038,0.16
2024-05-05,0.007,0.157
2024-05-06,0.0,0.0
2024-05-07,0.001,0.22
2024-05-08,0.03,0.083
2024-05-09,0.068,0.502
2024-05-10,0.11,0.576
2024-05-11,1.683,1.513
2024-05-12,0.615,1.014
2024-05-13,0.998,3.741
2024-05-14,0.0,0.0
2024-05-15,0.0,0.0
2024-05-16,0.0,0.079
2024-05-17,0.0,0.0
2024-05-18,0.068,0.175
2024-05-19,0.0,0.212
2024-05-20,0.0,0.304
2024-05-21,0.006,0.443
2024-05-22,0.009,0.262
2024-05-23,0.064,0.117
2024-05-24,0.241,0.783
2024-05-25,1.704,2.915
2024-05-26,0.0,0.0
2024-05-27,0.002,0.026
2024-05-28,0.0,0.0
2024-05-29,0.007,0.064
2024-05-30,0.027,0.035
2024-05-31,0.172,2.518
2024-06-01,0.0,0.01
2024-06-02,0.269,0.436
2024-06-03,0.008,0.005
2024-06-04,0.84,1.118
2024-06-05,0.02,1.018
2024-06-06,4.007,7.703
2024-06-07,0.436,0.246
2024-06-08,0.002,0.0
2024-06-09,0.0,0.014
2024-06-10,0.0,0.103
2024-06-11,0.001,0.109
2024-06-12,0.146,0.774
2024-06-13,0.0,0.0
2024-06-14,0.057,0.046
2024-06-15,0.01,0.079
2024-06-16,0.0,0.0
2024-06-17,0.002,0.109
2024-06-18,0.613,1.32
2024-06-19,0.135,0.784
2024-06-20,6.286,5.517
2024-06-21,2.183,0.645
2024-06-22,0.068,1.055
2024-06-23,0.008,0.478
2024-06-24,0.373,2.923
2024-06-25,1.028,1.958
2024-06-26,0.159,0.834
2024-06-27,7.649,4.538
2024-06-28,4.21,3.562
2024-06-29,1.788,3.048
2024-06-30,4.204,2.107
2024-07-01,2.681,1.266
2024-07-02,4.542,4.011
2024-07-03,8.69,6.855
2024-07-04,15.567,8.729
2024-07-05,4.201,6.638
2024-07-06,24.66,22.118
2024-07-07,7.722,1.173
2024-07-08,0.8,3.729
2024-07-09,3.389,2.013
2024-07-10,0.666,0.406
2024-07-11,1.252,0.538
2024-07-12,2.09,0.724
2024-07-13,6.9,3.262
2024-07-14,0.0,0.449
2024-07-15,0.253,0.862
2024-07-16,0.307,1.16
2024-07-17,2.466,1.459
2024-07-18,10.761,8.428
2024-07-19,0.728,0.698
2024-07-20,0.745,0.487
2024-07-21,3.815,4.877
2024-07-22,5.341,6.415
2024-07-23,12.604,12.658
2024-07-24,3.005,2.181
2024-07-25,4.751,5.243
2024-07-26,5.072,4.218
2024-07-27,3.447,2.514
2024-07-28,9.34,12.168
2024-07-29,8.182,13.073
2024-07-30,1.173,2.938
2024-07-31,4.377,5.208
2024-08-01,33.548,24.428
2024-08-02,9.868,1.788
2024-08-03,7.375,10.077
2024-08-04,1.321,1.462
2024-08-05,2.498,3.862
2024-08-06,4.732,5.011
2024-08-07,5.01,7.602
2024-08-08,6.922,7.737
2024-08-09,7.18,9.651
2024-08-10,4.475,3.84
2024-08-11,22.689,18.265
2024-08-12,20.86,14.293
2024-08-13,1.547,1.359
2024-08-14,4.136,3.562
2024-08-15,13.257,10.121
2024-08-16,5.036,5.731
2024-08-17,9.005,8.328
2024-08-18,3.483,1.148
2024-08-19,8.321,9.664
2024-08-20,12.406,9.574
2024-08-21,3.428,2.005
2024-08-22,3.208,0.315
2024-08-23,3.111,0.614
2024-08-24,1.766,2.481
2024-08-25,2.125,3.413
2024-08-26,0.476,2.132
2024-08-27,13.076,9.029
2024-08-28,10.064,7.488
2024-08-29,10.569,5.57
2024-08-30,13.225,6.211
2024-08-31,1.932,1.913
2024-09-01,0.001,0.001
2024-09-02,3.034,5.209
2024-09-03,8.137,10.213
2024-09-04,16.993,7.32
2024-09-05,3.784,1.745
2024-09-06,5.739,6.606
2024-09-07,4.632,4.704
2024-09-08,2.27,2.607
2024-09-09,0.498,0.709
2024-09-10,3.378,5.241
2024-09-11,3.895,4.071
2024-09-12,0.033,0.829
2024-09-13,2.758,5.204
2024-09-14,6.291,12.608
2024-09-15,2.167,1.642
2024-09-16,1.646,1.685
2024-09-17,0.048,0.049
2024-09-18,0.968,2.041
2024-09-19,0.835,4.663
2024-09-20,0.608,1.052
2024-09-21,0.0,0.0
2024-09-22,0.0,0.0
2024-09-23,0.0,0.005
2024-09-24,0.002,0.002
2024-09-25,0.0,0.04
2024-09-26,10.032,8.291
2024-09-27,4.881,3.98
2024-09-28,3.495,1.871
2024-09-29,0.462,0.151
2024-09-30,0.0,0.0
2024-10-01,0.0,0.0
2024-10-02,0.0,0.0
2024-10-03,0.0,0.0
2024-10-04,0.0,0.0
2024-10-05,0.124,0.0
2024-10-06,3.598,1.104
2024-10-07,0.0,0.0
2024-10-08,0.0,0.0
2024-10-09,0.017,0.0
2024-10-10,0.0,0.044
2024-10-11,0.0,0.001
2024-10-12,0.0,0.0
2024-10-13,0.0,0.0
2024-10-14,0.0,0.0
2024-10-15,0.0,0.0
2024-10-16,0.0,0.0
2024-10-17,0.002,0.002
2024-10-18,0.037,0.037
2024-10-19,0.005,0.005
2024-10-20,0.0,0.0
2024-10-21,0.0,0.0
2024-10-22,0.0,0.0
2024-10-23,0.0,0.76
2024-10-24,0.0,0.0
2024-10-25,0.0,0.0
2024-10-26,0.0,0.0
2024-10-27,0.0,0.0
2024-10-28,0.0,0.0
2024-10-29,0.0,0.0
2024-10-30,0.0,0.0
2024-10-31,0.0,0.0
2024-11-01,0.0,0.0
2024-11-02,0.0,0.0
2024-11-03,0.0,0.0
2024-11-04,0.0,0.0
2024-11-05,0.0,0.0
2024-11-06,0.0,0.0
2024-11-07,0.0,0.0
2024-11-08,0.0,0.0
2024-11-09,0.0,0.0
2024-11-10,0.0,0.0
2024-11-11,0.0,0.0
2024-11-12,0.143,0.418
2024-11-13,0.0,0.0
2024-11-14,0.0,0.0
2024-11-15,0.0,0.0
2024-11-16,0.0,0.0
2024-11-17,0.0,0.033
2024-11-18,0.0,0.0
2024-11-19,0.0,0.0
2024-11-20,0.0,0.0
2024-11-21,0.0,0.0
2024-11-22,0.0,0.0
2024-11-23,0.0,0.0
2024-11-24,0.003,0.23
2024-11-25,0.0,0.0
2024-11-26,0.0,0.0
2024-11-27,0.0,0.0
2024-11-28,0.0,0.0
2024-11-29,0.0,0.0
2024-11-30,0.0,0.0
2024-12-01,0.0,0.003
2024-12-02,0.0,0.0
2024-12-03,0.0,0.0
2024-12-04,0.0,0.0
2024-12-05,0.0,0.0
2024-12-06,0.0,0.0
2024-12-07,0.0,0.0
2024-12-08,0.0,0.0
2024-12-09,0.307,1.69
2024-12-10,0.0,0.176
2024-12-11,0.0,0.0
2024-12-12,0.0,0.0
2024-12-13,0.0,0.0
2024-12-14,0.0,0.0
2024-12-15,0.0,0.0
2024-12-16,0.0,0.0
2024-12-17,0.0,0.0
2024-12-18,0.0,0.0
2024-12-19,0.0,0.0
2024-12-20,0.0,0.0
2024-12-21,0.0,0.0
2024-12-22,0.0,0.0
2024-12-23,0.979,0.004
2024-12-24,1.363,3.696
2024-12-25,0.172,1.43
2024-12-26,0.003,0.0
2024-12-27,0.798,0.519
2024-12-28,24.149,27.619
2024-12-29,4.446,12.526
2024-12-30,0.0,0.0
2024-12-31,0.0,0.0
2025-01-01,0.0,0.0
2025-01-02,0.0,0.0
2025-01-03,0.0,0.638
2025-01-04,0.0,0.0
2025-01-05,0.0,0.0
2025-01-06,0.531,1.115
2025-01-07,0.045,0.582
2025-01-08,0.0,0.0
2025-01-09,0.0,0.0
2025-01-10,0.0,0.0
2025-01-11,0.0,0.0
2025-01-12,5.726,2.495
2025-01-13,0.977,0.273
2025-01-14,0.0,0.0
2025-01-15,0.0,0.0
2025-01-16,0.54,2.86
2025-01-17,0.584,4.014
2025-01-18,0.0,0.382
2025-01-19,0.0,1.632
2025-01-20,0.0,2.517
2025-01-21,0.006,0.522
2025-01-22,0.0,0.0
2025-01-23,0.0,0.0
2025-01-24,0.0,0.002
2025-01-25,0.0,0.0
2025-01-26,0.0,0.0
2025-01-27,0.0,0.0
2025-01-28,0.0,0.0
2025-01-29,0.0,0.0
2025-01-30,0.002,0.031
2025-01-31,0.0,0.0
2025-02-01,0.001,0.057
2025-02-02,0.011,0.359
2025-02-03,0.0,0.0
2025-02-04,0.0,0.641
2025-02-05,2.692,10.887
2025-02-06,0.181,2.301
2025-02-07,0.001,0.036
2025-02-08,0.0,0.0
2025-02-09,0.0,0.0
2025-02-10,0.0,0.0
2025-02-11,0.001,0.029
2025-02-12,0.043,0.396
2025-02-13,0.0,0.0
2025-02-14,0.0,0.0
2025-02-15,0.0,0.0
2025-02-16,0.001,0.044
2025-02-17,0.0,0.0
2025-02-18,0.0,0.0
2025-02-19,0.0,0.0
2025-02-20,4.935,2.821
2025-02-21,9.968,15.963
2025-02-22,0.0,0.007
2025-02-23,0.016,0.126
2025-02-24,0.0,0.0
2025-02-25,0.143,0.066
2025-02-26,1.163,7.96
2025-02-27,1.341,8.312
2025-02-28,20.482,55.081
2025-03-01,11.775,35.455
2025-03-02,0.142,0.142
2025-03-03,0.083,0.044
2025-03-04,1.798,10.669
2025-03-05,0.049,0.711
2025-03-06,0.0,0.0
2025-03-07,0.0,0.0
2025-03-08,0.002,0.014
2025-03-09,0.0,0.0
2025-03-10,0.009,0.09
2025-03-11,0.193,2.426
2025-03-12,0.006,0.267
2025-03-13,0.022,0.515
2025-03-14,0.114,2.664
2025-03-15,1.385,4.073
2025-03-16,2.02,11.86
2025-03-17,0.269,3.245
2025-03-18,0.004,0.008
2025-03-19,0.0,0.0
2025-03-20,0.148,0.393
2025-03-21,0.03,0.077
2025-03-22,0.111,0.386
2025-03-23,0.0,0.0
2025-03-24,0.0,0.0
2025-03-25,0.0,0.0
2025-03-26,0.0,0.0
2025-03-27,0.0,0.067
2025-03-28,0.0,0.103
2025-03-29,0.0,0.0
2025-03-30,0.0,0.0
2025-03-31,0.0,0.0
2025-04-01,0.0,0.0
2025-04-02,0.0,0.0
2025-04-03,0.0,0.0
2025-04-04,0.0,0.0
2025-04-05,0.0,0.0
2025-04-06,0.0,0.0
2025-04-07,0.0,0.0
2025-04-08,0.0,0.0
2025-04-09,0.024,0.217
2025-04-10,0.03,0.284
2025-04-11,0.686,1.518
2025-04-12,3.489,4.594
2025-04-13,0.735,1.328
2025-04-14,0.0,0.0
2025-04-15,0.0,0.0
2025-04-16,0.0,0.012
2025-04-17,3.621,6.772
2025-04-18,0.007,0.293
2025-04-19,1.193,4.371
2025-04-20,0.35,3.872
2025-04-21,1.171,9.481
2025-04-22,1.257,4.309
2025-04-23,0.0,0.01
2025-04-24,0.0,0.007
2025-04-25,0.008,0.075
2025-04-26,0.0,0.0
2025-04-27,0.0,0.008
2025-04-28,0.0,0.0
2025-04-29,0.0,0.0
2025-04-30,0.0,0.029
2025-05-01,0.0,0.0
2025-05-02,10.076,2.008
2025-05-03,0.278,1.041
2025-05-04,1.86,3.806
2025-05-05,5.128,3.391
2025-05-06,0.328,0.821
2025-05-07,0.836,1.881
2025-05-08,2.286,2.496
2025-05-09,3.149,2.53
2025-05-10,0.984,3.103
2025-05-11,0.654,1.37
2025-05-12,1.64,1.47
2025-05-13,0.028,0.269
2025-05-14,0.085,0.98
2025-05-15,0.021,0.0
2025-05-16,0.443,0.775
2025-05-17,0.03,0.28
2025-05-18,0.152,0.422
2025-05-19,1.124,2.498
2025-05-20,0.023,0.687
2025-05-21,0.291,0.328
2025-05-22,2.61,2.152
2025-05-23,0.0,0.0
2025-05-24,0.0,0.07
2025-05-25,15.456,8.034
2025-05-26,0.066,0.279
2025-05-27,0.0,0.586
2025-05-28,0.101,1.368
2025-05-29,0.391,0.599
2025-05-30,2.876,4.162
2025-05-31,0.301,1.192
2025-06-01,1.56,1.805
2025-06-02,0.312,0.772
2025-06-03,3.755,2.836
2025-06-04,5.257,4.955
2025-06-05,2.629,3.195
2025-06-06,0.057,0.281
2025-06-07,0.007,0.007
2025-06-08,0.0,0.0
2025-06-09,0.0,0.0
2025-06-10,0.0,0.0
2025-06-11,0.0,0.0
2025-06-12,0.0,0.003
2025-06-13,0.336,1.148
2025-06-14,1.702,2.683
2025-06-15,0.729,0.002
2025-06-16,1.936,3.173
2025-06-17,10.039,11.337
2025-06-18,3.496,5.9
2025-06-19,1.203,0.83
2025-06-20,0.452,0.885
2025-06-21,4.819,3.647
2025-06-22,0.941,0.795
2025-06-23,3.993,3.145
2025-06-24,8.365,3.629
2025-06-25,7.185,5.701
2025-06-26,11.129,9.096
2025-06-27,11.372,5.43
2025-06-28,3.938,5.904
2025-06-29,12.687,14.699
2025-06-30,16.124,16.94
2025-07-01,14.203,19.863
2025-07-02,4.087,3.667
2025-07-03,5.396,7.59
2025-07-04,2.664,4.789
2025-07-05,3.781,2.006
2025-07-06,10.271,7.088
2025-07-07,4.832,2.475
2025-07-08,7.283,2.917
2025-07-09,5.514,4.152
2025-07-10,14.797,9.504
2025-07-11,6.294,4.907
2025-07-12,3.676,8.292
2025-07-13,2.301,1.852
2025-07-14,2.919,3.262
2025-07-15,14.288,3.954
2025-07-16,10.608,3.744
2025-07-17,3.906,2.576
2025-07-18,3.493,6.741
2025-07-19,0.541,0.54
2025-07-20,0.435,0.616
2025-07-21,13.509,25.006
2025-07-22,14.267,14.73
2025-07-23,12.181,8.424
2025-07-24,5.23,4.943
2025-07-25,1.882,1.125
2025-07-26,1.288,3.744
2025-07-27,1.007,0.936
2025-07-28,7.781,6.751
2025-07-29,18.852,17.04
2025-07-30,11.045,16.477
2025-07-31,10.975,11.951
2025-08-01,14.606,14.261
2025-08-02,23.425,23.146
2025-08-03,5.292,5.184
2025-08-04,4.381,5.305
2025-08-05,8.237,10.904
2025-08-06,13.479,20.121
2025-08-07,6.82,7.77
2025-08-08,0.166,0.148
2025-08-09,3.551,6.777
2025-08-10,3.605,3.174
2025-08-11,5.205,4.342
2025-08-12,21.711,20.331
2025-08-13,1.391,1.628
2025-08-14,12.028,18.933
2025-08-15,15.112,16.714
2025-08-16,5.555,8.613
2025-08-17,13.265,15.613
2025-08-18,5.167,7.607
2025-08-19,3.682,6.143
2025-08-20,9.155,8.6
2025-08-21,10.985,6.54
2025-08-22,0.461,0.698
2025-08-23,6.329,5.349
2025-08-24,17.027,15.373
2025-08-25,52.526,35.061
2025-08-26,58.252,45.623
2025-08-27,20.23,22.773
2025-08-28,4.409,5.892
2025-08-29,7.141,11.986
2025-08-30,9.801,20.841
2025-08-31,23.674,15.526
2025-09-01,41.88,32.952
2025-09-02,32.223,30.046
2025-09-03,33.105,29.816
2025-09-04,10.304,14.013
2025-09-05,4.706,5.137
2025-09-06,3.197,4.122
2025-09-07,12.593,6.173
2025-09-08,7.966,3.721
2025-09-09,3.79,2.991
2025-09-10,0.804,0.715
2025-09-11,2.282,2.507
2025-09-12,1.821,1.898
2025-09-13,3.261,3.688
2025-09-14,7.703,9.202
2025-09-15,4.746,4.513
2025-09-16,4.822,7.188
2025-09-17,1.889,2.642
2025-09-18,4.432,5.008
2025-09-19,3.388,3.576
2025-09-20,2.194,2.704
2025-09-21,0.001,0.001
2025-09-22,0.002,0.056
2025-09-23,0.047,0.072
2025-09-24,0.0,0.0
2025-09-25,0.0,0.0
2025-09-26,0.0,0.0
2025-09-27,0.0,0.0
2025-09-28,0.0,0.008
2025-09-29,0.0,0.0
2025-09-30,0.196,0.001
2025-10-01,1.592,1.417
2025-10-02,0.041,0.026
2025-10-03,2.193,1.41
2025-10-04,0.043,0.012
2025-10-05,5.284,3.386
2025-10-06,7.675,8.963
2025-10-07,13.442,18.461
2025-10-08,11.596,15.788
2025-10-09,0.807,2.255
2025-10-10,0.0,0.051
2025-10-11,0.002,0.018
2025-10-12,0.0,0.0
2025-10-13,0.0,0.0
2025-10-14,0.0,0.0
2025-10-15,0.0,0.015
2025-10-16,0.0,0.0
2025-10-17,0.0,0.0
2025-10-18,0.0,0.0
2025-10-19,0.0,0.0
2025-10-20,0.0,0.0
2025-10-21,0.0,0.0
2025-10-22,0.324,1.863
2025-10-23,0.074,0.274
2025-10-24,0.238,0.657
2025-10-25,0.0,0.0
2025-10-26,0.0,0.0
2025-10-27,0.0,0.0
2025-10-28,0.0,0.0
2025-10-29,0.0,0.0
2025-10-30,0.0,0.0
2025-10-31,0.0,0.0
2025-11-01,0.0,0.0
2025-11-02,0.0,0.0
2025-11-03,0.0,0.0
2025-11-04,0.0,0.0
2025-11-05,1.877,1.026
2025-11-06,0.0,0.0
2025-11-07,0.0,0.0
2025-11-08,0.0,0.0
2025-11-09,0.0,0.0
2025-11-10,0.0,0.0
2025-11-11,0.0,0.0
2025-11-12,0.0,0.0
2025-11-13,0.0,0.0
2025-11-14,0.0,0.0
2025-11-15,0.0,0.0
2025-11-16,0.0,0.0
2025-11-17,0.0,0.0
2025-11-18,0.0,0.0
2025-11-19,0.0,0.0
2025-11-20,0.0,0.0
2025-11-21,0.0,0.0
2025-11-22,0.0,0.0
2025-11-23,0.0,0.0
2025-11-24,0.0,0.0
2025-11-25,0.0,0.0
2025-11-26,0.0,0.0
2025-11-27,0.0,0.0
2025-11-28,0.0,0.0
2025-11-29,0.0,0.0
2025-11-30,0.0,0.0
2025-12-01,0.0,0.0
2025-12-02,0.0,0.0
2025-12-03,0.0,0.0
2025-12-04,0.0,0.0
2025-12-05,0.0,0.0
2025-12-06,0.0,0.0
2025-12-07,0.0,0.0
2025-12-08,0.0,0.0
2025-12-09,0.0,0.0
2025-12-10,0.0,0.0
2025-12-11,0.0,0.0
2025-12-12,0.0,0.0
2025-12-13,0.0,0.0
2025-12-14,0.0,0.0
2025-12-15,0.0,0.0
2025-12-16,0.0,0.0
2025-12-17,0.0,0.0
2025-12-18,0.0,0.0
2025-12-19,0.0,0.0
2025-12-20,0.0,0.0
2025-12-21,0.0,0.194
2025-12-22,0.007,0.183
2025-12-23,0.004,0.001
2025-12-24,0.0,0.0
2025-12-25,0.0,0.0
2025-12-26,0.0,0.0
2025-12-27,0.0,0.0
2025-12-28,0.0,0.0
2025-12-29,0.0,0.0
2025-12-30,0.0,0.0
2025-12-31,0.0,0.0
